{
  "delta_sum_nll": {
    "n": 320,
    "mean": 0.5352084040641785,
    "median": 0.07834306359291077,
    "std": 2.103029727935791,
    "min": -15.042576789855957,
    "max": 12.438944816589355,
    "frac_positive": 0.643750011920929
  },
  "delta_mean_nll": {
    "n": 320,
    "mean": 0.29739469289779663,
    "median": 0.06901586055755615,
    "std": 1.1795376539230347,
    "min": -4.0,
    "max": 7.875,
    "frac_positive": 0.640625
  },
  "by_type_delta_sum_nll": {
    "Algebra": {
      "n": 49,
      "mean": 0.8054245710372925,
      "median": 0.4390586018562317,
      "std": 2.082371473312378,
      "min": -2.21960186958313,
      "max": 7.875,
      "frac_positive": 0.6530612111091614
    },
    "Counting & Probability": {
      "n": 21,
      "mean": -0.0030576728750020266,
      "median": -0.005213114432990551,
      "std": 1.2200989723205566,
      "min": -2.2922563552856445,
      "max": 3.54732084274292,
      "frac_positive": 0.4761904776096344
    },
    "Geometry": {
      "n": 44,
      "mean": 0.5942116379737854,
      "median": 0.27233266830444336,
      "std": 1.4192891120910645,
      "min": -3.5050086975097656,
      "max": 5.175485610961914,
      "frac_positive": 0.7272727489471436
    },
    "Intermediate Algebra": {
      "n": 43,
      "mean": 0.3861153721809387,
      "median": -0.0002675355935934931,
      "std": 1.3192377090454102,
      "min": -1.992059588432312,
      "max": 4.25,
      "frac_positive": 0.4651162922382355
    },
    "Number Theory": {
      "n": 23,
      "mean": 0.5562933683395386,
      "median": 0.011347770690917969,
      "std": 2.2369842529296875,
      "min": -1.9397099018096924,
      "max": 8.143705368041992,
      "frac_positive": 0.52173912525177
    },
    "Prealgebra": {
      "n": 63,
      "mean": 0.3298923373222351,
      "median": 0.25,
      "std": 2.6325981616973877,
      "min": -15.042576789855957,
      "max": 9.88046932220459,
      "frac_positive": 0.6349206566810608
    },
    "Precalculus": {
      "n": 77,
      "mean": 0.7212842702865601,
      "median": 0.03684544935822487,
      "std": 2.391117572784424,
      "min": -4.5780768394470215,
      "max": 12.438944816589355,
      "frac_positive": 0.7792207598686218
    }
  },
  "by_level_delta_sum_nll": {
    "Level 1": {
      "n": 104,
      "mean": 0.17338286340236664,
      "median": 0.07834306359291077,
      "std": 2.041949510574341,
      "min": -15.042576789855957,
      "max": 6.3408308029174805,
      "frac_positive": 0.625
    },
    "Level 2": {
      "n": 116,
      "mean": 0.8283761143684387,
      "median": 0.05297887325286865,
      "std": 2.2760910987854004,
      "min": -4.0,
      "max": 12.438944816589355,
      "frac_positive": 0.6896551847457886
    },
    "Level 3": {
      "n": 100,
      "mean": 0.5714326500892639,
      "median": 0.125,
      "std": 1.8893803358078003,
      "min": -4.5780768394470215,
      "max": 9.88046932220459,
      "frac_positive": 0.6100000143051147
    }
  },
  "num_records": 320,
  "num_count_mismatch_records": 65,
  "model": "Qwen/Qwen2.5-1.5B",
  "dataset": "stellaathena/math_perturbed_200",
  "split": "test",
  "levels": "Level 1,Level 2,Level 3",
  "out_jsonl": "result_num/mathperturb200_qwen15b_L1L3_numlogprob.jsonl"
}