{
  "delta_sum_nll": {
    "n": 219,
    "mean": 0.5089928507804871,
    "median": 0.13039171695709229,
    "std": 1.7559823989868164,
    "min": -5.175404071807861,
    "max": 11.135671615600586,
    "frac_positive": 0.6301369667053223
  },
  "delta_mean_nll": {
    "n": 219,
    "mean": 0.2883138358592987,
    "median": 0.04563242942094803,
    "std": 0.9841709733009338,
    "min": -3.4081716537475586,
    "max": 3.991659164428711,
    "frac_positive": 0.6164383292198181
  },
  "by_type_delta_sum_nll": {
    "Algebra": {
      "n": 27,
      "mean": 0.5202599763870239,
      "median": 0.44051694869995117,
      "std": 1.9900716543197632,
      "min": -3.5448687076568604,
      "max": 6.530149936676025,
      "frac_positive": 0.5925925970077515
    },
    "Counting & Probability": {
      "n": 14,
      "mean": 0.8719968795776367,
      "median": 0.5,
      "std": 1.223848581314087,
      "min": -0.9257875680923462,
      "max": 3.9552478790283203,
      "frac_positive": 0.7857142686843872
    },
    "Geometry": {
      "n": 27,
      "mean": 0.3454998731613159,
      "median": 0.125,
      "std": 1.3668056726455688,
      "min": -2.75,
      "max": 3.1041622161865234,
      "frac_positive": 0.5555555820465088
    },
    "Intermediate Algebra": {
      "n": 49,
      "mean": 1.040610671043396,
      "median": 0.3663583993911743,
      "std": 1.7943615913391113,
      "min": -2.5925121307373047,
      "max": 7.875,
      "frac_positive": 0.8571428656578064
    },
    "Number Theory": {
      "n": 35,
      "mean": -0.15289661288261414,
      "median": -0.005112862214446068,
      "std": 1.470684289932251,
      "min": -5.175404071807861,
      "max": 2.9529335498809814,
      "frac_positive": 0.4571428596973419
    },
    "Prealgebra": {
      "n": 38,
      "mean": 0.37149304151535034,
      "median": 0.046040892601013184,
      "std": 1.2852669954299927,
      "min": -2.7855241298675537,
      "max": 2.931110382080078,
      "frac_positive": 0.5789473652839661
    },
    "Precalculus": {
      "n": 29,
      "mean": 0.5562304854393005,
      "median": 0.04563242942094803,
      "std": 2.4080657958984375,
      "min": -3.4081716537475586,
      "max": 11.135671615600586,
      "frac_positive": 0.5517241358757019
    }
  },
  "by_level_delta_sum_nll": {
    "Level 4": {
      "n": 118,
      "mean": 0.45661425590515137,
      "median": 0.10378362983465195,
      "std": 1.6527366638183594,
      "min": -5.175404071807861,
      "max": 6.530149936676025,
      "frac_positive": 0.6355932354927063
    },
    "Level 5": {
      "n": 101,
      "mean": 0.5701876878738403,
      "median": 0.13039171695709229,
      "std": 1.8675376176834106,
      "min": -3.4081716537475586,
      "max": 11.135671615600586,
      "frac_positive": 0.6237623691558838
    }
  },
  "num_records": 219,
  "num_count_mismatch_records": 8,
  "model": "YU-MO/Yumo",
  "dataset": "stellaathena/math_perturbed_200",
  "split": "test",
  "levels": "Level 4,Level 5",
  "out_jsonl": "result_num/math_l4l5_yumo_15_numlogprob.jsonl"
}