{
  "delta_sum_nll": {
    "n": 320,
    "mean": 0.19679804146289825,
    "median": 0.15063858032226562,
    "std": 1.8680678606033325,
    "min": -10.403302192687988,
    "max": 9.448636054992676,
    "frac_positive": 0.6031249761581421
  },
  "delta_mean_nll": {
    "n": 320,
    "mean": 0.2019951045513153,
    "median": 0.14392662048339844,
    "std": 1.5006964206695557,
    "min": -8.477890014648438,
    "max": 8.151100158691406,
    "frac_positive": 0.609375
  },
  "by_type_delta_sum_nll": {
    "Algebra": {
      "n": 49,
      "mean": 0.20769086480140686,
      "median": 0.1695547103881836,
      "std": 1.2829724550247192,
      "min": -4.907443046569824,
      "max": 2.7966976165771484,
      "frac_positive": 0.6530612111091614
    },
    "Counting & Probability": {
      "n": 21,
      "mean": 0.011637687683105469,
      "median": 0.33263254165649414,
      "std": 0.9321675896644592,
      "min": -2.8896572589874268,
      "max": 1.0552406311035156,
      "frac_positive": 0.6666666865348816
    },
    "Geometry": {
      "n": 44,
      "mean": 0.33357638120651245,
      "median": 0.06461191177368164,
      "std": 1.7217897176742554,
      "min": -3.353917360305786,
      "max": 8.151100158691406,
      "frac_positive": 0.5454545617103577
    },
    "Intermediate Algebra": {
      "n": 43,
      "mean": 0.11635536700487137,
      "median": 0.15063858032226562,
      "std": 0.9951633214950562,
      "min": -2.064720630645752,
      "max": 2.6306324005126953,
      "frac_positive": 0.5813953280448914
    },
    "Number Theory": {
      "n": 23,
      "mean": 0.49271491169929504,
      "median": 0.08434391021728516,
      "std": 1.9876840114593506,
      "min": -1.4486618041992188,
      "max": 8.457076072692871,
      "frac_positive": 0.6086956262588501
    },
    "Prealgebra": {
      "n": 63,
      "mean": 0.2601397931575775,
      "median": 0.19708870351314545,
      "std": 1.7651742696762085,
      "min": -9.958154678344727,
      "max": 5.791843891143799,
      "frac_positive": 0.5873016119003296
    },
    "Precalculus": {
      "n": 77,
      "mean": 0.06691212207078934,
      "median": 0.11798381805419922,
      "std": 2.6779699325561523,
      "min": -10.403302192687988,
      "max": 9.448636054992676,
      "frac_positive": 0.6103895902633667
    }
  },
  "by_level_delta_sum_nll": {
    "Level 1": {
      "n": 104,
      "mean": 0.031415145844221115,
      "median": 0.14494848251342773,
      "std": 1.7814533710479736,
      "min": -9.958154678344727,
      "max": 8.36650562286377,
      "frac_positive": 0.5961538553237915
    },
    "Level 2": {
      "n": 116,
      "mean": 0.3254907727241516,
      "median": 0.22695469856262207,
      "std": 2.197481870651245,
      "min": -10.403302192687988,
      "max": 9.448636054992676,
      "frac_positive": 0.6379310488700867
    },
    "Level 3": {
      "n": 100,
      "mean": 0.21951264142990112,
      "median": 0.09306609630584717,
      "std": 1.4888659715652466,
      "min": -3.353917360305786,
      "max": 8.151100158691406,
      "frac_positive": 0.5699999928474426
    }
  },
  "num_records": 320,
  "num_count_mismatch_records": 65,
  "model": "openai-community/gpt2-xl",
  "dataset": "stellaathena/math_perturbed_200",
  "split": "test",
  "levels": "Level 1,Level 2,Level 3",
  "out_jsonl": "result_num/mathperturb200_gpt2xl_L1L3_numlogprob.jsonl"
}