{
  "delta_sum_nll": {
    "n": 539,
    "mean": 0.464128315448761,
    "median": 0.08554863929748535,
    "std": 1.9988155364990234,
    "min": -15.042576789855957,
    "max": 12.438944816589355,
    "frac_positive": 0.6400741934776306
  },
  "delta_mean_nll": {
    "n": 539,
    "mean": 0.26092636585235596,
    "median": 0.06992518901824951,
    "std": 1.1150413751602173,
    "min": -4.650583267211914,
    "max": 7.875,
    "frac_positive": 0.6400741934776306
  },
  "by_type_delta_sum_nll": {
    "Algebra": {
      "n": 76,
      "mean": 0.5533307790756226,
      "median": 0.24335534870624542,
      "std": 2.3019635677337646,
      "min": -10.1309814453125,
      "max": 7.875,
      "frac_positive": 0.6447368264198303
    },
    "Counting & Probability": {
      "n": 35,
      "mean": -0.05625307187438011,
      "median": 0.0,
      "std": 1.2280412912368774,
      "min": -2.2922563552856445,
      "max": 3.54732084274292,
      "frac_positive": 0.48571428656578064
    },
    "Geometry": {
      "n": 71,
      "mean": 0.5505928993225098,
      "median": 0.3028682470321655,
      "std": 1.3243956565856934,
      "min": -3.5050086975097656,
      "max": 5.175485610961914,
      "frac_positive": 0.7042253613471985
    },
    "Intermediate Algebra": {
      "n": 92,
      "mean": 0.564560055732727,
      "median": 0.010246122255921364,
      "std": 2.0464069843292236,
      "min": -4.650583267211914,
      "max": 10.75,
      "frac_positive": 0.6086956262588501
    },
    "Number Theory": {
      "n": 58,
      "mean": 0.4183659851551056,
      "median": 0.03331780433654785,
      "std": 1.800057053565979,
      "min": -2.44979190826416,
      "max": 8.143705368041992,
      "frac_positive": 0.5862069129943848
    },
    "Prealgebra": {
      "n": 101,
      "mean": 0.31797170639038086,
      "median": 0.19197846949100494,
      "std": 2.2185778617858887,
      "min": -15.042576789855957,
      "max": 9.88046932220459,
      "frac_positive": 0.6138613820075989
    },
    "Precalculus": {
      "n": 106,
      "mean": 0.5912159085273743,
      "median": 0.03684544935822487,
      "std": 2.1446077823638916,
      "min": -4.5780768394470215,
      "max": 12.438944816589355,
      "frac_positive": 0.7264150977134705
    }
  },
  "by_level_delta_sum_nll": {
    "Level 1": {
      "n": 104,
      "mean": 0.17338286340236664,
      "median": 0.07834306359291077,
      "std": 2.041949510574341,
      "min": -15.042576789855957,
      "max": 6.3408308029174805,
      "frac_positive": 0.625
    },
    "Level 2": {
      "n": 116,
      "mean": 0.8283761143684387,
      "median": 0.05297887325286865,
      "std": 2.2760910987854004,
      "min": -4.0,
      "max": 12.438944816589355,
      "frac_positive": 0.6896551847457886
    },
    "Level 3": {
      "n": 100,
      "mean": 0.5714326500892639,
      "median": 0.125,
      "std": 1.8893803358078003,
      "min": -4.5780768394470215,
      "max": 9.88046932220459,
      "frac_positive": 0.6100000143051147
    },
    "Level 4": {
      "n": 118,
      "mean": 0.44742968678474426,
      "median": 0.0913921594619751,
      "std": 2.1920015811920166,
      "min": -10.1309814453125,
      "max": 10.75,
      "frac_positive": 0.6525423526763916
    },
    "Level 5": {
      "n": 101,
      "mean": 0.2584330439567566,
      "median": 0.09702768921852112,
      "std": 1.2792102098464966,
      "min": -3.25,
      "max": 3.5571274757385254,
      "frac_positive": 0.6138613820075989
    }
  },
  "num_records": 539,
  "num_count_mismatch_records": 73,
  "model": "Qwen/Qwen2.5-1.5B",
  "dataset": "stellaathena/math_perturbed_200",
  "split": "test",
  "out_jsonl": "result_num/mathperturb200_qwen15b_numlogprob.jsonl"
}