{
  "delta_sum_nll": {
    "n": 320,
    "mean": 0.20424573123455048,
    "median": 0.07670485973358154,
    "std": 1.7208982706069946,
    "min": -8.727571487426758,
    "max": 8.808430671691895,
    "frac_positive": 0.5531250238418579
  },
  "delta_mean_nll": {
    "n": 320,
    "mean": 0.1185736209154129,
    "median": 0.0351652055978775,
    "std": 1.284411907196045,
    "min": -5.177419185638428,
    "max": 8.013352394104004,
    "frac_positive": 0.543749988079071
  },
  "by_type_delta_sum_nll": {
    "Algebra": {
      "n": 49,
      "mean": 0.5583580732345581,
      "median": 0.5328848361968994,
      "std": 1.3302884101867676,
      "min": -2.164344072341919,
      "max": 5.234618186950684,
      "frac_positive": 0.7346938848495483
    },
    "Counting & Probability": {
      "n": 21,
      "mean": -0.0026829696726053953,
      "median": -0.015625,
      "std": 0.9669300317764282,
      "min": -2.786262273788452,
      "max": 1.9412696361541748,
      "frac_positive": 0.4761904776096344
    },
    "Geometry": {
      "n": 44,
      "mean": 0.3253174126148224,
      "median": 0.17187070846557617,
      "std": 1.6648129224777222,
      "min": -2.5267515182495117,
      "max": 8.013352394104004,
      "frac_positive": 0.5909090638160706
    },
    "Intermediate Algebra": {
      "n": 43,
      "mean": 0.054398298263549805,
      "median": -0.046875,
      "std": 1.2187379598617554,
      "min": -2.124873638153076,
      "max": 2.908721446990967,
      "frac_positive": 0.4883720874786377
    },
    "Number Theory": {
      "n": 23,
      "mean": 0.03908083587884903,
      "median": 0.005439281463623047,
      "std": 1.7546061277389526,
      "min": -3.882221221923828,
      "max": 4.979160785675049,
      "frac_positive": 0.52173912525177
    },
    "Prealgebra": {
      "n": 63,
      "mean": 0.22427047789096832,
      "median": 0.03929224610328674,
      "std": 1.2089271545410156,
      "min": -4.969980716705322,
      "max": 3.7572271823883057,
      "frac_positive": 0.5555555820465088
    },
    "Precalculus": {
      "n": 77,
      "mean": 0.08278492838144302,
      "median": -0.0038019155617803335,
      "std": 2.5024240016937256,
      "min": -8.727571487426758,
      "max": 8.808430671691895,
      "frac_positive": 0.48051947355270386
    }
  },
  "by_level_delta_sum_nll": {
    "Level 1": {
      "n": 104,
      "mean": 0.07563640922307968,
      "median": 0.2308482527732849,
      "std": 1.6188997030258179,
      "min": -8.332023620605469,
      "max": 8.808430671691895,
      "frac_positive": 0.625
    },
    "Level 2": {
      "n": 116,
      "mean": 0.2599080801010132,
      "median": 0.003967036493122578,
      "std": 1.924967885017395,
      "min": -8.727571487426758,
      "max": 8.065287590026855,
      "frac_positive": 0.5086206793785095
    },
    "Level 3": {
      "n": 100,
      "mean": 0.27343109250068665,
      "median": 0.005439281463623047,
      "std": 1.557927131652832,
      "min": -2.786262273788452,
      "max": 8.013352394104004,
      "frac_positive": 0.5299999713897705
    }
  },
  "num_records": 320,
  "num_count_mismatch_records": 65,
  "model": "EleutherAI/pythia-1.4b",
  "dataset": "stellaathena/math_perturbed_200",
  "split": "test",
  "levels": "Level 1,Level 2,Level 3",
  "out_jsonl": "result_num/mathperturb200_pythia14b_L1L3_numlogprob.jsonl"
}