{
  "delta_sum_nll": {
    "n": 320,
    "mean": 0.4084259867668152,
    "median": 0.1161339282989502,
    "std": 2.53674578666687,
    "min": -8.842485427856445,
    "max": 12.04731559753418,
    "frac_positive": 0.606249988079071
  },
  "delta_mean_nll": {
    "n": 320,
    "mean": 0.28556159138679504,
    "median": 0.02407749556005001,
    "std": 1.7737334966659546,
    "min": -5.5,
    "max": 7.77549934387207,
    "frac_positive": 0.596875011920929
  },
  "by_type_delta_sum_nll": {
    "Algebra": {
      "n": 49,
      "mean": 0.9170475602149963,
      "median": 0.8588933348655701,
      "std": 3.0960898399353027,
      "min": -5.5,
      "max": 12.04731559753418,
      "frac_positive": 0.6734693646430969
    },
    "Counting & Probability": {
      "n": 21,
      "mean": 0.48585230112075806,
      "median": 0.0,
      "std": 2.8958683013916016,
      "min": -5.253290176391602,
      "max": 7.498551845550537,
      "frac_positive": 0.4761904776096344
    },
    "Geometry": {
      "n": 44,
      "mean": 0.4348278045654297,
      "median": 0.022223753854632378,
      "std": 2.1988296508789062,
      "min": -7.23962926864624,
      "max": 6.246628284454346,
      "frac_positive": 0.6363636255264282
    },
    "Intermediate Algebra": {
      "n": 43,
      "mean": 0.24831552803516388,
      "median": 0.2811431884765625,
      "std": 2.4295966625213623,
      "min": -5.493193626403809,
      "max": 5.967534065246582,
      "frac_positive": 0.604651153087616
    },
    "Number Theory": {
      "n": 23,
      "mean": 0.5172236561775208,
      "median": 0.13030140101909637,
      "std": 3.9852232933044434,
      "min": -8.842485427856445,
      "max": 11.039484977722168,
      "frac_positive": 0.5652173757553101
    },
    "Prealgebra": {
      "n": 63,
      "mean": 0.2844852805137634,
      "median": 0.010802038013935089,
      "std": 2.0969762802124023,
      "min": -4.574643135070801,
      "max": 7.781558513641357,
      "frac_positive": 0.5555555820465088
    },
    "Precalculus": {
      "n": 77,
      "mean": 0.20687507092952728,
      "median": 0.005728456191718578,
      "std": 1.9280427694320679,
      "min": -5.125,
      "max": 5.3125,
      "frac_positive": 0.6363636255264282
    }
  },
  "by_level_delta_sum_nll": {
    "Level 1": {
      "n": 104,
      "mean": 0.40341323614120483,
      "median": 0.12170200049877167,
      "std": 2.265246629714966,
      "min": -7.23962926864624,
      "max": 7.498551845550537,
      "frac_positive": 0.6442307829856873
    },
    "Level 2": {
      "n": 116,
      "mean": 0.008177880197763443,
      "median": 0.005728456191718578,
      "std": 2.46004319190979,
      "min": -8.842485427856445,
      "max": 11.039484977722168,
      "frac_positive": 0.5775862336158752
    },
    "Level 3": {
      "n": 100,
      "mean": 0.8779270648956299,
      "median": 0.2418830394744873,
      "std": 2.7980828285217285,
      "min": -4.845930576324463,
      "max": 12.04731559753418,
      "frac_positive": 0.6000000238418579
    }
  },
  "num_records": 320,
  "num_count_mismatch_records": 65,
  "model": "YU-MO/Yumo-nano",
  "dataset": "stellaathena/math_perturbed_200",
  "split": "test",
  "levels": "Level 1,Level 2,Level 3",
  "out_jsonl": "result_num/mathperturb200_yumo_L1L3_numlogprob.jsonl"
}