{
  "delta_sum_nll": {
    "n": 320,
    "mean": 0.19260019063949585,
    "median": 0.010339628905057907,
    "std": 1.5363342761993408,
    "min": -10.236907005310059,
    "max": 8.264732360839844,
    "frac_positive": 0.565625011920929
  },
  "delta_mean_nll": {
    "n": 320,
    "mean": 0.1243724450469017,
    "median": 0.001624464988708496,
    "std": 0.9898194670677185,
    "min": -5.050196647644043,
    "max": 4.6875,
    "frac_positive": 0.5562499761581421
  },
  "by_type_delta_sum_nll": {
    "Algebra": {
      "n": 49,
      "mean": 0.41538622975349426,
      "median": 0.2797372341156006,
      "std": 1.6594825983047485,
      "min": -5.050196647644043,
      "max": 4.6875,
      "frac_positive": 0.6122449040412903
    },
    "Counting & Probability": {
      "n": 21,
      "mean": -0.010157676413655281,
      "median": -0.11298754066228867,
      "std": 1.2140378952026367,
      "min": -2.3912289142608643,
      "max": 3.1955039501190186,
      "frac_positive": 0.3333333432674408
    },
    "Geometry": {
      "n": 44,
      "mean": 0.29537272453308105,
      "median": 0.016837477684020996,
      "std": 1.1529008150100708,
      "min": -2.334498405456543,
      "max": 3.453761100769043,
      "frac_positive": 0.6590909361839294
    },
    "Intermediate Algebra": {
      "n": 43,
      "mean": 0.36841216683387756,
      "median": 0.2704918384552002,
      "std": 1.3389074802398682,
      "min": -3.795586347579956,
      "max": 3.92768931388855,
      "frac_positive": 0.5813953280448914
    },
    "Number Theory": {
      "n": 23,
      "mean": 0.4077684283256531,
      "median": 0.10168099403381348,
      "std": 2.0374958515167236,
      "min": -3.811741352081299,
      "max": 8.264732360839844,
      "frac_positive": 0.6086956262588501
    },
    "Prealgebra": {
      "n": 63,
      "mean": -0.014848617836833,
      "median": 0.000606806599535048,
      "std": 1.988100290298462,
      "min": -10.236907005310059,
      "max": 6.445958614349365,
      "frac_positive": 0.5079365372657776
    },
    "Precalculus": {
      "n": 77,
      "mean": 0.05467676743865013,
      "median": 0.0008713732240721583,
      "std": 1.1340104341506958,
      "min": -4.427070617675781,
      "max": 3.5,
      "frac_positive": 0.5714285969734192
    }
  },
  "by_level_delta_sum_nll": {
    "Level 1": {
      "n": 104,
      "mean": -0.019949916750192642,
      "median": 0.0011993939988315105,
      "std": 1.5483498573303223,
      "min": -10.236907005310059,
      "max": 3.5,
      "frac_positive": 0.567307710647583
    },
    "Level 2": {
      "n": 116,
      "mean": 0.24519577622413635,
      "median": 0.004632667172700167,
      "std": 1.4263111352920532,
      "min": -4.065572261810303,
      "max": 8.264732360839844,
      "frac_positive": 0.5517241358757019
    },
    "Level 3": {
      "n": 100,
      "mean": 0.35264137387275696,
      "median": 0.09545905888080597,
      "std": 1.6199021339416504,
      "min": -5.050196647644043,
      "max": 6.445958614349365,
      "frac_positive": 0.5799999833106995
    }
  },
  "num_records": 320,
  "num_count_mismatch_records": 65,
  "model": "YU-MO/Yumo",
  "dataset": "stellaathena/math_perturbed_200",
  "split": "test",
  "levels": "Level 1,Level 2,Level 3",
  "out_jsonl": "result_num/math_l1l3_yumo_15_numlogprob.jsonl"
}