{
  "delta_sum_nll": {
    "n": 219,
    "mean": 1.0087968111038208,
    "median": 0.375,
    "std": 2.9729299545288086,
    "min": -6.84478759765625,
    "max": 21.766359329223633,
    "frac_positive": 0.6666666865348816
  },
  "delta_mean_nll": {
    "n": 219,
    "mean": 0.5720393657684326,
    "median": 0.1807442158460617,
    "std": 1.767017126083374,
    "min": -6.84478759765625,
    "max": 7.661761283874512,
    "frac_positive": 0.6666666865348816
  },
  "by_type_delta_sum_nll": {
    "Algebra": {
      "n": 27,
      "mean": 1.3472737073898315,
      "median": 0.9005812406539917,
      "std": 3.046074867248535,
      "min": -4.900423049926758,
      "max": 7.704888343811035,
      "frac_positive": 0.6666666865348816
    },
    "Counting & Probability": {
      "n": 14,
      "mean": 0.756987452507019,
      "median": 0.2585791349411011,
      "std": 2.5655038356781006,
      "min": -4.0,
      "max": 4.29182243347168,
      "frac_positive": 0.7142857313156128
    },
    "Geometry": {
      "n": 27,
      "mean": 0.7853274941444397,
      "median": 0.31035804748535156,
      "std": 2.0681159496307373,
      "min": -3.529956340789795,
      "max": 6.85703706741333,
      "frac_positive": 0.7037037014961243
    },
    "Intermediate Algebra": {
      "n": 49,
      "mean": 1.8070591688156128,
      "median": 0.375,
      "std": 4.217107772827148,
      "min": -6.84478759765625,
      "max": 21.766359329223633,
      "frac_positive": 0.7755101919174194
    },
    "Number Theory": {
      "n": 35,
      "mean": 0.5599271059036255,
      "median": -4.034915764350444e-05,
      "std": 2.5587985515594482,
      "min": -4.446893215179443,
      "max": 7.79419469833374,
      "frac_positive": 0.48571428656578064
    },
    "Prealgebra": {
      "n": 38,
      "mean": 0.8417191505432129,
      "median": 0.5195952653884888,
      "std": 2.0822103023529053,
      "min": -3.9071197509765625,
      "max": 6.5623955726623535,
      "frac_positive": 0.7105262875556946
    },
    "Precalculus": {
      "n": 29,
      "mean": 0.43516480922698975,
      "median": 0.45129871368408203,
      "std": 2.3334429264068604,
      "min": -4.419731140136719,
      "max": 7.821339130401611,
      "frac_positive": 0.5862069129943848
    }
  },
  "by_level_delta_sum_nll": {
    "Level 4": {
      "n": 118,
      "mean": 1.253695011138916,
      "median": 0.6250353455543518,
      "std": 3.3653953075408936,
      "min": -6.84478759765625,
      "max": 21.766359329223633,
      "frac_positive": 0.7288135886192322
    },
    "Level 5": {
      "n": 101,
      "mean": 0.7226782441139221,
      "median": 0.06079213693737984,
      "std": 2.4041848182678223,
      "min": -4.419731140136719,
      "max": 7.821339130401611,
      "frac_positive": 0.594059407711029
    }
  },
  "num_records": 219,
  "num_count_mismatch_records": 8,
  "model": "YU-MO/Yumo-nano",
  "dataset": "stellaathena/math_perturbed_200",
  "split": "test",
  "levels": "Level 4,Level 5",
  "out_jsonl": "result_num/mathperturb200_yumo_L4L5_numlogprob.jsonl"
}