{
  "delta_sum_nll": {
    "n": 219,
    "mean": 0.3751816749572754,
    "median": 0.3280057907104492,
    "std": 1.6002418994903564,
    "min": -8.594413757324219,
    "max": 7.9501729011535645,
    "frac_positive": 0.698630154132843
  },
  "delta_mean_nll": {
    "n": 219,
    "mean": 0.40573251247406006,
    "median": 0.25896358489990234,
    "std": 1.3675918579101562,
    "min": -4.2785139083862305,
    "max": 7.9501729011535645,
    "frac_positive": 0.698630154132843
  },
  "by_type_delta_sum_nll": {
    "Algebra": {
      "n": 27,
      "mean": 0.6329658031463623,
      "median": 0.616750955581665,
      "std": 1.9662156105041504,
      "min": -5.302134037017822,
      "max": 5.079929351806641,
      "frac_positive": 0.7777777910232544
    },
    "Counting & Probability": {
      "n": 14,
      "mean": 0.18760861456394196,
      "median": 0.1826634407043457,
      "std": 1.0050684213638306,
      "min": -1.7426496744155884,
      "max": 1.9029293060302734,
      "frac_positive": 0.7142857313156128
    },
    "Geometry": {
      "n": 27,
      "mean": 0.4152645468711853,
      "median": 0.37192487716674805,
      "std": 0.8912443518638611,
      "min": -2.988374710083008,
      "max": 2.491772174835205,
      "frac_positive": 0.8518518805503845
    },
    "Intermediate Algebra": {
      "n": 49,
      "mean": 0.7493398785591125,
      "median": 0.17379994690418243,
      "std": 1.7967156171798706,
      "min": -2.6377201080322266,
      "max": 7.9501729011535645,
      "frac_positive": 0.7142857313156128
    },
    "Number Theory": {
      "n": 35,
      "mean": -0.02292390540242195,
      "median": 0.17002391815185547,
      "std": 1.2300039529800415,
      "min": -3.4953126907348633,
      "max": 2.7337234020233154,
      "frac_positive": 0.6571428775787354
    },
    "Prealgebra": {
      "n": 38,
      "mean": 0.5217729806900024,
      "median": 0.595611572265625,
      "std": 1.2070144414901733,
      "min": -4.441120624542236,
      "max": 2.4869871139526367,
      "frac_positive": 0.7368420958518982
    },
    "Precalculus": {
      "n": 29,
      "mean": -0.15540164709091187,
      "median": -0.19250726699829102,
      "std": 2.122347593307495,
      "min": -8.594413757324219,
      "max": 4.2757768630981445,
      "frac_positive": 0.4482758641242981
    }
  },
  "by_level_delta_sum_nll": {
    "Level 4": {
      "n": 118,
      "mean": 0.41763848066329956,
      "median": 0.3385138511657715,
      "std": 1.5970203876495361,
      "min": -5.302134037017822,
      "max": 7.9501729011535645,
      "frac_positive": 0.7288135886192322
    },
    "Level 5": {
      "n": 101,
      "mean": 0.3255786597728729,
      "median": 0.25896358489990234,
      "std": 1.6025733947753906,
      "min": -8.594413757324219,
      "max": 5.079929351806641,
      "frac_positive": 0.6633663177490234
    }
  },
  "num_records": 219,
  "num_count_mismatch_records": 8,
  "model": "openai-community/gpt2-xl",
  "dataset": "stellaathena/math_perturbed_200",
  "split": "test",
  "levels": "Level 4,Level 5",
  "out_jsonl": "result_num/mathperturb200_gpt2xl_L4L5_numlogprob.jsonl"
}