{
  "delta_sum_nll": {
    "n": 539,
    "mean": 0.2447029948234558,
    "median": 0.13263535499572754,
    "std": 1.6058018207550049,
    "min": -8.727571487426758,
    "max": 9.488500595092773,
    "frac_positive": 0.5844155550003052
  },
  "delta_mean_nll": {
    "n": 539,
    "mean": 0.20068877935409546,
    "median": 0.09011958539485931,
    "std": 1.3483831882476807,
    "min": -5.694606781005859,
    "max": 9.488500595092773,
    "frac_positive": 0.578849732875824
  },
  "by_type_delta_sum_nll": {
    "Algebra": {
      "n": 76,
      "mean": 0.5208554863929749,
      "median": 0.5328848361968994,
      "std": 1.3695601224899292,
      "min": -2.873383045196533,
      "max": 5.234618186950684,
      "frac_positive": 0.7105262875556946
    },
    "Counting & Probability": {
      "n": 35,
      "mean": 0.23418420553207397,
      "median": 0.40234375,
      "std": 1.0993176698684692,
      "min": -2.786262273788452,
      "max": 2.578125,
      "frac_positive": 0.6000000238418579
    },
    "Geometry": {
      "n": 71,
      "mean": 0.3029167950153351,
      "median": 0.21580153703689575,
      "std": 1.3911868333816528,
      "min": -2.5267515182495117,
      "max": 8.013352394104004,
      "frac_positive": 0.6197183132171631
    },
    "Intermediate Algebra": {
      "n": 92,
      "mean": 0.36605241894721985,
      "median": 0.10296911001205444,
      "std": 1.644265055656433,
      "min": -3.2900390625,
      "max": 9.488500595092773,
      "frac_positive": 0.6521739363670349
    },
    "Number Theory": {
      "n": 58,
      "mean": 0.03782155364751816,
      "median": -0.016710638999938965,
      "std": 1.4389102458953857,
      "min": -3.882221221923828,
      "max": 4.979160785675049,
      "frac_positive": 0.5
    },
    "Prealgebra": {
      "n": 101,
      "mean": 0.24910806119441986,
      "median": 0.24391889572143555,
      "std": 1.1844760179519653,
      "min": -4.969980716705322,
      "max": 3.7572271823883057,
      "frac_positive": 0.5742574334144592
    },
    "Precalculus": {
      "n": 106,
      "mean": 0.014867656864225864,
      "median": -0.03395414352416992,
      "std": 2.260411024093628,
      "min": -8.727571487426758,
      "max": 8.808430671691895,
      "frac_positive": 0.46226415038108826
    }
  },
  "by_level_delta_sum_nll": {
    "Level 1": {
      "n": 104,
      "mean": 0.07563640922307968,
      "median": 0.2308482527732849,
      "std": 1.6188997030258179,
      "min": -8.332023620605469,
      "max": 8.808430671691895,
      "frac_positive": 0.625
    },
    "Level 2": {
      "n": 116,
      "mean": 0.2599080801010132,
      "median": 0.003967036493122578,
      "std": 1.924967885017395,
      "min": -8.727571487426758,
      "max": 8.065287590026855,
      "frac_positive": 0.5086206793785095
    },
    "Level 3": {
      "n": 100,
      "mean": 0.27343109250068665,
      "median": 0.005439281463623047,
      "std": 1.557927131652832,
      "min": -2.786262273788452,
      "max": 8.013352394104004,
      "frac_positive": 0.5299999713897705
    },
    "Level 4": {
      "n": 118,
      "mean": 0.3873834013938904,
      "median": 0.21875,
      "std": 1.498735785484314,
      "min": -2.8876209259033203,
      "max": 9.488500595092773,
      "frac_positive": 0.6694915294647217
    },
    "Level 5": {
      "n": 101,
      "mean": 0.20618848502635956,
      "median": 0.20140767097473145,
      "std": 1.3127686977386475,
      "min": -3.4505603313446045,
      "max": 3.642979860305786,
      "frac_positive": 0.5841584205627441
    }
  },
  "num_records": 539,
  "num_count_mismatch_records": 73,
  "model": "EleutherAI/pythia-1.4b",
  "dataset": "stellaathena/math_perturbed_200",
  "split": "test",
  "out_jsonl": "result_num/mathperturb200_pythia14b_numlogprob.jsonl"
}