{
  "delta_sum_nll": {
    "n": 40,
    "mean": 4.787332057952881,
    "median": 3.8125,
    "std": 5.577057838439941,
    "min": -5.3125,
    "max": 20.507692337036133,
    "frac_positive": 0.8500000238418579
  },
  "delta_mean_nll": {
    "n": 40,
    "mean": 1.7864084243774414,
    "median": 1.53125,
    "std": 1.9021650552749634,
    "min": -2.65625,
    "max": 6.3125,
    "frac_positive": 0.8500000238418579
  },
  "by_type_delta_sum_nll": {
    "None": {
      "n": 40,
      "mean": 4.787332057952881,
      "median": 3.8125,
      "std": 5.577057838439941,
      "min": -5.3125,
      "max": 20.507692337036133,
      "frac_positive": 0.8500000238418579
    }
  },
  "by_level_delta_sum_nll": {
    "None": {
      "n": 40,
      "mean": 4.787332057952881,
      "median": 3.8125,
      "std": 5.577057838439941,
      "min": -5.3125,
      "max": 20.507692337036133,
      "frac_positive": 0.8500000238418579
    }
  },
  "num_records": 40,
  "num_count_mismatch_records": 0,
  "model": "YU-MO/Yumo-nano",
  "dataset": "generated/smt2025_number_perturbed_same_first_digit_no_year.jsonl",
  "split": "train",
  "levels": "all",
  "out_jsonl": "result_num/smt2025_benford_yumo_numlogprob.jsonl"
}