{
  "delta_sum_nll": {
    "n": 37,
    "mean": 2.3452043046050135,
    "median": 1.5574152553454041,
    "std": 4.656749732226562,
    "min": -4.703215630281193,
    "max": 11.695150289498997,
    "frac_positive": 0.6486486486486487,
    "positive_mean": 5.0011821371747756,
    "positive_median": 4.89410850754939
  },
  "delta_mean_nll": {
    "n": 37,
    "mean": 1.200805791599929,
    "median": 0.7782197019310366,
    "std": 2.7018146365151603,
    "min": -4.997603679696718,
    "max": 8.757423158951406,
    "frac_positive": 0.7027027027027027,
    "positive_mean": 2.336882054915095,
    "positive_median": 1.525037407875061
  },
  "num_records": 37,
  "num_token_count_mismatch": 21,
  "num_positive": 24,
  "model": "bigcode/starcoderbase-3b",
  "input_jsonl": "generated/quixbugs_manual_counterfactual_full.jsonl",
  "out_jsonl": "result_code/quixbugs_starcoderbase3b_spanlogprob_all_v2.jsonl",
  "num_input_rows": 37,
  "num_scored_rows": 37,
  "num_skipped": 0,
  "skip_token_count_mismatch": false
}