row_idx,dataset,sentence,changed_sentence_two,target1,substitute1,target1_offset,target1_end,target2,substitute2,target2_offset,target2_end,orig1_logp,orig2_logp,orig_two_logp,ind_sub1_logp,ind_sub2_logp,sub_two_independent_logp,independent_score,seq_sub1_logp,seq_sub2_logp,sub_two_sequential_logp,sequential_score,orig_context_mean_nll,sub_context_mean_nll,orig_context_sum_nll,sub_context_sum_nll,orig_context_num_tokens,sub_context_num_tokens,context_score,orig_sentence_avg_logp,sub_sentence_avg_logp,whole_sentence_avg_logp_score,orig1_token_ids,orig2_token_ids,ind_sub1_token_ids,ind_sub2_token_ids,seq_sub1_token_ids,seq_sub2_token_ids,orig1_tokens,orig2_tokens,ind_sub1_tokens,ind_sub2_tokens,seq_sub1_tokens,seq_sub2_tokens
0,prolex,One reason why products seem to be better is that the companies compete with other goods on price and need to show that their product is better than the other ones.,One reason why products appear to be better is that the companies compete with other items on price and need to show that their product is better than the other ones.,goods,items,83,88,seem,appear,24,28,-6.65625,-6.25,-12.90625,-7.90625,-6.21875,-14.125,1.21875,-7.90625,-6.25,-14.15625,1.25,2.982295866935484,3.0963646673387095,92.451171875,95.9873046875,31,31,0.11406880040322553,-2.982295866935484,-3.0963646673387095,0.11406880040322553,[10229],[1646],[4957],[3176],[4957],[3176],"[""Ġgoods""]","[""Ġseem""]","[""Ġitems""]","[""Ġappear""]","[""Ġitems""]","[""Ġappear""]"
1,prolex,One reason why products seem to be better is that the companies compete with other goods on price and need to show that their product is better than the other ones.,One reason why products appear to be better is that the companies compete with other products on price and need to show that their product is better than the other ones.,goods,products,83,88,seem,appear,24,28,-6.65625,-6.25,-12.90625,-2.53125,-6.21875,-8.75,-4.15625,-2.59375,-6.25,-8.84375,-4.0625,2.982295866935484,2.803584929435484,92.451171875,86.9111328125,31,31,-0.1787109375,-2.982295866935484,-2.803584929435484,-0.1787109375,[10229],[1646],[3580],[3176],[3580],[3176],"[""Ġgoods""]","[""Ġseem""]","[""Ġproducts""]","[""Ġappear""]","[""Ġproducts""]","[""Ġappear""]"
2,prolex,"For example, food standards are the same in the food industry.","For instance, food standards are the same in the food business.",industry,business,53,61,example,instance,4,11,-1.21875,-3.625,-4.84375,-4.15625,-3.671875,-7.828125,2.984375,-4.09375,-3.375,-7.46875,2.625,3.5920817057291665,3.748779296875,43.10498046875,44.9853515625,12,12,0.15669759114583348,-3.5920817057291665,-3.748779296875,0.15669759114583348,[4491],[1650],[2136],[4227],[2136],[4227],"[""Ġindustry""]","[""Ġexample""]","[""Ġbusiness""]","[""Ġinstance""]","[""Ġbusiness""]","[""Ġinstance""]"
3,prolex,I could even claim that older people might have better chances to enjoy their lives much more than younger people and this is simply because they have much more time than younger people who spend most of their time working and spinning in the wheel of life to cover their basic needs while older people who are most likely retired can find some time for their leisure and nobody would belittle them,I could even argue that older people might have better opportunities to enjoy their lives much more than younger people and this is simply because they have much more time than younger people who spend most of their time working and spinning in the wheel of life to cover their basic needs while older people who are most likely retired can find some time for their leisure and nobody would belittle them,claim,argue,13,18,chances,opportunities,55,62,-7.28125,-5.59375,-12.875,-4.84375,-6.96875,-11.8125,-1.0625,-4.84375,-6.71875,-11.5625,-1.3125,2.944649590386285,2.934561835394965,212.0147705078125,211.2884521484375,72,72,-0.010087754991319642,-2.944649590386285,-2.934561835394965,-0.010087754991319642,[1750],[14512],[9059],[9091],[9059],[9091],"[""Ġclaim""]","[""Ġchances""]","[""Ġargue""]","[""Ġopportunities""]","[""Ġargue""]","[""Ġopportunities""]"
4,prolex,I could even claim that older people might have better chances to enjoy their lives much more than younger people and this is simply because they have much more time than younger people who spend most of their time working and spinning in the wheel of life to cover their basic needs while older people who are most likely retired can find some time for their leisure and nobody would belittle them,I could even assert that older people might have better opportunities to enjoy their lives much more than younger people and this is simply because they have much more time than younger people who spend most of their time working and spinning in the wheel of life to cover their basic needs while older people who are most likely retired can find some time for their leisure and nobody would belittle them,claim,assert,13,18,chances,opportunities,55,62,-7.28125,-5.59375,-12.875,-10.625,-6.96875,-17.59375,4.71875,-10.625,-6.75,-17.375,4.5,2.944649590386285,2.9945475260416665,212.0147705078125,215.607421875,72,72,0.0498979356553817,-2.944649590386285,-2.9945475260416665,0.0498979356553817,[1750],[14512],[4138],[9091],[4138],[9091],"[""Ġclaim""]","[""Ġchances""]","[""Ġassert""]","[""Ġopportunities""]","[""Ġassert""]","[""Ġopportunities""]"
5,prolex,I could even claim that older people might have better chances to enjoy their lives much more than younger people and this is simply because they have much more time than younger people who spend most of their time working and spinning in the wheel of life to cover their basic needs while older people who are most likely retired can find some time for their leisure and nobody would belittle them,I could even contend that older people might have better opportunities to enjoy their lives much more than younger people and this is simply because they have much more time than younger people who spend most of their time working and spinning in the wheel of life to cover their basic needs while older people who are most likely retired can find some time for their leisure and nobody would belittle them,claim,contend,13,18,chances,opportunities,55,62,-7.28125,-5.59375,-12.875,-10.75,-6.96875,-17.71875,4.84375,-10.75,-6.71875,-17.46875,4.59375,2.944649590386285,3.0445064968532987,212.0147705078125,219.2044677734375,72,72,0.09985690646701384,-2.944649590386285,-3.0445064968532987,0.09985690646701384,[1750],[14512],[21244],[9091],[21244],[9091],"[""Ġclaim""]","[""Ġchances""]","[""Ġcontend""]","[""Ġopportunities""]","[""Ġcontend""]","[""Ġopportunities""]"
6,prolex,But if I like swimming in the ocean,But if I enjoy swimming in the sea,like,enjoy,9,13,ocean,sea,30,35,-6.65625,-1.359375,-8.015625,-8.9375,-1.734375,-10.671875,2.65625,-8.9375,-2.015625,-10.953125,2.9375,3.904017857142857,4.073102678571429,27.328125,28.51171875,7,7,0.16908482142857162,-3.904017857142857,-4.073102678571429,0.16908482142857162,[751],[12927],[4264],[6150],[4264],[6150],"[""Ġlike""]","[""Ġocean""]","[""Ġenjoy""]","[""Ġsea""]","[""Ġenjoy""]","[""Ġsea""]"
7,prolex,But if I like swimming in the ocean,But if I fancy swimming in the sea,like,fancy,9,13,ocean,sea,30,35,-6.65625,-1.359375,-8.015625,-10.875,-1.734375,-12.609375,4.59375,-10.875,-1.109375,-11.984375,3.96875,3.904017857142857,4.145089285714286,27.328125,29.015625,7,7,0.24107142857142838,-3.904017857142857,-4.145089285714286,0.24107142857142838,[751],[12927],[18612],[6150],[18612],[6150],"[""Ġlike""]","[""Ġocean""]","[""Ġfancy""]","[""Ġsea""]","[""Ġfancy""]","[""Ġsea""]"
9,prolex,So how people enjoy life really depends on their situation.,So how people enjoy life truly relies on their situation.,depends,relies,32,39,really,truly,25,31,-0.94921875,-6.875,-7.82421875,-6.6875,-8.6875,-15.375,7.55078125,-6.46875,-8.6875,-15.15625,7.33203125,4.040771484375,4.96396484375,40.40771484375,49.6396484375,10,10,0.9231933593750004,-4.040771484375,-4.96396484375,0.9231933593750004,[7024],[1663],[15771],[7777],[15771],[7777],"[""Ġdepends""]","[""Ġreally""]","[""Ġrelies""]","[""Ġtruly""]","[""Ġrelies""]","[""Ġtruly""]"
10,prolex,So how people enjoy life really depends on their situation.,So how people enjoy life truly rests on their situation.,depends,rests,32,39,really,truly,25,31,-0.94921875,-6.875,-7.82421875,-8.0,-8.6875,-16.6875,8.86328125,-7.40625,-8.6875,-16.09375,8.26953125,4.040771484375,5.29765625,40.40771484375,52.9765625,10,10,1.2568847656250002,-4.040771484375,-5.29765625,1.2568847656250002,[7024],[1663],[27945],[7777],[27945],[7777],"[""Ġdepends""]","[""Ġreally""]","[""Ġrests""]","[""Ġtruly""]","[""Ġrests""]","[""Ġtruly""]"
11,prolex,But i do believe that the most difficult thing is to be young because it implies a lot of problems and questions for whose we are not always ready.,But i do believe that the most challenging thing is to be youthful because it implies a lot of problems and questions for whose we are not always ready.,difficult,challenging,31,40,young,youthful,56,61,-4.46875,-7.625,-12.09375,-5.59375,-11.9375,-17.53125,5.4375,-5.65625,-11.75,-17.40625,5.3125,3.459337957974138,3.7623248922413794,100.32080078125,109.107421875,29,29,0.30298693426724155,-3.459337957974138,-3.7623248922413794,0.30298693426724155,[2834],[2872],[11132],[44098],[11132],[44098],"[""Ġdifficult""]","[""Ġyoung""]","[""Ġchallenging""]","[""Ġyouthful""]","[""Ġchallenging""]","[""Ġyouthful""]"
12,prolex,Twenty years ago there were fewer cars: this is a sign of our economic and technological improvement but this improvement has caused us a lot of problems that were unthought years ago.,Twenty years ago there were fewer automobiles: this is a sign of our economic and technological advancement but this improvement has caused us a lot of problems that were unthought years ago.,improvement,advancement,89,100,cars,automobiles,34,38,-5.34375,-6.46875,-11.8125,-3.453125,-9.5,-12.953125,1.140625,-3.453125,-9.5,-12.953125,1.140625,3.328081916360294,3.481402228860294,113.15478515625,118.36767578125,34,34,0.1533203125,-3.328081916360294,-3.481402228860294,0.1533203125,[7756],[8458],[32992],[45056],[32992],[45056],"[""Ġimprovement""]","[""Ġcars""]","[""Ġadvancement""]","[""Ġautomobiles""]","[""Ġadvancement""]","[""Ġautomobiles""]"
13,prolex,Twenty years ago there were fewer cars: this is a sign of our economic and technological improvement but this improvement has caused us a lot of problems that were unthought years ago.,Twenty years ago there were fewer automobiles: this is a sign of our economic and technological progress but this improvement has caused us a lot of problems that were unthought years ago.,improvement,progress,89,100,cars,automobiles,34,38,-5.34375,-6.46875,-11.8125,-0.9609375,-9.5,-10.4609375,-1.3515625,-0.953125,-9.5,-10.453125,-1.359375,3.328081916360294,3.403219784007353,113.15478515625,115.70947265625,34,34,0.07513786764705888,-3.328081916360294,-3.403219784007353,0.07513786764705888,[7756],[8458],[4780],[45056],[4780],[45056],"[""Ġimprovement""]","[""Ġcars""]","[""Ġprogress""]","[""Ġautomobiles""]","[""Ġprogress""]","[""Ġautomobiles""]"
14,prolex,Twenty years ago there were fewer cars: this is a sign of our economic and technological improvement but this improvement has caused us a lot of problems that were unthought years ago.,Twenty years ago there were fewer automobiles: this is a sign of our economic and technological development but this improvement has caused us a lot of problems that were unthought years ago.,improvement,development,89,100,cars,automobiles,34,38,-5.34375,-6.46875,-11.8125,-2.328125,-9.5,-11.828125,0.015625,-2.703125,-9.5,-12.203125,0.390625,3.328081916360294,3.4720530790441178,113.15478515625,118.0498046875,34,34,0.14397116268382382,-3.328081916360294,-3.4720530790441178,0.14397116268382382,[7756],[8458],[2440],[45056],[2440],[45056],"[""Ġimprovement""]","[""Ġcars""]","[""Ġdevelopment""]","[""Ġautomobiles""]","[""Ġdevelopment""]","[""Ġautomobiles""]"
15,prolex,"Another example of fair advertising is studying the trends and behaviour of consumers (e. g. packing children's toys in bright colored boxes), and we shall not consider this a method of manipulation whereas no false information was mentioned about this product.","Another instance of honest advertising is studying the trends and behaviour of consumers (e. g. packing children's toys in bright colored boxes), and we shall not consider this a method of manipulation whereas no false information was mentioned about this product.",fair,honest,19,23,example,instance,8,15,-10.125,-5.90625,-16.03125,-11.375,-7.59375,-18.96875,2.9375,-11.0625,-7.53125,-18.59375,2.5625,4.41010914678159,4.464700450067935,202.86502075195312,205.376220703125,46,46,0.05459130328634476,-4.41010914678159,-4.464700450067935,0.05459130328634476,[4344],[1650],[8274],[4227],[8274],[4227],"[""Ġfair""]","[""Ġexample""]","[""Ġhonest""]","[""Ġinstance""]","[""Ġhonest""]","[""Ġinstance""]"
16,prolex,"Another example of fair advertising is studying the trends and behaviour of consumers (e. g. packing children's toys in bright colored boxes), and we shall not consider this a method of manipulation whereas no false information was mentioned about this product.","Another instance of equitable advertising is studying the trends and behaviour of consumers (e. g. packing children's toys in bright colored boxes), and we shall not consider this a method of manipulation whereas no false information was mentioned about this product.",fair,equitable,19,23,example,instance,8,15,-10.125,-5.90625,-16.03125,-11.9375,-7.59375,-19.53125,3.5,-11.4375,-7.53125,-18.96875,2.9375,4.41010914678159,4.653728982676631,202.86502075195312,214.071533203125,46,46,0.243619835895041,-4.41010914678159,-4.653728982676631,0.243619835895041,[4344],[1650],[23720],[4227],[23720],[4227],"[""Ġfair""]","[""Ġexample""]","[""Ġequitable""]","[""Ġinstance""]","[""Ġequitable""]","[""Ġinstance""]"
17,prolex,"Another example of fair advertising is studying the trends and behaviour of consumers (e. g. packing children's toys in bright colored boxes), and we shall not consider this a method of manipulation whereas no false information was mentioned about this product.","Another instance of just advertising is studying the trends and behaviour of consumers (e. g. packing children's toys in bright colored boxes), and we shall not consider this a method of manipulation whereas no false information was mentioned about this product.",fair,just,19,23,example,instance,8,15,-10.125,-5.90625,-16.03125,-7.125,-7.59375,-14.71875,-1.3125,-6.8125,-7.53125,-14.34375,-1.6875,4.41010914678159,4.50621629797894,202.86502075195312,207.28594970703125,46,46,0.09610715119735058,-4.41010914678159,-4.50621629797894,0.09610715119735058,[4344],[1650],[816],[4227],[816],[4227],"[""Ġfair""]","[""Ġexample""]","[""Ġjust""]","[""Ġinstance""]","[""Ġjust""]","[""Ġinstance""]"
18,prolex,"Another example of fair advertising is studying the trends and behaviour of consumers (e. g. packing children's toys in bright colored boxes), and we shall not consider this a method of manipulation whereas no false information was mentioned about this product.","Another instance of ethical advertising is studying the trends and behaviour of consumers (e. g. packing children's toys in bright colored boxes), and we shall not consider this a method of manipulation whereas no false information was mentioned about this product.",fair,ethical,19,23,example,instance,8,15,-10.125,-5.90625,-16.03125,-9.0,-7.59375,-16.59375,0.5625,-8.75,-7.53125,-16.28125,0.25,4.41010914678159,4.414508322010869,202.86502075195312,203.0673828125,46,46,0.004399175229279351,-4.41010914678159,-4.414508322010869,0.004399175229279351,[4344],[1650],[16289],[4227],[16289],[4227],"[""Ġfair""]","[""Ġexample""]","[""Ġethical""]","[""Ġinstance""]","[""Ġethical""]","[""Ġinstance""]"
19,prolex,Sometimes it seems to be better to have an advertisement in a newspaper for some articles because if there were no advertisements then nobody would know that there is a new product on the market.,Sometimes it appears to be better to have an advertisement in a newspaper for some items because if there were no advertisements then nobody would know that there is a new product on the market.,articles,items,81,89,seems,appears,13,18,-8.125,-2.71875,-10.84375,-5.9375,-5.65625,-11.59375,0.75,-5.53125,-5.65625,-11.1875,0.34375,2.8096121651785713,2.7538155691964286,98.33642578125,96.383544921875,35,35,-0.055796595982142705,-2.8096121651785713,-2.7538155691964286,-0.055796595982142705,[7774],[3133],[4957],[4620],[4957],[4620],"[""Ġarticles""]","[""Ġseems""]","[""Ġitems""]","[""Ġappears""]","[""Ġitems""]","[""Ġappears""]"
20,prolex,Sometimes it seems to be better to have an advertisement in a newspaper for some articles because if there were no advertisements then nobody would know that there is a new product on the market.,Sometimes it appears to be better to have an advertisement in a newspaper for some products because if there were no advertisements then nobody would know that there is a new product on the market.,articles,products,81,89,seems,appears,13,18,-8.125,-2.71875,-10.84375,-3.5,-5.65625,-9.15625,-1.6875,-3.890625,-5.65625,-9.546875,-1.296875,2.8096121651785713,2.6173409598214286,98.33642578125,91.60693359375,35,35,-0.1922712053571427,-2.8096121651785713,-2.6173409598214286,-0.1922712053571427,[7774],[3133],[3580],[4620],[3580],[4620],"[""Ġarticles""]","[""Ġseems""]","[""Ġproducts""]","[""Ġappears""]","[""Ġproducts""]","[""Ġappears""]"
21,prolex,Sometimes it seems to be better to have an advertisement in a newspaper for some articles because if there were no advertisements then nobody would know that there is a new product on the market.,Sometimes it appears to be better to have an advertisement in a newspaper for some goods because if there were no advertisements then nobody would know that there is a new product on the market.,articles,goods,81,89,seems,appears,13,18,-8.125,-2.71875,-10.84375,-5.1875,-5.65625,-10.84375,0.0,-5.65625,-5.65625,-11.3125,0.46875,2.8096121651785713,2.6955078125,98.33642578125,94.3427734375,35,35,-0.11410435267857144,-2.8096121651785713,-2.6955078125,-0.11410435267857144,[7774],[3133],[10229],[4620],[10229],[4620],"[""Ġarticles""]","[""Ġseems""]","[""Ġgoods""]","[""Ġappears""]","[""Ġgoods""]","[""Ġappears""]"
22,prolex,"For example, I love going to the cinema and obviously to do that I have to know what is on in the day I want to go to ; I must have an idea of which film I'm going to watch.","For instance, I love going to the cinema and obviously to do that I have to know what is on in the day I want to go to ; I must have an idea of which movie I'm going to watch.",film,movie,149,153,example,instance,4,11,-2.796875,-3.5625,-6.359375,-3.171875,-3.671875,-6.84375,0.484375,-3.09375,-3.6875,-6.78125,0.421875,2.7725886855014537,2.7810115370639537,119.2213134765625,119.58349609375,43,43,0.0084228515625,-2.7725886855014537,-2.7810115370639537,0.0084228515625,[3085],[1650],[6440],[4227],[6440],[4227],"[""Ġfilm""]","[""Ġexample""]","[""Ġmovie""]","[""Ġinstance""]","[""Ġmovie""]","[""Ġinstance""]"
23,prolex,"There are two main reasons; One is that modern society needs someone who has multiple backgrounds, and the other is that one specific academic subject is limited to defining the complex reality.","There are two primary reasons; One is that modern society needs someone who has multiple backgrounds, and the other is that one specific academic subject is limited to characterizing the complex reality.",defining,characterizing,165,173,main,primary,14,18,-9.5625,-2.53125,-12.09375,-13.375,-4.15625,-17.53125,5.4375,-13.5,-4.15625,-17.65625,5.5625,3.7222828584558822,3.908346737132353,126.5576171875,132.8837890625,34,34,0.18606387867647056,-3.7222828584558822,-3.908346737132353,0.18606387867647056,[13947],[2022],[39330],[3625],[39330],[3625],"[""Ġdefining""]","[""Ġmain""]","[""Ġcharacterizing""]","[""Ġprimary""]","[""Ġcharacterizing""]","[""Ġprimary""]"
25,prolex,"There are two main reasons; One is that modern society needs someone who has multiple backgrounds, and the other is that one specific academic subject is limited to defining the complex reality.","There are two primary reasons; One is that modern society needs someone who has multiple backgrounds, and the other is that one specific academic subject is limited to describing the complex reality.",defining,describing,165,173,main,primary,14,18,-9.5625,-2.53125,-12.09375,-7.65625,-4.15625,-11.8125,-0.28125,-7.84375,-4.15625,-12.0,-0.09375,3.7222828584558822,3.7479607077205883,126.5576171875,127.4306640625,34,34,0.025677849264706065,-3.7222828584558822,-3.7479607077205883,0.025677849264706065,[13947],[2022],[12930],[3625],[12930],[3625],"[""Ġdefining""]","[""Ġmain""]","[""Ġdescribing""]","[""Ġprimary""]","[""Ġdescribing""]","[""Ġprimary""]"
26,prolex,"There are two main reasons; One is that modern society needs someone who has multiple backgrounds, and the other is that one specific academic subject is limited to defining the complex reality.","There are two primary reasons; One is that modern society needs someone who has multiple backgrounds, and the other is that one specific academic subject is limited to specifying the complex reality.",defining,specifying,165,173,main,primary,14,18,-9.5625,-2.53125,-12.09375,-11.9375,-4.15625,-16.09375,4.0,-12.0625,-4.15625,-16.21875,4.125,3.7222828584558822,3.9717658547794117,126.5576171875,135.0400390625,34,34,0.24948299632352944,-3.7222828584558822,-3.9717658547794117,0.24948299632352944,[13947],[2022],[31238],[3625],[31238],[3625],"[""Ġdefining""]","[""Ġmain""]","[""Ġspecifying""]","[""Ġprimary""]","[""Ġspecifying""]","[""Ġprimary""]"
27,prolex,"The most popular author, named Steve King is known for horror stories.","The most popular writer, named Steve King is known for horror tales.",stories,tales,62,69,author,writer,17,23,-2.65625,-9.9375,-12.59375,-5.34375,-10.3125,-15.65625,3.0625,-4.90625,-10.3125,-15.21875,2.625,4.547626201923077,4.843900240384615,59.119140625,62.970703125,13,13,0.2962740384615383,-4.547626201923077,-4.843900240384615,0.2962740384615383,[6281],[2488],[25970],[8406],[25970],[8406],"[""Ġstories""]","[""Ġauthor""]","[""Ġtales""]","[""Ġwriter""]","[""Ġtales""]","[""Ġwriter""]"
31,prolex,"I am not saying that learning facts are not important in students' careers infact once they understand the ideas then they will start to apply those concepts but since the beginning of their student career they really need to absorbmore ideas that they can even support, as much as possible i mean.","I am not stating that learning facts are not important in students' careers infact once they understand the ideas then they will start to utilize those concepts but since the beginning of their student career they really need to absorbmore ideas that they can even support, as much as possible i mean.",apply,utilize,137,142,saying,stating,9,15,-2.015625,-3.25,-5.265625,-6.3125,-7.71875,-14.03125,8.765625,-5.8125,-7.75,-13.5625,8.296875,4.035993303571429,4.198346819196429,226.015625,235.107421875,56,56,0.162353515625,-4.035993303571429,-4.198346819196429,0.162353515625,[4647],[3981],[16584],[14851],[16584],[14851],"[""Ġapply""]","[""Ġsaying""]","[""Ġutilize""]","[""Ġstating""]","[""Ġutilize""]","[""Ġstating""]"
32,prolex,"I am not saying that learning facts are not important in students' careers infact once they understand the ideas then they will start to apply those concepts but since the beginning of their student career they really need to absorbmore ideas that they can even support, as much as possible i mean.","I am not stating that learning facts are not important in students' careers infact once they understand the ideas then they will start to employ those concepts but since the beginning of their student career they really need to absorbmore ideas that they can even support, as much as possible i mean.",apply,employ,137,142,saying,stating,9,15,-2.015625,-3.25,-5.265625,-7.375,-7.71875,-15.09375,9.828125,-7.0,-7.75,-14.75,9.484375,4.035993303571429,4.213169642857143,226.015625,235.9375,56,56,0.1771763392857144,-4.035993303571429,-4.213169642857143,0.1771763392857144,[4647],[3981],[2126],[14851],[2126],[14851],"[""Ġapply""]","[""Ġsaying""]","[""Ġemploy""]","[""Ġstating""]","[""Ġemploy""]","[""Ġstating""]"
33,prolex,"I am not saying that learning facts are not important in students' careers infact once they understand the ideas then they will start to apply those concepts but since the beginning of their student career they really need to absorbmore ideas that they can even support, as much as possible i mean.","I am not stating that learning facts are not important in students' careers infact once they understand the ideas then they will start to use those concepts but since the beginning of their student career they really need to absorbmore ideas that they can even support, as much as possible i mean.",apply,use,137,142,saying,stating,9,15,-2.015625,-3.25,-5.265625,-3.375,-7.71875,-11.09375,5.828125,-3.3125,-7.75,-11.0625,5.796875,4.035993303571429,4.151541573660714,226.015625,232.486328125,56,56,0.11554827008928559,-4.035993303571429,-4.151541573660714,0.11554827008928559,[4647],[3981],[897],[14851],[897],[14851],"[""Ġapply""]","[""Ġsaying""]","[""Ġuse""]","[""Ġstating""]","[""Ġuse""]","[""Ġstating""]"
34,prolex,"I am not saying that learning facts are not important in students' careers infact once they understand the ideas then they will start to apply those concepts but since the beginning of their student career they really need to absorbmore ideas that they can even support, as much as possible i mean.","I am not stating that learning facts are not important in students' careers infact once they understand the ideas then they will start to implement those concepts but since the beginning of their student career they really need to absorbmore ideas that they can even support, as much as possible i mean.",apply,implement,137,142,saying,stating,9,15,-2.015625,-3.25,-5.265625,-4.625,-7.71875,-12.34375,7.078125,-4.5625,-7.75,-12.3125,7.046875,4.035993303571429,4.170305524553571,226.015625,233.537109375,56,56,0.13431222098214235,-4.035993303571429,-4.170305524553571,0.13431222098214235,[4647],[3981],[3359],[14851],[3359],[14851],"[""Ġapply""]","[""Ġsaying""]","[""Ġimplement""]","[""Ġstating""]","[""Ġimplement""]","[""Ġstating""]"
35,prolex,They just want to do the daily things and never think about doing something different from others.,They merely want to do the daily things and never think about doing something distinct from others.,different,distinct,76,85,just,merely,5,9,-2.453125,-5.625,-8.078125,-11.875,-9.625,-21.5,13.421875,-10.5,-9.625,-20.125,12.046875,3.3072150735294117,3.9262408088235294,56.22265625,66.74609375,17,17,0.6190257352941178,-3.3072150735294117,-3.9262408088235294,0.6190257352941178,[1027],[816],[5799],[7960],[5799],[7960],"[""Ġdifferent""]","[""Ġjust""]","[""Ġdistinct""]","[""Ġmerely""]","[""Ġdistinct""]","[""Ġmerely""]"
36,prolex,They just want to do the daily things and never think about doing something different from others.,They merely want to do the daily things and never think about doing something unconventional from others.,different,unconventional,76,85,just,merely,5,9,-2.453125,-5.625,-8.078125,-9.1875,-9.625,-18.8125,10.734375,-9.1875,-9.625,-18.8125,10.734375,3.3072150735294117,4.057674632352941,56.22265625,68.98046875,17,17,0.7504595588235294,-3.3072150735294117,-4.057674632352941,0.7504595588235294,[1027],[816],[49799],[7960],[49799],[7960],"[""Ġdifferent""]","[""Ġjust""]","[""Ġunconventional""]","[""Ġmerely""]","[""Ġunconventional""]","[""Ġmerely""]"
37,prolex,"But in the long term, as I already said, it is much more effective to understand the concept which serves you as a valuable basis to put related knowledge on.","But in the long run, as I already stated, it is much more effective to understand the concept which serves you as a valuable basis to put related knowledge on.",term,run,16,20,said,stated,35,39,-1.78125,-1.5234375,-3.3046875,-0.28515625,-3.140625,-3.42578125,0.12109375,-0.28515625,-2.90625,-3.19140625,-0.11328125,3.46673583984375,3.3411865234375,110.935546875,106.91796875,32,32,-0.12554931640625,-3.46673583984375,-3.3411865234375,-0.12554931640625,[1307],[753],[1408],[4767],[1408],[4767],"[""Ġterm""]","[""Ġsaid""]","[""Ġrun""]","[""Ġstated""]","[""Ġrun""]","[""Ġstated""]"
38,prolex,"As I mentioned, lots of advertisements use exaggeration to attract buyers and persuade them how good the products","As I mentioned, lots of ads use exaggeration to attract consumers and persuade them how good the products",buyers,consumers,67,73,advertisements,ads,24,38,-4.75,-10.4375,-15.1875,-3.75,-8.875,-12.625,-2.5625,-4.28125,-8.875,-13.15625,-2.03125,4.0008994654605265,3.9699064555921053,76.01708984375,75.42822265625,19,19,-0.03099300986842124,-4.0008994654605265,-3.9699064555921053,-0.03099300986842124,[22251],[32933],[11349],[16557],[11349],[16557],"[""Ġbuyers""]","[""Ġadvertisements""]","[""Ġconsumers""]","[""Ġads""]","[""Ġconsumers""]","[""Ġads""]"
39,prolex,"As I mentioned, lots of advertisements use exaggeration to attract buyers and persuade them how good the products","As I mentioned, lots of ads use exaggeration to attract customers and persuade them how good the products",buyers,customers,67,73,advertisements,ads,24,38,-4.75,-10.4375,-15.1875,-2.75,-8.875,-11.625,-3.5625,-3.265625,-8.875,-12.140625,-3.046875,4.0008994654605265,3.9061215049342106,76.01708984375,74.21630859375,19,19,-0.09477796052631593,-4.0008994654605265,-3.9061215049342106,-0.09477796052631593,[22251],[32933],[6383],[16557],[6383],[16557],"[""Ġbuyers""]","[""Ġadvertisements""]","[""Ġcustomers""]","[""Ġads""]","[""Ġcustomers""]","[""Ġads""]"
40,prolex,"As I mentioned, lots of advertisements use exaggeration to attract buyers and persuade them how good the products","As I mentioned, lots of ads use exaggeration to attract shoppers and persuade them how good the products",buyers,shoppers,67,73,advertisements,ads,24,38,-4.75,-10.4375,-15.1875,-7.5625,-8.875,-16.4375,1.25,-7.90625,-8.875,-16.78125,1.59375,4.0008994654605265,4.161775287828948,76.01708984375,79.07373046875,19,19,0.16087582236842124,-4.0008994654605265,-4.161775287828948,0.16087582236842124,[22251],[32933],[48741],[16557],[48741],[16557],"[""Ġbuyers""]","[""Ġadvertisements""]","[""Ġshoppers""]","[""Ġads""]","[""Ġshoppers""]","[""Ġads""]"
42,prolex,"This promotion has a beautiful and effective visual part,but they miss the real point: the product.","This marketing has a beautiful and effective visual part,but they miss the actual point: the product.",promotion,marketing,5,14,real,actual,75,79,-10.375,-4.90625,-15.28125,-9.5,-6.4375,-15.9375,0.65625,-9.4375,-5.9375,-15.375,0.09375,4.8852796052631575,4.6675575657894735,92.8203125,88.68359375,19,19,-0.21772203947368407,-4.8852796052631575,-4.6675575657894735,-0.21772203947368407,[14892],[1524],[9137],[4588],[9137],[4588],"[""Ġpromotion""]","[""Ġreal""]","[""Ġmarketing""]","[""Ġactual""]","[""Ġmarketing""]","[""Ġactual""]"
43,prolex,"This promotion has a beautiful and effective visual part,but they miss the real point: the product.","This publicity has a beautiful and effective visual part,but they miss the actual point: the product.",promotion,publicity,5,14,real,actual,75,79,-10.375,-4.90625,-15.28125,-13.75,-6.4375,-20.1875,4.90625,-13.75,-5.71875,-19.46875,4.1875,4.8852796052631575,5.028166118421052,92.8203125,95.53515625,19,19,0.1428865131578947,-4.8852796052631575,-5.028166118421052,0.1428865131578947,[14892],[1524],[29957],[4588],[29957],[4588],"[""Ġpromotion""]","[""Ġreal""]","[""Ġpublicity""]","[""Ġactual""]","[""Ġpublicity""]","[""Ġactual""]"
44,prolex,"This promotion has a beautiful and effective visual part,but they miss the real point: the product.","This campaign has a beautiful and effective visual part,but they miss the actual point: the product.",promotion,campaign,5,14,real,actual,75,79,-10.375,-4.90625,-15.28125,-7.75,-6.4375,-14.1875,-1.09375,-7.75,-6.3125,-14.0625,-1.21875,4.8852796052631575,4.534333881578948,92.8203125,86.15234375,19,19,-0.35094572368420973,-4.8852796052631575,-4.534333881578948,-0.35094572368420973,[14892],[1524],[4544],[4588],[4544],[4588],"[""Ġpromotion""]","[""Ġreal""]","[""Ġcampaign""]","[""Ġactual""]","[""Ġcampaign""]","[""Ġactual""]"
45,prolex,"This promotion has a beautiful and effective visual part,but they miss the real point: the product.","This advertisement has a beautiful and effective visual part,but they miss the actual point: the product.",promotion,advertisement,5,14,real,actual,75,79,-10.375,-4.90625,-15.28125,-10.875,-6.4375,-17.3125,2.03125,-10.875,-6.03125,-16.90625,1.625,4.8852796052631575,4.9712171052631575,92.8203125,94.453125,19,19,0.0859375,-4.8852796052631575,-4.9712171052631575,0.0859375,[14892],[1524],[28064],[4588],[28064],[4588],"[""Ġpromotion""]","[""Ġreal""]","[""Ġadvertisement""]","[""Ġactual""]","[""Ġadvertisement""]","[""Ġactual""]"
50,prolex,Children tell the funny word in their school and laugh with friends.,Children say the funny joke in their school and laugh with friends.,word,joke,24,28,tell,say,9,13,-7.75,-9.5,-17.25,-6.125,-8.5625,-14.6875,-2.5625,-6.65625,-8.625,-15.28125,-1.96875,4.730143229166667,4.568684895833333,56.76171875,54.82421875,12,12,-0.16145833333333393,-4.730143229166667,-4.568684895833333,-0.16145833333333393,[3159],[2028],[16391],[1333],[16391],[1333],"[""Ġword""]","[""Ġtell""]","[""Ġjoke""]","[""Ġsay""]","[""Ġjoke""]","[""Ġsay""]"
51,prolex,Children tell the funny word in their school and laugh with friends.,Children say the funny pun in their school and laugh with friends.,word,pun,24,28,tell,say,9,13,-7.75,-9.5,-17.25,-11.5625,-8.5625,-20.125,2.875,-9.25,-8.625,-17.875,0.625,4.730143229166667,4.9482421875,56.76171875,59.37890625,12,12,0.21809895833333304,-4.730143229166667,-4.9482421875,0.21809895833333304,[3159],[2028],[5419],[1333],[5419],[1333],"[""Ġword""]","[""Ġtell""]","[""Ġpun""]","[""Ġsay""]","[""Ġpun""]","[""Ġsay""]"
52,prolex,Children tell the funny word in their school and laugh with friends.,Children say the funny story in their school and laugh with friends.,word,story,24,28,tell,say,9,13,-7.75,-9.5,-17.25,-2.375,-8.5625,-10.9375,-6.3125,-5.65625,-8.625,-14.28125,-2.96875,4.730143229166667,4.615234375,56.76171875,55.3828125,12,12,-0.11490885416666696,-4.730143229166667,-4.615234375,-0.11490885416666696,[3159],[2028],[2926],[1333],[2926],[1333],"[""Ġword""]","[""Ġtell""]","[""Ġstory""]","[""Ġsay""]","[""Ġstory""]","[""Ġsay""]"
53,prolex,So a special company interested in heat exchangers can offer a job to the second guy.,So a particular company interested in heat exchangers can offer a job to the second individual.,guy,individual,81,84,special,particular,5,12,-4.6875,-6.40625,-11.09375,-9.0,-8.6875,-17.6875,6.59375,-7.6875,-8.6875,-16.375,5.28125,4.783450855928309,4.769237742704504,81.31866455078125,81.07704162597656,17,17,-0.014213113223805252,-4.783450855928309,-4.769237742704504,-0.014213113223805252,[5599],[2714],[2060],[1798],[2060],[1798],"[""Ġguy""]","[""Ġspecial""]","[""Ġindividual""]","[""Ġparticular""]","[""Ġindividual""]","[""Ġparticular""]"
54,prolex,So a special company interested in heat exchangers can offer a job to the second guy.,So a particular company interested in heat exchangers can offer a job to the second person.,guy,person,81,84,special,particular,5,12,-4.6875,-6.40625,-11.09375,-3.5625,-8.6875,-12.25,1.15625,-2.9375,-8.6875,-11.625,0.53125,4.783450855928309,4.509587007410386,81.31866455078125,76.66297912597656,17,17,-0.273863848517923,-4.783450855928309,-4.509587007410386,-0.273863848517923,[5599],[2714],[1436],[1798],[1436],[1798],"[""Ġguy""]","[""Ġspecial""]","[""Ġperson""]","[""Ġparticular""]","[""Ġperson""]","[""Ġparticular""]"
55,prolex,For example forty years ago there was not the sport of paragliding and the people in the past couldnot find time to enjoy the enjoyment of the sport.,For instance forty years ago there was not the activity of paragliding and the people in the past couldnot find time to enjoy the enjoyment of the sport.,sport,activity,46,51,example,instance,4,11,-10.4375,-3.703125,-14.140625,-8.875,-3.671875,-12.546875,-1.59375,-8.9375,-3.765625,-12.703125,-1.4375,3.3835277557373047,3.60272216796875,108.27288818359375,115.287109375,32,32,0.2191944122314453,-3.3835277557373047,-3.60272216796875,0.2191944122314453,[9678],[1650],[2425],[4227],[2425],[4227],"[""Ġsport""]","[""Ġexample""]","[""Ġactivity""]","[""Ġinstance""]","[""Ġactivity""]","[""Ġinstance""]"
56,prolex,For example forty years ago there was not the sport of paragliding and the people in the past couldnot find time to enjoy the enjoyment of the sport.,For instance forty years ago there was not the recreation of paragliding and the people in the past couldnot find time to enjoy the enjoyment of the sport.,sport,recreation,46,51,example,instance,4,11,-10.4375,-3.703125,-14.140625,-11.0,-3.671875,-14.671875,0.53125,-11.0625,-3.765625,-14.828125,0.6875,3.3835277557373047,3.5322723388671875,108.27288818359375,113.03271484375,32,32,0.1487445831298828,-3.3835277557373047,-3.5322723388671875,0.1487445831298828,[9678],[1650],[37481],[4227],[37481],[4227],"[""Ġsport""]","[""Ġexample""]","[""Ġrecreation""]","[""Ġinstance""]","[""Ġrecreation""]","[""Ġinstance""]"
58,prolex,For example forty years ago there was not the sport of paragliding and the people in the past couldnot find time to enjoy the enjoyment of the sport.,For instance forty years ago there was not the hobby of paragliding and the people in the past couldnot find time to enjoy the enjoyment of the sport.,sport,hobby,46,51,example,instance,4,11,-10.4375,-3.703125,-14.140625,-10.75,-3.671875,-14.421875,0.28125,-10.9375,-3.765625,-14.703125,0.5625,3.3835277557373047,3.416034698486328,108.27288818359375,109.3131103515625,32,32,0.03250694274902344,-3.3835277557373047,-3.416034698486328,0.03250694274902344,[9678],[1650],[34057],[4227],[34057],[4227],"[""Ġsport""]","[""Ġexample""]","[""Ġhobby""]","[""Ġinstance""]","[""Ġhobby""]","[""Ġinstance""]"
63,prolex,For example there is Brett Favre who is hitting 40 pretty soon.,For instance there is Brett Favre who is hitting 40 fairly soon.,pretty,fairly,51,57,example,instance,4,11,-9.6875,-3.625,-13.3125,-12.5,-3.671875,-16.171875,2.859375,-12.3125,-3.375,-15.6875,2.375,4.056403023856027,4.23768070765904,56.789642333984375,59.32752990722656,14,14,0.181277683803013,-4.056403023856027,-4.23768070765904,0.181277683803013,[3965],[1650],[9648],[4227],[9648],[4227],"[""Ġpretty""]","[""Ġexample""]","[""Ġfairly""]","[""Ġinstance""]","[""Ġfairly""]","[""Ġinstance""]"
64,prolex,For example there is Brett Favre who is hitting 40 pretty soon.,For instance there is Brett Favre who is hitting 40 quite soon.,pretty,quite,51,57,example,instance,4,11,-9.6875,-3.625,-13.3125,-10.3125,-3.671875,-13.984375,0.671875,-9.9375,-3.375,-13.3125,0.0,4.056403023856027,4.0546449933733255,56.789642333984375,56.76502990722656,14,14,-0.0017580304827014004,-4.056403023856027,-4.0546449933733255,-0.0017580304827014004,[3965],[1650],[3240],[4227],[3240],[4227],"[""Ġpretty""]","[""Ġexample""]","[""Ġquite""]","[""Ġinstance""]","[""Ġquite""]","[""Ġinstance""]"
65,prolex,For example there is Brett Favre who is hitting 40 pretty soon.,For instance there is Brett Favre who is hitting 40 rather soon.,pretty,rather,51,57,example,instance,4,11,-9.6875,-3.625,-13.3125,-9.875,-3.671875,-13.546875,0.234375,-9.5,-3.375,-12.875,-0.4375,4.056403023856027,4.0312074933733255,56.789642333984375,56.43690490722656,14,14,-0.0251955304827014,-4.056403023856027,-4.0312074933733255,-0.0251955304827014,[3965],[1650],[2581],[4227],[2581],[4227],"[""Ġpretty""]","[""Ġexample""]","[""Ġrather""]","[""Ġinstance""]","[""Ġrather""]","[""Ġinstance""]"
66,prolex,For example there is Brett Favre who is hitting 40 pretty soon.,For instance there is Brett Favre who is hitting 40 relatively soon.,pretty,relatively,51,57,example,instance,4,11,-9.6875,-3.625,-13.3125,-12.0625,-3.671875,-15.734375,2.421875,-11.8125,-3.375,-15.1875,1.875,4.056403023856027,4.147278921944754,56.789642333984375,58.06190490722656,14,14,0.09087589808872742,-4.056403023856027,-4.147278921944754,0.09087589808872742,[3965],[1650],[4942],[4227],[4942],[4227],"[""Ġpretty""]","[""Ġexample""]","[""Ġrelatively""]","[""Ġinstance""]","[""Ġrelatively""]","[""Ġinstance""]"
67,prolex,"As for me, however, I agree with the specializing one specific subject for the following two reasons : we can not only focus on one specific subject but also have the opportunity of an excellent job.","As for me, nevertheless, I agree with the specializing one specific subject for the following two reasons : we can not only focus on one specific subject but also have the chance of an excellent job.",opportunity,chance,167,178,however,nevertheless,11,18,-1.6484375,-7.28125,-8.9296875,-2.15625,-11.9375,-14.09375,5.1640625,-2.0,-11.9375,-13.9375,5.0078125,3.5071739783653846,3.6314853766025643,136.77978515625,141.6279296875,39,39,0.12431139823717974,-3.5071739783653846,-3.6314853766025643,0.12431139823717974,[5107],[2299],[4839],[17837],[4839],[17837],"[""Ġopportunity""]","[""Ġhowever""]","[""Ġchance""]","[""Ġnevertheless""]","[""Ġchance""]","[""Ġnevertheless""]"
68,prolex,"As for me, however, I agree with the specializing one specific subject for the following two reasons : we can not only focus on one specific subject but also have the opportunity of an excellent job.","As for me, nevertheless, I agree with the specializing one specific subject for the following two reasons : we can not only focus on one specific subject but also have the possibility of an excellent job.",opportunity,possibility,167,178,however,nevertheless,11,18,-1.6484375,-7.28125,-8.9296875,-2.65625,-11.9375,-14.59375,5.6640625,-2.625,-11.9375,-14.5625,5.6328125,3.5071739783653846,3.640900440705128,136.77978515625,141.9951171875,39,39,0.1337264623397436,-3.5071739783653846,-3.640900440705128,0.1337264623397436,[5107],[2299],[6387],[17837],[6387],[17837],"[""Ġopportunity""]","[""Ġhowever""]","[""Ġpossibility""]","[""Ġnevertheless""]","[""Ġpossibility""]","[""Ġnevertheless""]"
69,prolex,"As for me, however, I agree with the specializing one specific subject for the following two reasons : we can not only focus on one specific subject but also have the opportunity of an excellent job.","As for me, nevertheless, I agree with the specializing one specific subject for the following two reasons : we can not only focus on one specific subject but also have the prospect of an excellent job.",opportunity,prospect,167,178,however,nevertheless,11,18,-1.6484375,-7.28125,-8.9296875,-7.53125,-11.9375,-19.46875,10.5390625,-6.875,-11.9375,-18.8125,9.8828125,3.5071739783653846,3.669345953525641,136.77978515625,143.1044921875,39,39,0.1621719751602564,-3.5071739783653846,-3.669345953525641,0.1621719751602564,[5107],[2299],[11091],[17837],[11091],[17837],"[""Ġopportunity""]","[""Ġhowever""]","[""Ġprospect""]","[""Ġnevertheless""]","[""Ġprospect""]","[""Ġnevertheless""]"
70,prolex,"As for me, however, I agree with the specializing one specific subject for the following two reasons : we can not only focus on one specific subject but also have the opportunity of an excellent job.","As for me, nevertheless, I agree with the specializing one specific subject for the following two reasons : we can not only focus on one specific subject but also have the potential of an excellent job.",opportunity,potential,167,178,however,nevertheless,11,18,-1.6484375,-7.28125,-8.9296875,-5.28125,-11.9375,-17.21875,8.2890625,-5.0625,-11.9375,-17.0,8.0703125,3.5071739783653846,3.7220302483974357,136.77978515625,145.1591796875,39,39,0.2148562700320511,-3.5071739783653846,-3.7220302483974357,0.2148562700320511,[5107],[2299],[2442],[17837],[2442],[17837],"[""Ġopportunity""]","[""Ġhowever""]","[""Ġpotential""]","[""Ġnevertheless""]","[""Ġpotential""]","[""Ġnevertheless""]"
71,prolex,"Governments encourage people to use public transportation rather than their own cars, and this will decrease the numbers of cars.","Governments encourage people to use public transportation rather than their own automobiles, and this will reduce the numbers of cars.",decrease,reduce,100,108,cars,automobiles,80,84,-4.375,-1.0625,-5.4375,-2.21875,-3.9375,-6.15625,0.71875,-2.140625,-3.9375,-6.078125,0.640625,2.455569180575284,2.549319180575284,54.02252197265625,56.08502197265625,22,22,0.09375,-2.455569180575284,-2.549319180575284,0.09375,[6379],[8458],[4796],[45056],[4796],[45056],"[""Ġdecrease""]","[""Ġcars""]","[""Ġreduce""]","[""Ġautomobiles""]","[""Ġreduce""]","[""Ġautomobiles""]"
73,prolex,"Governments encourage people to use public transportation rather than their own cars, and this will decrease the numbers of cars.","Governments encourage people to use public transportation rather than their own automobiles, and this will diminish the numbers of cars.",decrease,diminish,100,108,cars,automobiles,80,84,-4.375,-1.0625,-5.4375,-7.59375,-3.9375,-11.53125,6.09375,-7.1875,-3.9375,-11.125,5.6875,2.455569180575284,2.725411155007102,54.02252197265625,59.95904541015625,22,22,0.2698419744318179,-2.455569180575284,-2.725411155007102,0.2698419744318179,[6379],[8458],[37856],[45056],[37856],[45056],"[""Ġdecrease""]","[""Ġcars""]","[""Ġdiminish""]","[""Ġautomobiles""]","[""Ġdiminish""]","[""Ġautomobiles""]"
74,prolex,"Governments encourage people to use public transportation rather than their own cars, and this will decrease the numbers of cars.","Governments encourage people to use public transportation rather than their own automobiles, and this will cut the numbers of cars.",decrease,cut,100,108,cars,automobiles,80,84,-4.375,-1.0625,-5.4375,-4.71875,-3.9375,-8.65625,3.21875,-4.75,-3.9375,-8.6875,3.25,2.455569180575284,2.765250466086648,54.02252197265625,60.83551025390625,22,22,0.30968128551136376,-2.455569180575284,-2.765250466086648,0.30968128551136376,[6379],[8458],[2624],[45056],[2624],[45056],"[""Ġdecrease""]","[""Ġcars""]","[""Ġcut""]","[""Ġautomobiles""]","[""Ġcut""]","[""Ġautomobiles""]"
75,prolex,"Governments encourage people to use public transportation rather than their own cars, and this will decrease the numbers of cars.","Governments encourage people to use public transportation rather than their own automobiles, and this will lower the numbers of cars.",decrease,lower,100,108,cars,automobiles,80,84,-4.375,-1.0625,-5.4375,-4.59375,-3.9375,-8.53125,3.09375,-4.5,-3.9375,-8.4375,3.0,2.455569180575284,2.637753573330966,54.02252197265625,58.03057861328125,22,22,0.18218439275568166,-2.455569180575284,-2.637753573330966,0.18218439275568166,[6379],[8458],[2406],[45056],[2406],[45056],"[""Ġdecrease""]","[""Ġcars""]","[""Ġlower""]","[""Ġautomobiles""]","[""Ġlower""]","[""Ġautomobiles""]"
76,prolex,"And They said to all schoolchildren in Japan that they must have a special class which is called ""social class"".","And They stated to all schoolchildren in Japan that they must have a special course which is called ""social class"".",class,course,75,80,said,stated,9,13,-5.125,-6.5625,-11.6875,-5.9375,-12.9375,-18.875,7.1875,-6.0625,-12.8125,-18.875,7.1875,4.380681818181818,4.5031960227272725,96.375,99.0703125,22,22,0.12251420454545414,-4.380681818181818,-4.5031960227272725,0.12251420454545414,[966],[753],[2282],[4767],[2282],[4767],"[""Ġclass""]","[""Ġsaid""]","[""Ġcourse""]","[""Ġstated""]","[""Ġcourse""]","[""Ġstated""]"
77,prolex,In most cases these places are dirty because young people misuse these places for hanging around and destroyingthem.,In most cases these places are filthy because youthful people misuse these places for hanging around and destroyingthem.,dirty,filthy,31,36,young,youthful,45,50,-8.0,-8.5625,-16.5625,-8.6875,-14.75,-23.4375,6.875,-8.625,-14.8125,-23.4375,6.875,4.652035361842105,5.127569901315789,88.388671875,97.423828125,19,19,0.47553453947368407,-4.652035361842105,-5.127569901315789,0.47553453947368407,[16076],[2872],[46280],[44098],[46280],[44098],"[""Ġdirty""]","[""Ġyoung""]","[""Ġfilthy""]","[""Ġyouthful""]","[""Ġfilthy""]","[""Ġyouthful""]"
78,prolex,"With the advent of TV, the advertisement has greater effects on TV than newspapers and magazines.","With the advent of TV, the ad has greater influence on TV than newspapers and magazines.",effects,influence,53,60,advertisement,ad,27,40,-5.9375,-9.0,-14.9375,-3.171875,-7.46875,-10.640625,-4.296875,-4.0,-7.5,-11.5,-3.4375,3.5794964958639706,3.6203972311580883,60.8514404296875,61.5467529296875,17,17,0.04090073529411775,-3.5794964958639706,-3.6203972311580883,0.04090073529411775,[2538],[28064],[4833],[519],[4833],[519],"[""Ġeffects""]","[""Ġadvertisement""]","[""Ġinfluence""]","[""Ġad""]","[""Ġinfluence""]","[""Ġad""]"
79,prolex,"With the advent of TV, the advertisement has greater effects on TV than newspapers and magazines.","With the advent of TV, the ad has greater impact on TV than newspapers and magazines.",effects,impact,53,60,advertisement,ad,27,40,-5.9375,-9.0,-14.9375,-2.171875,-7.46875,-9.640625,-5.296875,-2.0,-7.5,-9.5,-5.4375,3.5794964958639706,3.512860466452206,60.8514404296875,59.7186279296875,17,17,-0.0666360294117645,-3.5794964958639706,-3.512860466452206,-0.0666360294117645,[2538],[28064],[3486],[519],[3486],[519],"[""Ġeffects""]","[""Ġadvertisement""]","[""Ġimpact""]","[""Ġad""]","[""Ġimpact""]","[""Ġad""]"
80,prolex,"With the advent of TV, the advertisement has greater effects on TV than newspapers and magazines.","With the advent of TV, the ad has greater sway on TV than newspapers and magazines.",effects,sway,53,60,advertisement,ad,27,40,-5.9375,-9.0,-14.9375,-7.3125,-7.46875,-14.78125,-0.15625,-6.75,-7.5,-14.25,-0.6875,3.5794964958639706,3.889468922334559,60.8514404296875,66.1209716796875,17,17,0.3099724264705883,-3.5794964958639706,-3.889468922334559,0.3099724264705883,[2538],[28064],[26740],[519],[26740],[519],"[""Ġeffects""]","[""Ġadvertisement""]","[""Ġsway""]","[""Ġad""]","[""Ġsway""]","[""Ġad""]"
81,prolex,I agree with this statement because instead of trying the same things try to go for new things that will give us new knowledge.,I agree with this assertion because instead of attempting the same things try to go for new things that will give us new knowledge.,statement,assertion,18,27,trying,attempting,47,53,-3.875,-4.0625,-7.9375,-8.3125,-7.875,-16.1875,8.25,-8.3125,-6.625,-14.9375,7.0,3.486790974934896,3.8708597819010415,83.6829833984375,92.900634765625,24,24,0.38406880696614554,-3.486790974934896,-3.8708597819010415,0.38406880696614554,[3908],[2820],[17077],[13756],[17077],[13756],"[""Ġstatement""]","[""Ġtrying""]","[""Ġassertion""]","[""Ġattempting""]","[""Ġassertion""]","[""Ġattempting""]"
82,prolex,I agree with this statement because instead of trying the same things try to go for new things that will give us new knowledge.,I agree with this remark because instead of attempting the same things try to go for new things that will give us new knowledge.,statement,remark,18,27,trying,attempting,47,53,-3.875,-4.0625,-7.9375,-7.8125,-7.875,-15.6875,7.75,-7.8125,-7.53125,-15.34375,7.40625,3.486790974934896,3.844573974609375,83.6829833984375,92.269775390625,24,24,0.357782999674479,-3.486790974934896,-3.844573974609375,0.357782999674479,[3908],[2820],[7579],[13756],[7579],[13756],"[""Ġstatement""]","[""Ġtrying""]","[""Ġremark""]","[""Ġattempting""]","[""Ġremark""]","[""Ġattempting""]"
83,prolex,"according to this statement, i think that students should learn the facts more than just understand the ideas and concepts because if they just understand the ideas and the concepts, they don't really understand what they have learnt.","according to this assertion, i think that students should learn the facts more than just understand the theories and concepts because if they just understand the ideas and the concepts, they don't really understand what they have learnt.",ideas,theories,104,109,statement,assertion,18,27,-4.53125,-5.5625,-10.09375,-3.65625,-7.9375,-11.59375,1.5,-3.8125,-7.9375,-11.75,1.65625,2.8236947408536586,2.974657012195122,115.771484375,121.9609375,41,41,0.15096227134146334,-2.8236947408536586,-2.974657012195122,0.15096227134146334,[5697],[3908],[11813],[17077],[11813],[17077],"[""Ġideas""]","[""Ġstatement""]","[""Ġtheories""]","[""Ġassertion""]","[""Ġtheories""]","[""Ġassertion""]"
84,prolex,"according to this statement, i think that students should learn the facts more than just understand the ideas and concepts because if they just understand the ideas and the concepts, they don't really understand what they have learnt.","according to this assertion, i think that students should learn the facts more than just understand the concepts and concepts because if they just understand the ideas and the concepts, they don't really understand what they have learnt.",ideas,concepts,104,109,statement,assertion,18,27,-4.53125,-5.5625,-10.09375,-2.90625,-7.9375,-10.84375,0.75,-3.0625,-7.9375,-11.0,0.90625,2.8236947408536586,3.015529725609756,115.771484375,123.63671875,41,41,0.19183498475609762,-2.8236947408536586,-3.015529725609756,0.19183498475609762,[5697],[3908],[12342],[17077],[12342],[17077],"[""Ġideas""]","[""Ġstatement""]","[""Ġconcepts""]","[""Ġassertion""]","[""Ġconcepts""]","[""Ġassertion""]"
85,prolex,"according to this statement, i think that students should learn the facts more than just understand the ideas and concepts because if they just understand the ideas and the concepts, they don't really understand what they have learnt.","according to this assertion, i think that students should learn the facts more than just understand the principles and concepts because if they just understand the ideas and the concepts, they don't really understand what they have learnt.",ideas,principles,104,109,statement,assertion,18,27,-4.53125,-5.5625,-10.09375,-5.40625,-7.9375,-13.34375,3.25,-5.25,-7.9375,-13.1875,3.09375,2.8236947408536586,3.0460651676829267,115.771484375,124.888671875,41,41,0.2223704268292681,-2.8236947408536586,-3.0460651676829267,0.2223704268292681,[5697],[3908],[9241],[17077],[9241],[17077],"[""Ġideas""]","[""Ġstatement""]","[""Ġprinciples""]","[""Ġassertion""]","[""Ġprinciples""]","[""Ġassertion""]"
86,prolex,"there are 3 reasons supporting my point of view, it is more important for students to understand ideas and concepts than it is for them to learn facts.","there are 3 reasons supporting my point of view, it is more vital for pupils to understand ideas and concepts than it is for them to learn facts.",important,vital,60,69,students,pupils,74,82,-2.859375,-4.6875,-7.546875,-8.125,-8.5625,-16.6875,9.140625,-8.125,-7.59375,-15.71875,8.171875,2.816797716864224,3.3211154280037714,81.6871337890625,96.31234741210938,29,29,0.5043177111395472,-2.816797716864224,-3.3211154280037714,0.5043177111395472,[1774],[3484],[12232],[30980],[12232],[30980],"[""Ġimportant""]","[""Ġstudents""]","[""Ġvital""]","[""Ġpupils""]","[""Ġvital""]","[""Ġpupils""]"
87,prolex,"there are 3 reasons supporting my point of view, it is more important for students to understand ideas and concepts than it is for them to learn facts.","there are 3 reasons supporting my point of view, it is more crucial for pupils to understand ideas and concepts than it is for them to learn facts.",important,crucial,60,69,students,pupils,74,82,-2.859375,-4.6875,-7.546875,-7.46875,-8.5625,-16.03125,8.484375,-7.46875,-8.25,-15.71875,8.171875,2.816797716864224,3.2801524195177802,81.6871337890625,95.12442016601562,29,29,0.46335470265355605,-2.816797716864224,-3.2801524195177802,0.46335470265355605,[1774],[3484],[9560],[30980],[9560],[30980],"[""Ġimportant""]","[""Ġstudents""]","[""Ġcrucial""]","[""Ġpupils""]","[""Ġcrucial""]","[""Ġpupils""]"
88,prolex,"there are 3 reasons supporting my point of view, it is more important for students to understand ideas and concepts than it is for them to learn facts.","there are 3 reasons supporting my point of view, it is more essential for pupils to understand ideas and concepts than it is for them to learn facts.",important,essential,60,69,students,pupils,74,82,-2.859375,-4.6875,-7.546875,-7.71875,-8.5625,-16.28125,8.734375,-7.71875,-8.125,-15.84375,8.296875,2.816797716864224,3.288426892510776,81.6871337890625,95.3643798828125,29,29,0.4716291756465516,-2.816797716864224,-3.288426892510776,0.4716291756465516,[1774],[3484],[5667],[30980],[5667],[30980],"[""Ġimportant""]","[""Ġstudents""]","[""Ġessential""]","[""Ġpupils""]","[""Ġessential""]","[""Ġpupils""]"
89,prolex,"there are 3 reasons supporting my point of view, it is more important for students to understand ideas and concepts than it is for them to learn facts.","there are 3 reasons supporting my point of view, it is more imperative for pupils to understand ideas and concepts than it is for them to learn facts.",important,imperative,60,69,students,pupils,74,82,-2.859375,-4.6875,-7.546875,-9.0,-8.5625,-17.5625,10.015625,-9.0,-9.125,-18.125,10.578125,2.816797716864224,3.2502609779094827,81.6871337890625,94.257568359375,29,29,0.43346326104525845,-2.816797716864224,-3.2502609779094827,0.43346326104525845,[1774],[3484],[30048],[30980],[30048],[30980],"[""Ġimportant""]","[""Ġstudents""]","[""Ġimperative""]","[""Ġpupils""]","[""Ġimperative""]","[""Ġpupils""]"
90,prolex,"Because young people have things that it is hard for older people to get ; time, curiosity, and responsibility.","Because youthful people have things that it is hard for older people to get ; time, curiosity, and duty.",responsibility,duty,96,110,young,youthful,8,13,-6.46875,-9.125,-15.59375,-11.875,-12.75,-24.625,9.03125,-9.875,-12.6875,-22.5625,6.96875,3.7620907738095237,4.140113467261905,79.00390625,86.9423828125,21,21,0.3780226934523814,-3.7620907738095237,-4.140113467261905,0.3780226934523814,[8294],[2872],[7143],[44098],[7143],[44098],"[""Ġresponsibility""]","[""Ġyoung""]","[""Ġduty""]","[""Ġyouthful""]","[""Ġduty""]","[""Ġyouthful""]"
91,prolex,I think this is a good example of how people's reaction relies on the images they present.,I believe this is a good example of how people's reaction relies on the appearances they present.,images,appearances,70,76,think,believe,2,7,-8.875,-3.15625,-12.03125,-12.8125,-5.125,-17.9375,5.90625,-12.625,-5.09375,-17.71875,5.6875,3.2476128472222223,3.6010199652777777,58.45703125,64.818359375,18,18,0.35340711805555536,-3.2476128472222223,-3.6010199652777777,0.35340711805555536,[3888],[1158],[18655],[2868],[18655],[2868],"[""Ġimages""]","[""Ġthink""]","[""Ġappearances""]","[""Ġbelieve""]","[""Ġappearances""]","[""Ġbelieve""]"
92,prolex,"For example if you go to fast foodrestaurants, they have meals that are cheaper than meals that you can find in other kinds of restaurants.","For instance if you go to fast foodrestaurants, they have dishes that are cheaper than meals that you can find in other kinds of restaurants.",meals,dishes,57,62,example,instance,4,11,-7.375,-3.671875,-11.046875,-7.8125,-3.671875,-11.484375,0.4375,-7.96875,-3.546875,-11.515625,0.46875,2.765239847117457,2.8730984391837286,80.19195556640625,83.31985473632812,29,29,0.1078585920662718,-2.765239847117457,-2.8730984391837286,0.1078585920662718,[16961],[1650],[17114],[4227],[17114],[4227],"[""Ġmeals""]","[""Ġexample""]","[""Ġdishes""]","[""Ġinstance""]","[""Ġdishes""]","[""Ġinstance""]"
93,prolex,"So, in my view we should not blindly rely on these advertisements rather we should learn more about the product and should compare it with other products.","So, in my view we should not blindly depend on these ads rather we should learn more about the product and should compare it with other products.",rely,depend,37,41,advertisements,ads,51,65,-4.34375,-9.0625,-13.40625,-6.65625,-8.3125,-14.96875,1.5625,-6.59375,-8.3125,-14.90625,1.5,2.8446928879310347,2.9092638739224137,82.49609375,84.36865234375,29,29,0.064570985991379,-2.8446928879310347,-2.9092638739224137,0.064570985991379,[10725],[32933],[3469],[16557],[3469],[16557],"[""Ġrely""]","[""Ġadvertisements""]","[""Ġdepend""]","[""Ġads""]","[""Ġdepend""]","[""Ġads""]"
94,prolex,"So, in my view we should not blindly rely on these advertisements rather we should learn more about the product and should compare it with other products.","So, in my view we should not blindly trust on these ads rather we should learn more about the product and should compare it with other products.",rely,trust,37,41,advertisements,ads,51,65,-4.34375,-9.0625,-13.40625,-2.484375,-8.3125,-10.796875,-2.609375,-2.46875,-7.65625,-10.125,-3.28125,2.8446928879310347,2.8973430765086206,82.49609375,84.02294921875,29,29,0.052650188577585855,-2.8446928879310347,-2.8973430765086206,0.052650188577585855,[10725],[32933],[4517],[16557],[4517],[16557],"[""Ġrely""]","[""Ġadvertisements""]","[""Ġtrust""]","[""Ġads""]","[""Ġtrust""]","[""Ġads""]"
95,prolex,But i have personally an objection to both statements: a young heart can still exist in old bodies if one knows how to enjoy his life and make himself happy.,But i have personally an objection to both statements: a youthful spirit can still exist in old bodies if one knows how to enjoy his life and make himself happy.,heart,spirit,63,68,young,youthful,57,62,-8.0625,-8.25,-16.3125,-8.75,-13.0625,-21.8125,5.5,-6.1875,-13.0625,-19.25,2.9375,4.21515877016129,4.292259954637097,130.669921875,133.06005859375,31,31,0.07710118447580694,-4.21515877016129,-4.292259954637097,0.07710118447580694,[2798],[2872],[5968],[44098],[5968],[44098],"[""Ġheart""]","[""Ġyoung""]","[""Ġspirit""]","[""Ġyouthful""]","[""Ġspirit""]","[""Ġyouthful""]"
96,prolex,But i have personally an objection to both statements: a young heart can still exist in old bodies if one knows how to enjoy his life and make himself happy.,But i have personally an objection to both statements: a youthful soul can still exist in old bodies if one knows how to enjoy his life and make himself happy.,heart,soul,63,68,young,youthful,57,62,-8.0625,-8.25,-16.3125,-7.125,-13.0625,-20.1875,3.875,-6.5625,-13.0625,-19.625,3.3125,4.21515877016129,4.3740234375,130.669921875,135.5947265625,31,31,0.15886466733870996,-4.21515877016129,-4.3740234375,0.15886466733870996,[2798],[2872],[7765],[44098],[7765],[44098],"[""Ġheart""]","[""Ġyoung""]","[""Ġsoul""]","[""Ġyouthful""]","[""Ġsoul""]","[""Ġyouthful""]"
97,prolex,"including, i think the number of cars in the industrial countries, like the usa and germany, will decline in the next 20 years.","including, i believe the number of cars in the developed countries, like the usa and germany, will decline in the next 20 years.",industrial,developed,45,55,think,believe,13,18,-10.25,-4.375,-14.625,-10.1875,-5.125,-15.3125,0.6875,-10.25,-5.0625,-15.3125,0.6875,3.291003908429827,3.104963575090681,92.14810943603516,86.93898010253906,28,28,-0.18604033333914582,-3.291003908429827,-3.104963575090681,-0.18604033333914582,[9787],[1158],[3715],[2868],[3715],[2868],"[""Ġindustrial""]","[""Ġthink""]","[""Ġdeveloped""]","[""Ġbelieve""]","[""Ġdeveloped""]","[""Ġbelieve""]"
99,prolex,These are the reasons why I think in twenty years there will be fewer cars in use than there are  today.,These are the reasons why I believe in twenty years there will be less cars in use than there are  today.,fewer,less,64,69,think,believe,28,33,-3.671875,-3.046875,-6.71875,-3.984375,-3.109375,-7.09375,0.375,-4.28125,-3.109375,-7.390625,0.671875,3.0032848011363638,3.2259410511363638,66.072265625,70.970703125,22,22,0.22265625,-3.0032848011363638,-3.2259410511363638,0.22265625,[11184],[1158],[1679],[2868],[1679],[2868],"[""Ġfewer""]","[""Ġthink""]","[""Ġless""]","[""Ġbelieve""]","[""Ġless""]","[""Ġbelieve""]"
100,prolex,"In contrast, apparently, the discovered facts are not always valid.","In contrast, apparently, the discovered facts are not invariably accurate.",valid,accurate,61,66,always,invariably,54,60,-6.21875,-3.90625,-10.125,-5.28125,-9.375,-14.65625,4.53125,-5.53125,-9.375,-14.90625,4.78125,4.452473958333333,4.846354166666667,53.4296875,58.15625,12,12,0.3938802083333339,-4.452473958333333,-4.846354166666667,0.3938802083333339,[3588],[1900],[7899],[37504],[7899],[37504],"[""Ġvalid""]","[""Ġalways""]","[""Ġaccurate""]","[""Ġinvariably""]","[""Ġaccurate""]","[""Ġinvariably""]"
101,prolex,"In contrast, apparently, the discovered facts are not always valid.","In contrast, apparently, the discovered facts are not invariably correct.",valid,correct,61,66,always,invariably,54,60,-6.21875,-3.90625,-10.125,-4.65625,-9.375,-14.03125,3.90625,-4.78125,-9.375,-14.15625,4.03125,4.452473958333333,4.765299479166667,53.4296875,57.18359375,12,12,0.3128255208333339,-4.452473958333333,-4.765299479166667,0.3128255208333339,[3588],[1900],[3451],[37504],[3451],[37504],"[""Ġvalid""]","[""Ġalways""]","[""Ġcorrect""]","[""Ġinvariably""]","[""Ġcorrect""]","[""Ġinvariably""]"
102,prolex,"In contrast, apparently, the discovered facts are not always valid.","In contrast, apparently, the discovered facts are not invariably TRUE.",valid,TRUE,61,66,always,invariably,54,60,-6.21875,-3.90625,-10.125,-11.5,-9.375,-20.875,10.75,-10.75,-9.375,-20.125,10.0,4.452473958333333,5.267903645833333,53.4296875,63.21484375,12,12,0.8154296875,-4.452473958333333,-5.267903645833333,0.8154296875,[3588],[1900],[24420],[37504],[24420],[37504],"[""Ġvalid""]","[""Ġalways""]","[""ĠTRUE""]","[""Ġinvariably""]","[""ĠTRUE""]","[""Ġinvariably""]"
103,prolex,"In contrast, apparently, the discovered facts are not always valid.","In contrast, apparently, the discovered facts are not invariably reliable.",valid,reliable,61,66,always,invariably,54,60,-6.21875,-3.90625,-10.125,-4.71875,-9.375,-14.09375,3.96875,-4.90625,-9.375,-14.28125,4.15625,4.452473958333333,4.798177083333333,53.4296875,57.578125,12,12,0.345703125,-4.452473958333333,-4.798177083333333,0.345703125,[3588],[1900],[9630],[37504],[9630],[37504],"[""Ġvalid""]","[""Ġalways""]","[""Ġreliable""]","[""Ġinvariably""]","[""Ġreliable""]","[""Ġinvariably""]"
104,prolex,"In contrast, apparently, the discovered facts are not always valid.","In contrast, apparently, the discovered facts are not invariably authentic.",valid,authentic,61,66,always,invariably,54,60,-6.21875,-3.90625,-10.125,-7.15625,-9.375,-16.53125,6.40625,-7.21875,-9.375,-16.59375,6.46875,4.452473958333333,4.981770833333333,53.4296875,59.78125,12,12,0.529296875,-4.452473958333333,-4.981770833333333,0.529296875,[3588],[1900],[10501],[37504],[10501],[37504],"[""Ġvalid""]","[""Ġalways""]","[""Ġauthentic""]","[""Ġinvariably""]","[""Ġauthentic""]","[""Ġinvariably""]"
105,prolex,"In addition, now it is becoming an essential for students to have volunteer records so that they can get higher credits which are needed for them to go to better schools.","In addition, now it is becoming an essential for pupils to have volunteer records so that they can get higher evaluations which are needed for them to go to better schools.",credits,evaluations,112,119,students,pupils,49,57,-7.03125,-4.3125,-11.34375,-6.78125,-7.875,-14.65625,3.3125,-6.0,-7.8125,-13.8125,2.46875,3.34454345703125,3.51300048828125,107.025390625,112.416015625,32,32,0.16845703125,-3.34454345703125,-3.51300048828125,0.16845703125,[20079],[3484],[27163],[30980],[27163],[30980],"[""Ġcredits""]","[""Ġstudents""]","[""Ġevaluations""]","[""Ġpupils""]","[""Ġevaluations""]","[""Ġpupils""]"
106,prolex,"In addition, now it is becoming an essential for students to have volunteer records so that they can get higher credits which are needed for them to go to better schools.","In addition, now it is becoming an essential for pupils to have volunteer records so that they can get higher marks which are needed for them to go to better schools.",credits,marks,112,119,students,pupils,49,57,-7.03125,-4.3125,-11.34375,-2.15625,-7.875,-10.03125,-1.3125,-1.6796875,-7.8125,-9.4921875,-1.8515625,3.34454345703125,3.42950439453125,107.025390625,109.744140625,32,32,0.0849609375,-3.34454345703125,-3.42950439453125,0.0849609375,[20079],[3484],[10880],[30980],[10880],[30980],"[""Ġcredits""]","[""Ġstudents""]","[""Ġmarks""]","[""Ġpupils""]","[""Ġmarks""]","[""Ġpupils""]"
107,prolex,"In addition, now it is becoming an essential for students to have volunteer records so that they can get higher credits which are needed for them to go to better schools.","In addition, now it is becoming an essential for pupils to have volunteer records so that they can get higher grades which are needed for them to go to better schools.",credits,grades,112,119,students,pupils,49,57,-7.03125,-4.3125,-11.34375,-1.4140625,-7.875,-9.2890625,-2.0546875,-1.0546875,-7.8125,-8.8671875,-2.4765625,3.34454345703125,3.3531494140625,107.025390625,107.30078125,32,32,0.00860595703125,-3.34454345703125,-3.3531494140625,0.00860595703125,[20079],[3484],[23129],[30980],[23129],[30980],"[""Ġcredits""]","[""Ġstudents""]","[""Ġgrades""]","[""Ġpupils""]","[""Ġgrades""]","[""Ġpupils""]"
113,prolex,"For instance, in some little towns like Bordeaux (in the south of France), there is the tramway, which allows people to cross the town without breathing the cars'pollution.","For example, in some little cities like Bordeaux (in the south of France), there is the tramway, which allows people to cross the town without breathing the cars'pollution.",towns,cities,29,34,instance,example,4,12,-3.21875,-3.6875,-6.90625,-4.96875,-3.734375,-8.703125,1.796875,-5.40625,-3.5625,-8.96875,2.0625,3.1630923622532894,3.1963115491365133,120.197509765625,121.4598388671875,38,38,0.033219186883223895,-3.1630923622532894,-3.1963115491365133,0.033219186883223895,[15918],[4227],[8238],[1650],[8238],[1650],"[""Ġtowns""]","[""Ġinstance""]","[""Ġcities""]","[""Ġexample""]","[""Ġcities""]","[""Ġexample""]"
114,prolex,"For instance, in some little towns like Bordeaux (in the south of France), there is the tramway, which allows people to cross the town without breathing the cars'pollution.","For example, in some little municipalities like Bordeaux (in the south of France), there is the tramway, which allows people to cross the town without breathing the cars'pollution.",towns,municipalities,29,34,instance,example,4,12,-3.21875,-3.6875,-6.90625,-7.71875,-3.734375,-11.453125,4.546875,-8.3125,-3.5625,-11.875,4.96875,3.1630923622532894,3.2723388671875,120.197509765625,124.348876953125,38,38,0.10924650493421062,-3.1630923622532894,-3.2723388671875,0.10924650493421062,[15918],[4227],[34039],[1650],[34039],[1650],"[""Ġtowns""]","[""Ġinstance""]","[""Ġmunicipalities""]","[""Ġexample""]","[""Ġmunicipalities""]","[""Ġexample""]"
115,prolex,"For instance, in some little towns like Bordeaux (in the south of France), there is the tramway, which allows people to cross the town without breathing the cars'pollution.","For example, in some little localities like Bordeaux (in the south of France), there is the tramway, which allows people to cross the town without breathing the cars'pollution.",towns,localities,29,34,instance,example,4,12,-3.21875,-3.6875,-6.90625,-8.375,-3.734375,-12.109375,5.203125,-9.125,-3.5625,-12.6875,5.78125,3.1630923622532894,3.4385440224095394,120.197509765625,130.6646728515625,38,38,0.27545166015625,-3.1630923622532894,-3.4385440224095394,0.27545166015625,[15918],[4227],[48630],[1650],[48630],[1650],"[""Ġtowns""]","[""Ġinstance""]","[""Ġlocalities""]","[""Ġexample""]","[""Ġlocalities""]","[""Ġexample""]"
116,prolex,"For instance, in some little towns like Bordeaux (in the south of France), there is the tramway, which allows people to cross the town without breathing the cars'pollution.","For example, in some little communities like Bordeaux (in the south of France), there is the tramway, which allows people to cross the town without breathing the cars'pollution.",towns,communities,29,34,instance,example,4,12,-3.21875,-3.6875,-6.90625,-4.96875,-3.734375,-8.703125,1.796875,-5.53125,-3.5625,-9.09375,2.1875,3.1630923622532894,3.3064350328947367,120.197509765625,125.64453125,38,38,0.14334267064144735,-3.1630923622532894,-3.3064350328947367,0.14334267064144735,[15918],[4227],[7888],[1650],[7888],[1650],"[""Ġtowns""]","[""Ġinstance""]","[""Ġcommunities""]","[""Ġexample""]","[""Ġcommunities""]","[""Ġexample""]"
119,prolex,Our cultures are very different and our imaginations of morals are also very different.,Our traditions are very dissimilar and our imaginations of morals are also very different.,cultures,traditions,4,12,different,dissimilar,22,31,-9.6875,-1.4140625,-11.1015625,-9.875,-7.03125,-16.90625,5.8046875,-9.75,-10.25,-20.0,8.8984375,3.3277549743652344,3.954010009765625,53.24407958984375,63.26416015625,16,16,0.6262550354003906,-3.3277549743652344,-3.954010009765625,0.6262550354003906,[11048],[1027],[21188],[43110],[21188],[43110],"[""Ġcultures""]","[""Ġdifferent""]","[""Ġtraditions""]","[""Ġdissimilar""]","[""Ġtraditions""]","[""Ġdissimilar""]"
120,prolex,Our cultures are very different and our imaginations of morals are also very different.,Our customs are very dissimilar and our imaginations of morals are also very different.,cultures,customs,4,12,different,dissimilar,22,31,-9.6875,-1.4140625,-11.1015625,-9.0,-7.03125,-16.03125,4.9296875,-8.9375,-10.8125,-19.75,8.6484375,3.3277549743652344,4.017637252807617,53.24407958984375,64.28219604492188,16,16,0.6898822784423828,-3.3277549743652344,-4.017637252807617,0.6898822784423828,[11048],[1027],[25828],[43110],[25828],[43110],"[""Ġcultures""]","[""Ġdifferent""]","[""Ġcustoms""]","[""Ġdissimilar""]","[""Ġcustoms""]","[""Ġdissimilar""]"
121,prolex,Our cultures are very different and our imaginations of morals are also very different.,Our societies are very dissimilar and our imaginations of morals are also very different.,cultures,societies,4,12,different,dissimilar,22,31,-9.6875,-1.4140625,-11.1015625,-10.125,-7.03125,-17.15625,6.0546875,-10.0625,-8.3125,-18.375,7.2734375,3.3277549743652344,3.7773895263671875,53.24407958984375,60.438232421875,16,16,0.4496345520019531,-3.3277549743652344,-3.7773895263671875,0.4496345520019531,[11048],[1027],[21262],[43110],[21262],[43110],"[""Ġcultures""]","[""Ġdifferent""]","[""Ġsocieties""]","[""Ġdissimilar""]","[""Ġsocieties""]","[""Ġdissimilar""]"
126,prolex,"My father always told me that I have to find my interests, and become very skilled in that field.","My father invariably told me that I have to find my interests, and become very competent in that field.",skilled,competent,75,82,always,invariably,10,16,-4.9375,-3.921875,-8.859375,-6.375,-11.625,-18.0,9.140625,-5.71875,-11.625,-17.34375,8.484375,2.812841796875,3.36298828125,56.2568359375,67.259765625,20,20,0.5501464843749999,-2.812841796875,-3.36298828125,0.5501464843749999,[18024],[1900],[20566],[37504],[20566],[37504],"[""Ġskilled""]","[""Ġalways""]","[""Ġcompetent""]","[""Ġinvariably""]","[""Ġcompetent""]","[""Ġinvariably""]"
127,prolex,"My father always told me that I have to find my interests, and become very skilled in that field.","My father invariably told me that I have to find my interests, and become very talented in that field.",skilled,talented,75,82,always,invariably,10,16,-4.9375,-3.921875,-8.859375,-6.375,-11.625,-18.0,9.140625,-6.53125,-11.625,-18.15625,9.296875,2.812841796875,3.39208984375,56.2568359375,67.841796875,20,20,0.5792480468750001,-2.812841796875,-3.39208984375,0.5792480468750001,[18024],[1900],[21220],[37504],[21220],[37504],"[""Ġskilled""]","[""Ġalways""]","[""Ġtalented""]","[""Ġinvariably""]","[""Ġtalented""]","[""Ġinvariably""]"
128,prolex,It is always good to know many academic subjects but at the same time to be based on what you like to do.,It is invariably good to know many academic subjects but at the same time to be focused on what you like to do.,based,focused,76,81,always,invariably,6,12,-9.1875,-4.71875,-13.90625,-4.9375,-10.9375,-15.875,1.96875,-5.59375,-10.9375,-16.53125,2.625,3.0861922554347827,3.336420473845109,70.982421875,76.7376708984375,23,23,0.25022821841032616,-3.0861922554347827,-3.336420473845109,0.25022821841032616,[1754],[1900],[7106],[37504],[7106],[37504],"[""Ġbased""]","[""Ġalways""]","[""Ġfocused""]","[""Ġinvariably""]","[""Ġfocused""]","[""Ġinvariably""]"
129,prolex,It is always good to know many academic subjects but at the same time to be based on what you like to do.,It is invariably good to know many academic subjects but at the same time to be centered on what you like to do.,based,centered,76,81,always,invariably,6,12,-9.1875,-4.71875,-13.90625,-10.1875,-10.9375,-21.125,7.21875,-9.6875,-10.9375,-20.625,6.71875,3.0861922554347827,3.4860468325407608,70.982421875,80.1790771484375,23,23,0.39985457710597805,-3.0861922554347827,-3.4860468325407608,0.39985457710597805,[1754],[1900],[18932],[37504],[18932],[37504],"[""Ġbased""]","[""Ġalways""]","[""Ġcentered""]","[""Ġinvariably""]","[""Ġcentered""]","[""Ġinvariably""]"
130,prolex,These examples demonstrated that a person can be successful if they decide to try new things and take all the necessary risks in order to fulfill their dreams and their goals.,These instances demonstrated that a person can be successful if they decide to try new things and take all the necessary risks in order to achieve their dreams and their goals.,fulfill,achieve,138,145,examples,instances,6,14,-5.5625,-7.125,-12.6875,-1.3203125,-8.375,-9.6953125,-2.9921875,-1.359375,-8.3125,-9.671875,-3.015625,2.728029312626008,2.6823218560987905,84.56890869140625,83.1519775390625,31,31,-0.04570745652721753,-2.728029312626008,-2.6823218560987905,-0.04570745652721753,[19145],[6667],[5115],[10872],[5115],[10872],"[""Ġfulfill""]","[""Ġexamples""]","[""Ġachieve""]","[""Ġinstances""]","[""Ġachieve""]","[""Ġinstances""]"
131,prolex,These examples demonstrated that a person can be successful if they decide to try new things and take all the necessary risks in order to fulfill their dreams and their goals.,These instances demonstrated that a person can be successful if they decide to try new things and take all the necessary risks in order to accomplish their dreams and their goals.,fulfill,accomplish,138,145,examples,instances,6,14,-5.5625,-7.125,-12.6875,-3.453125,-8.375,-11.828125,-0.859375,-3.609375,-8.3125,-11.921875,-0.765625,2.728029312626008,2.7448848601310485,84.56890869140625,85.0914306640625,31,31,0.01685554750504048,-2.728029312626008,-2.7448848601310485,0.01685554750504048,[19145],[6667],[14294],[10872],[14294],[10872],"[""Ġfulfill""]","[""Ġexamples""]","[""Ġaccomplish""]","[""Ġinstances""]","[""Ġaccomplish""]","[""Ġinstances""]"
132,prolex,These examples demonstrated that a person can be successful if they decide to try new things and take all the necessary risks in order to fulfill their dreams and their goals.,These instances demonstrated that a person can be successful if they decide to try new things and take all the necessary risks in order to realize their dreams and their goals.,fulfill,realize,138,145,examples,instances,6,14,-5.5625,-7.125,-12.6875,-4.4375,-8.375,-12.8125,0.125,-4.5,-8.3125,-12.8125,0.125,2.728029312626008,2.7332921181955645,84.56890869140625,84.7320556640625,31,31,0.005262805569556495,-2.728029312626008,-2.7332921181955645,0.005262805569556495,[19145],[6667],[8968],[10872],[8968],[10872],"[""Ġfulfill""]","[""Ġexamples""]","[""Ġrealize""]","[""Ġinstances""]","[""Ġrealize""]","[""Ġinstances""]"
133,prolex,These examples demonstrated that a person can be successful if they decide to try new things and take all the necessary risks in order to fulfill their dreams and their goals.,These instances demonstrated that a person can be successful if they decide to try new things and take all the necessary risks in order to attain their dreams and their goals.,fulfill,attain,138,145,examples,instances,6,14,-5.5625,-7.125,-12.6875,-5.1875,-8.375,-13.5625,0.875,-4.875,-8.3125,-13.1875,0.5,2.728029312626008,2.8209937310987905,84.56890869140625,87.4508056640625,31,31,0.09296441847278247,-2.728029312626008,-2.8209937310987905,0.09296441847278247,[19145],[6667],[20685],[10872],[20685],[10872],"[""Ġfulfill""]","[""Ġexamples""]","[""Ġattain""]","[""Ġinstances""]","[""Ġattain""]","[""Ġinstances""]"
135,prolex,The young people or the older people can enjoy life around their likes.,The youthful people or the older people can enjoy life around their preferences.,likes,preferences,65,70,young,youthful,4,9,-8.625,-8.125,-16.75,-9.0625,-12.125,-21.1875,4.4375,-8.4375,-12.1875,-20.625,3.875,4.6328125,4.993389423076923,60.2265625,64.9140625,13,13,0.36057692307692335,-4.6328125,-4.993389423076923,0.36057692307692335,[13052],[2872],[17971],[44098],[17971],[44098],"[""Ġlikes""]","[""Ġyoung""]","[""Ġpreferences""]","[""Ġyouthful""]","[""Ġpreferences""]","[""Ġyouthful""]"
136,prolex,The young people or the older people can enjoy life around their likes.,The youthful people or the older people can enjoy life around their interests.,likes,interests,65,70,young,youthful,4,9,-8.625,-8.125,-16.75,-5.59375,-12.125,-17.71875,0.96875,-5.9375,-12.1875,-18.125,1.375,4.6328125,4.811298076923077,60.2265625,62.546875,13,13,0.17848557692307665,-4.6328125,-4.811298076923077,0.17848557692307665,[13052],[2872],[6284],[44098],[6284],[44098],"[""Ġlikes""]","[""Ġyoung""]","[""Ġinterests""]","[""Ġyouthful""]","[""Ġinterests""]","[""Ġyouthful""]"
137,prolex,The young people or the older people can enjoy life around their likes.,The youthful people or the older people can enjoy life around their tastes.,likes,tastes,65,70,young,youthful,4,9,-8.625,-8.125,-16.75,-8.875,-12.125,-21.0,4.25,-8.375,-12.1875,-20.5625,3.8125,4.6328125,5.006610576923077,60.2265625,65.0859375,13,13,0.37379807692307665,-4.6328125,-5.006610576923077,0.37379807692307665,[13052],[2872],[27491],[44098],[27491],[44098],"[""Ġlikes""]","[""Ġyoung""]","[""Ġtastes""]","[""Ġyouthful""]","[""Ġtastes""]","[""Ġyouthful""]"
143,prolex,"On the other hand, as I am a young man, I have many expectations from life and if I don't obtain any of them, I will easily hate life and I will be depressed.","On the other hand, as I am a youthful man, I have many aspirations from life and if I don't obtain any of them, I will easily hate life and I will be depressed.",expectations,aspirations,52,64,young,youthful,29,34,-6.78125,-3.46875,-10.25,-6.875,-8.25,-15.125,4.875,-7.5,-8.25,-15.75,5.5,2.4696880139802633,2.7461001747532894,93.84814453125,104.351806640625,38,38,0.2764121607730261,-2.4696880139802633,-2.7461001747532894,0.2764121607730261,[12656],[2872],[40659],[44098],[40659],[44098],"[""Ġexpectations""]","[""Ġyoung""]","[""Ġaspirations""]","[""Ġyouthful""]","[""Ġaspirations""]","[""Ġyouthful""]"
144,prolex,"On the other hand, as I am a young man, I have many expectations from life and if I don't obtain any of them, I will easily hate life and I will be depressed.","On the other hand, as I am a youthful man, I have many hopes from life and if I don't obtain any of them, I will easily hate life and I will be depressed.",expectations,hopes,52,64,young,youthful,29,34,-6.78125,-3.46875,-10.25,-5.3125,-8.25,-13.5625,3.3125,-5.75,-8.25,-14.0,3.75,2.4696880139802633,2.701101202713816,93.84814453125,102.641845703125,38,38,0.23141318873355265,-2.4696880139802633,-2.701101202713816,0.23141318873355265,[12656],[2872],[13079],[44098],[13079],[44098],"[""Ġexpectations""]","[""Ġyoung""]","[""Ġhopes""]","[""Ġyouthful""]","[""Ġhopes""]","[""Ġyouthful""]"
145,prolex,"On the other hand, as I am a young man, I have many expectations from life and if I don't obtain any of them, I will easily hate life and I will be depressed.","On the other hand, as I am a youthful man, I have many dreams from life and if I don't obtain any of them, I will easily hate life and I will be depressed.",expectations,dreams,52,64,young,youthful,29,34,-6.78125,-3.46875,-10.25,-4.375,-8.25,-12.625,2.375,-4.375,-8.25,-12.625,2.375,2.4696880139802633,2.7936947471217106,93.84814453125,106.160400390625,38,38,0.32400673314144735,-2.4696880139802633,-2.7936947471217106,0.32400673314144735,[12656],[2872],[13702],[44098],[13702],[44098],"[""Ġexpectations""]","[""Ġyoung""]","[""Ġdreams""]","[""Ġyouthful""]","[""Ġdreams""]","[""Ġyouthful""]"
146,prolex,"On the other hand, as I am a young man, I have many expectations from life and if I don't obtain any of them, I will easily hate life and I will be depressed.","On the other hand, as I am a youthful man, I have many ambitions from life and if I don't obtain any of them, I will easily hate life and I will be depressed.",expectations,ambitions,52,64,young,youthful,29,34,-6.78125,-3.46875,-10.25,-5.5,-8.25,-13.75,3.5,-6.3125,-8.25,-14.5625,4.3125,2.4696880139802633,2.7254638671875,93.84814453125,103.567626953125,38,38,0.2557758532072367,-2.4696880139802633,-2.7254638671875,0.2557758532072367,[12656],[2872],[37321],[44098],[37321],[44098],"[""Ġexpectations""]","[""Ġyoung""]","[""Ġambitions""]","[""Ġyouthful""]","[""Ġambitions""]","[""Ġyouthful""]"
147,prolex,"On the other hand, as I am a young man, I have many expectations from life and if I don't obtain any of them, I will easily hate life and I will be depressed.","On the other hand, as I am a youthful man, I have many goals from life and if I don't obtain any of them, I will easily hate life and I will be depressed.",expectations,goals,52,64,young,youthful,29,34,-6.78125,-3.46875,-10.25,-5.375,-8.25,-13.625,3.375,-5.875,-8.25,-14.125,3.875,2.4696880139802633,2.7368485300164473,93.84814453125,104.000244140625,38,38,0.26716051603618407,-2.4696880139802633,-2.7368485300164473,0.26716051603618407,[12656],[2872],[7342],[44098],[7342],[44098],"[""Ġexpectations""]","[""Ġyoung""]","[""Ġgoals""]","[""Ġyouthful""]","[""Ġgoals""]","[""Ġyouthful""]"
152,prolex,"Second, new technologies develop to substitute cars, such  as monorails, private air crafts, and these equipments will be practical immediately.","Second, new technologies develop to substitute automobiles, such  as monorails, private air crafts, and these equipments will be feasible immediately.",practical,feasible,122,131,cars,automobiles,47,51,-8.5,-8.875,-17.375,-8.625,-9.75,-18.375,1.0,-8.375,-9.8125,-18.1875,0.8125,4.594918387276786,4.612095424107143,128.65771484375,129.138671875,28,28,0.01717703683035765,-4.594918387276786,-4.612095424107143,0.01717703683035765,[8542],[8458],[17887],[45056],[17887],[45056],"[""Ġpractical""]","[""Ġcars""]","[""Ġfeasible""]","[""Ġautomobiles""]","[""Ġfeasible""]","[""Ġautomobiles""]"
153,prolex,"Second, new technologies develop to substitute cars, such  as monorails, private air crafts, and these equipments will be practical immediately.","Second, new technologies develop to substitute automobiles, such  as monorails, private air crafts, and these equipments will be usable immediately.",practical,usable,122,131,cars,automobiles,47,51,-8.5,-8.875,-17.375,-7.25,-9.75,-17.0,-0.375,-7.40625,-9.8125,-17.21875,-0.15625,4.594918387276786,4.566615513392857,128.65771484375,127.865234375,28,28,-0.028302873883928825,-4.594918387276786,-4.566615513392857,-0.028302873883928825,[8542],[8458],[31998],[45056],[31998],[45056],"[""Ġpractical""]","[""Ġcars""]","[""Ġusable""]","[""Ġautomobiles""]","[""Ġusable""]","[""Ġautomobiles""]"
154,prolex,"In our lives, risks not only mean danger, but also means award, just like one person said before, how much you pay, how much you get.","In our lives, risks not just mean danger, but also means reward, just like one person said before, how much you pay, how much you get.",award,reward,57,62,only,just,24,28,-12.75,-0.58203125,-13.33203125,-4.375,-3.71875,-8.09375,-5.23828125,-5.09375,-3.703125,-8.796875,-4.53515625,3.511624243951613,3.468844506048387,108.8603515625,107.5341796875,31,31,-0.04277973790322598,-3.511624243951613,-3.468844506048387,-0.04277973790322598,[5722],[760],[10921],[816],[10921],[816],"[""Ġaward""]","[""Ġonly""]","[""Ġreward""]","[""Ġjust""]","[""Ġreward""]","[""Ġjust""]"
156,prolex,"In our lives, risks not only mean danger, but also means award, just like one person said before, how much you pay, how much you get.","In our lives, risks not just mean danger, but also means return, just like one person said before, how much you pay, how much you get.",award,return,57,62,only,just,24,28,-12.75,-0.58203125,-13.33203125,-9.0625,-3.71875,-12.78125,-0.55078125,-9.625,-3.703125,-13.328125,-0.00390625,3.511624243951613,3.636907762096774,108.8603515625,112.744140625,31,31,0.12528351814516103,-3.511624243951613,-3.636907762096774,0.12528351814516103,[5722],[760],[1091],[816],[1091],[816],"[""Ġaward""]","[""Ġonly""]","[""Ġreturn""]","[""Ġjust""]","[""Ġreturn""]","[""Ġjust""]"
159,prolex,"In today's life studies are a lot of syllabi which give a variety of ideas to youngsters,but the people who include these syllabi into the academics are forgetting that because young people are unable to do their duty and areruining them.","In today's life studies are a lot of syllabi which give a variety of thoughts to youngsters,but the people who include these syllabi into the academics are overlooking that because young people are unable to do their duty and areruining them.",forgetting,overlooking,153,163,ideas,thoughts,69,74,-5.625,-4.1875,-9.8125,-8.4375,-7.15625,-15.59375,5.78125,-8.5,-7.0625,-15.5625,5.75,4.069109235491071,4.143327985491071,199.3863525390625,203.0230712890625,49,49,0.07421875,-4.069109235491071,-4.143327985491071,0.07421875,[37264],[5697],[37159],[7906],[37159],[7906],"[""Ġforgetting""]","[""Ġideas""]","[""Ġoverlooking""]","[""Ġthoughts""]","[""Ġoverlooking""]","[""Ġthoughts""]"
160,prolex,"In today's life studies are a lot of syllabi which give a variety of ideas to youngsters,but the people who include these syllabi into the academics are forgetting that because young people are unable to do their duty and areruining them.","In today's life studies are a lot of syllabi which give a variety of thoughts to youngsters,but the people who include these syllabi into the academics are ignoring that because young people are unable to do their duty and areruining them.",forgetting,ignoring,153,163,ideas,thoughts,69,74,-5.625,-4.1875,-9.8125,-6.4375,-7.15625,-13.59375,3.78125,-6.28125,-7.0625,-13.34375,3.53125,4.069109235491071,4.080656090561225,199.3863525390625,199.9521484375,49,49,0.011546855070153406,-4.069109235491071,-4.080656090561225,0.011546855070153406,[37264],[5697],[23111],[7906],[23111],[7906],"[""Ġforgetting""]","[""Ġideas""]","[""Ġignoring""]","[""Ġthoughts""]","[""Ġignoring""]","[""Ġthoughts""]"
162,prolex,They just want to convince you and persuade you to buy it.,They merely want to persuade you and persuade you to buy it.,convince,persuade,18,26,just,merely,5,9,-8.25,-5.625,-13.875,-10.4375,-9.625,-20.0625,6.1875,-8.5625,-9.625,-18.1875,4.3125,3.040283203125,3.313720703125,36.4833984375,39.7646484375,12,12,0.2734375,-3.040283203125,-3.313720703125,0.2734375,[18578],[816],[29720],[7960],[29720],[7960],"[""Ġconvince""]","[""Ġjust""]","[""Ġpersuade""]","[""Ġmerely""]","[""Ġpersuade""]","[""Ġmerely""]"
163,prolex,They just want to convince you and persuade you to buy it.,They merely want to sway you and persuade you to buy it.,convince,sway,18,26,just,merely,5,9,-8.25,-5.625,-13.875,-10.6875,-9.625,-20.3125,6.4375,-9.625,-9.625,-19.25,5.375,3.040283203125,3.4994303385416665,36.4833984375,41.9931640625,12,12,0.4591471354166665,-3.040283203125,-3.4994303385416665,0.4591471354166665,[18578],[816],[26740],[7960],[26740],[7960],"[""Ġconvince""]","[""Ġjust""]","[""Ġsway""]","[""Ġmerely""]","[""Ġsway""]","[""Ġmerely""]"
164,prolex,They just want to convince you and persuade you to buy it.,They merely want to influence you and persuade you to buy it.,convince,influence,18,26,just,merely,5,9,-8.25,-5.625,-13.875,-9.875,-9.625,-19.5,5.625,-8.25,-9.625,-17.875,4.0,3.040283203125,3.3751627604166665,36.4833984375,40.501953125,12,12,0.3348795572916665,-3.040283203125,-3.3751627604166665,0.3348795572916665,[18578],[816],[4833],[7960],[4833],[7960],"[""Ġconvince""]","[""Ġjust""]","[""Ġinfluence""]","[""Ġmerely""]","[""Ġinfluence""]","[""Ġmerely""]"
165,prolex,"For example if a student behaves badly to a friend or a teacher in a cruel way, that student is being punished.","For instance if a student behaves badly to a friend or a professor in a cruel way, that student is being punished.",teacher,professor,56,63,example,instance,4,11,-0.734375,-3.625,-4.359375,-4.9375,-3.671875,-8.609375,4.25,-4.90625,-3.6875,-8.59375,4.234375,3.0324388586956523,3.262992527173913,69.74609375,75.048828125,23,23,0.23055366847826075,-3.0324388586956523,-3.262992527173913,0.23055366847826075,[9732],[1650],[11652],[4227],[11652],[4227],"[""Ġteacher""]","[""Ġexample""]","[""Ġprofessor""]","[""Ġinstance""]","[""Ġprofessor""]","[""Ġinstance""]"
167,prolex,"any one can order his time and himself to get the benefits by doing alot of things in ashort time like studying , working , and helping their communityor family , but with out ordering time the person will lose the ability to work well , the person will not have time that he cannot do any more work.","any one can manage his time and himself to get the benefits by performing alot of things in ashort time like studying , working , and helping their communityor family , but with out ordering time the person will lose the ability to work well , the person will not have time that he cannot do any more work.",order,manage,12,17,doing,performing,62,67,-7.1875,-3.78125,-10.96875,-6.40625,-6.40625,-12.8125,1.84375,-6.4375,-5.96875,-12.40625,1.4375,4.291784067622951,4.289574795081967,261.798828125,261.6640625,61,61,-0.0022092725409832425,-4.291784067622951,-4.289574795081967,-0.0022092725409832425,[1340],[2509],[8722],[9591],[8722],[9591],"[""Ġorder""]","[""Ġdoing""]","[""Ġmanage""]","[""Ġperforming""]","[""Ġmanage""]","[""Ġperforming""]"
168,prolex,"any one can order his time and himself to get the benefits by doing alot of things in ashort time like studying , working , and helping their communityor family , but with out ordering time the person will lose the ability to work well , the person will not have time that he cannot do any more work.","any one can schedule his time and himself to get the benefits by performing alot of things in ashort time like studying , working , and helping their communityor family , but with out ordering time the person will lose the ability to work well , the person will not have time that he cannot do any more work.",order,schedule,12,17,doing,performing,62,67,-7.1875,-3.78125,-10.96875,-10.125,-6.40625,-16.53125,5.5625,-10.125,-6.0625,-16.1875,5.21875,4.291784067622951,4.396676485655738,261.798828125,268.197265625,61,61,0.10489241803278748,-4.291784067622951,-4.396676485655738,0.10489241803278748,[1340],[2509],[10130],[9591],[10130],[9591],"[""Ġorder""]","[""Ġdoing""]","[""Ġschedule""]","[""Ġperforming""]","[""Ġschedule""]","[""Ġperforming""]"
169,prolex,"any one can order his time and himself to get the benefits by doing alot of things in ashort time like studying , working , and helping their communityor family , but with out ordering time the person will lose the ability to work well , the person will not have time that he cannot do any more work.","any one can plan his time and himself to get the benefits by performing alot of things in ashort time like studying , working , and helping their communityor family , but with out ordering time the person will lose the ability to work well , the person will not have time that he cannot do any more work.",order,plan,12,17,doing,performing,62,67,-7.1875,-3.78125,-10.96875,-8.6875,-6.40625,-15.09375,4.125,-8.6875,-5.9375,-14.625,3.65625,4.291784067622951,4.325595543032787,261.798828125,263.861328125,61,61,0.03381147540983598,-4.291784067622951,-4.325595543032787,0.03381147540983598,[1340],[2509],[2098],[9591],[2098],[9591],"[""Ġorder""]","[""Ġdoing""]","[""Ġplan""]","[""Ġperforming""]","[""Ġplan""]","[""Ġperforming""]"
170,prolex,"so many people nowadays dont use their cars so that they can avoid paying for gas, so the price of gas is going to be cheaper","so many people nowadays dont use their automobiles so that they can avoid paying for fuel, so the price of gas is going to be cheaper",gas,fuel,78,81,cars,automobiles,39,43,-2.765625,-4.625,-7.390625,-3.140625,-8.625,-11.765625,4.375,-2.921875,-8.625,-11.546875,4.15625,3.0477764423076925,3.342998798076923,79.2421875,86.91796875,26,26,0.2952223557692304,-3.0477764423076925,-3.342998798076923,0.2952223557692304,[3678],[8458],[7236],[45056],[7236],[45056],"[""Ġgas""]","[""Ġcars""]","[""Ġfuel""]","[""Ġautomobiles""]","[""Ġfuel""]","[""Ġautomobiles""]"
171,prolex,"so many people nowadays dont use their cars so that they can avoid paying for gas, so the price of gas is going to be cheaper","so many people nowadays dont use their automobiles so that they can avoid paying for petrol, so the price of gas is going to be cheaper",gas,petrol,78,81,cars,automobiles,39,43,-2.765625,-4.625,-7.390625,-3.515625,-8.625,-12.140625,4.75,-3.671875,-8.625,-12.296875,4.90625,3.0477764423076925,3.373046875,79.2421875,87.69921875,26,26,0.3252704326923075,-3.0477764423076925,-3.373046875,0.3252704326923075,[3678],[8458],[46181],[45056],[46181],[45056],"[""Ġgas""]","[""Ġcars""]","[""Ġpetrol""]","[""Ġautomobiles""]","[""Ġpetrol""]","[""Ġautomobiles""]"
172,prolex,"so many people nowadays dont use their cars so that they can avoid paying for gas, so the price of gas is going to be cheaper","so many people nowadays dont use their automobiles so that they can avoid paying for gasoline, so the price of gas is going to be cheaper",gas,gasoline,78,81,cars,automobiles,39,43,-2.765625,-4.625,-7.390625,-4.125,-8.625,-12.75,5.359375,-1.921875,-8.625,-10.546875,3.15625,3.0477764423076925,3.2918419471153846,79.2421875,85.587890625,26,26,0.24406550480769207,-3.0477764423076925,-3.2918419471153846,0.24406550480769207,[3678],[8458],[29312],[45056],[29312],[45056],"[""Ġgas""]","[""Ġcars""]","[""Ġgasoline""]","[""Ġautomobiles""]","[""Ġgasoline""]","[""Ġautomobiles""]"
173,prolex,"When young people become old people, they start to spend less time on fun than before.","When youthful people become old people, they start to spend less time on entertainment than before.",fun,entertainment,70,73,young,youthful,5,10,-5.90625,-8.6875,-14.59375,-5.4375,-13.1875,-18.625,4.03125,-5.15625,-13.3125,-18.46875,3.875,3.2536764705882355,3.2159926470588234,55.3125,54.671875,17,17,-0.03768382352941213,-3.2536764705882355,-3.2159926470588234,-0.03768382352941213,[794],[2872],[14608],[44098],[14608],[44098],"[""Ġfun""]","[""Ġyoung""]","[""Ġentertainment""]","[""Ġyouthful""]","[""Ġentertainment""]","[""Ġyouthful""]"
174,prolex,"When young people become old people, they start to spend less time on fun than before.","When youthful people become old people, they start to spend less time on pleasure than before.",fun,pleasure,70,73,young,youthful,5,10,-5.90625,-8.6875,-14.59375,-7.75,-13.1875,-20.9375,6.34375,-7.53125,-13.3125,-20.84375,6.25,3.2536764705882355,3.3823529411764706,55.3125,57.5,17,17,0.12867647058823506,-3.2536764705882355,-3.3823529411764706,0.12867647058823506,[794],[2872],[11284],[44098],[11284],[44098],"[""Ġfun""]","[""Ġyoung""]","[""Ġpleasure""]","[""Ġyouthful""]","[""Ġpleasure""]","[""Ġyouthful""]"
175,prolex,"When young people become old people, they start to spend less time on fun than before.","When youthful people become old people, they start to spend less time on amusement than before.",fun,amusement,70,73,young,youthful,5,10,-5.90625,-8.6875,-14.59375,-8.75,-13.1875,-21.9375,7.34375,-8.75,-13.3125,-22.0625,7.46875,3.2536764705882355,3.4434742647058822,55.3125,58.5390625,17,17,0.18979779411764675,-3.2536764705882355,-3.4434742647058822,0.18979779411764675,[794],[2872],[36067],[44098],[36067],[44098],"[""Ġfun""]","[""Ġyoung""]","[""Ġamusement""]","[""Ġyouthful""]","[""Ġamusement""]","[""Ġyouthful""]"
176,prolex,"When young people become old people, they start to spend less time on fun than before.","When youthful people become old people, they start to spend less time on recreation than before.",fun,recreation,70,73,young,youthful,5,10,-5.90625,-8.6875,-14.59375,-6.4375,-13.1875,-19.625,5.03125,-5.84375,-13.3125,-19.15625,4.5625,3.2536764705882355,3.3042279411764706,55.3125,56.171875,17,17,0.05055147058823506,-3.2536764705882355,-3.3042279411764706,0.05055147058823506,[794],[2872],[37481],[44098],[37481],[44098],"[""Ġfun""]","[""Ġyoung""]","[""Ġrecreation""]","[""Ġyouthful""]","[""Ġrecreation""]","[""Ġyouthful""]"
177,prolex,"When young people become old people, they start to spend less time on fun than before.","When youthful people become old people, they start to spend less time on enjoyment than before.",fun,enjoyment,70,73,young,youthful,5,10,-5.90625,-8.6875,-14.59375,-9.4375,-13.1875,-22.625,8.03125,-9.125,-13.3125,-22.4375,7.84375,3.2536764705882355,3.4673713235294117,55.3125,58.9453125,17,17,0.21369485294117618,-3.2536764705882355,-3.4673713235294117,0.21369485294117618,[794],[2872],[31733],[44098],[31733],[44098],"[""Ġfun""]","[""Ġyoung""]","[""Ġenjoyment""]","[""Ġyouthful""]","[""Ġenjoyment""]","[""Ġyouthful""]"
178,prolex,So i think they will opt out and not buy cars and will rather use the public transportation provided for them by the government.,So i believe they will opt out and not buy cars and will rather use the public transportation provided for them by the state.,government,state,117,127,think,believe,5,10,-0.984375,-3.671875,-4.65625,-2.609375,-5.84375,-8.453125,3.796875,-2.625,-5.78125,-8.40625,3.75,3.4899088541666665,3.6181640625,83.7578125,86.8359375,24,24,0.12825520833333348,-3.4899088541666665,-3.6181640625,0.12825520833333348,[2208],[1158],[1375],[2868],[1375],[2868],"[""Ġgovernment""]","[""Ġthink""]","[""Ġstate""]","[""Ġbelieve""]","[""Ġstate""]","[""Ġbelieve""]"
179,prolex,This is not a proper excuse for not helping their community because each one of us can manage time if we want to do so.,This is not a proper justification for not assisting their community because each one of us can manage time if we want to do so.,excuse,justification,21,27,helping,assisting,36,43,-6.46875,-6.1875,-12.65625,-7.09375,-9.6875,-16.78125,4.125,-7.09375,-7.9375,-15.03125,2.375,3.394375,3.669296875,84.859375,91.732421875,25,25,0.274921875,-3.394375,-3.669296875,0.274921875,[16267],[9073],[22861],[34735],[22861],[34735],"[""Ġexcuse""]","[""Ġhelping""]","[""Ġjustification""]","[""Ġassisting""]","[""Ġjustification""]","[""Ġassisting""]"
180,prolex,This is not a proper excuse for not helping their community because each one of us can manage time if we want to do so.,This is not a proper reason for not assisting their community because each one of us can manage time if we want to do so.,excuse,reason,21,27,helping,assisting,36,43,-6.46875,-6.1875,-12.65625,-6.46875,-9.6875,-16.15625,3.5,-6.53125,-9.0,-15.53125,2.875,3.394375,3.6365625,84.859375,90.9140625,25,25,0.2421875,-3.394375,-3.6365625,0.2421875,[16267],[9073],[1921],[34735],[1921],[34735],"[""Ġexcuse""]","[""Ġhelping""]","[""Ġreason""]","[""Ġassisting""]","[""Ġreason""]","[""Ġassisting""]"
181,prolex,"That's why , elderly people should always behave properly and should think alot before they do .","That's why , elderly people should invariably behave appropriately and should think alot before they do .",properly,appropriately,49,57,always,invariably,35,41,-3.734375,-3.453125,-7.1875,-4.15625,-12.1875,-16.34375,9.15625,-4.53125,-12.125,-16.65625,9.46875,4.5666360294117645,5.248161764705882,77.6328125,89.21875,17,17,0.6815257352941178,-4.5666360294117645,-5.248161764705882,0.6815257352941178,[6283],[1900],[20420],[37504],[20420],[37504],"[""Ġproperly""]","[""Ġalways""]","[""Ġappropriately""]","[""Ġinvariably""]","[""Ġappropriately""]","[""Ġinvariably""]"
182,prolex,"That's why , elderly people should always behave properly and should think alot before they do .","That's why , elderly people should invariably behave correctly and should think alot before they do .",properly,correctly,49,57,always,invariably,35,41,-3.734375,-3.453125,-7.1875,-5.34375,-12.1875,-17.53125,10.34375,-5.71875,-12.125,-17.84375,10.65625,4.5666360294117645,5.309742647058823,77.6328125,90.265625,17,17,0.7431066176470589,-4.5666360294117645,-5.309742647058823,0.7431066176470589,[6283],[1900],[9113],[37504],[9113],[37504],"[""Ġproperly""]","[""Ġalways""]","[""Ġcorrectly""]","[""Ġinvariably""]","[""Ġcorrectly""]","[""Ġinvariably""]"
185,prolex,For example there is Brett Favre who is hitting 40 pretty soon.,For instance there is Brett Favre who is reaching 40 pretty soon.,hitting,reaching,40,47,example,instance,4,11,-8.125,-3.625,-11.75,-9.4375,-3.671875,-13.109375,1.359375,-9.375,-3.375,-12.75,1.0,4.056403023856027,3.9279708862304688,56.789642333984375,54.99159240722656,14,14,-0.12843213762555816,-4.056403023856027,-3.9279708862304688,-0.12843213762555816,[16116],[1650],[10922],[4227],[10922],[4227],"[""Ġhitting""]","[""Ġexample""]","[""Ġreaching""]","[""Ġinstance""]","[""Ġreaching""]","[""Ġinstance""]"
186,prolex,For example there is Brett Favre who is hitting 40 pretty soon.,For instance there is Brett Favre who is approaching 40 pretty soon.,hitting,approaching,40,47,example,instance,4,11,-8.125,-3.625,-11.75,-7.625,-3.671875,-11.296875,-0.453125,-7.4375,-3.375,-10.8125,-0.9375,4.056403023856027,3.7005713326590404,56.789642333984375,51.80799865722656,14,14,-0.35583169119698654,-4.056403023856027,-3.7005713326590404,-0.35583169119698654,[16116],[1650],[17682],[4227],[17682],[4227],"[""Ġhitting""]","[""Ġexample""]","[""Ġapproaching""]","[""Ġinstance""]","[""Ġapproaching""]","[""Ġinstance""]"
188,prolex,"In order to be a wise consumer, you need to know what is real and you can not believe everything the famous people say.","In order to be a wise consumer, you need to know what is actual and you can not believe everything the celebrity people say.",famous,celebrity,101,107,real,actual,57,61,-8.5625,-5.90625,-14.46875,-7.28125,-8.3125,-15.59375,1.125,-8.875,-8.3125,-17.1875,2.71875,2.82703125,3.13375,70.67578125,78.34375,25,25,0.30671874999999993,-2.82703125,-3.13375,0.30671874999999993,[8530],[1524],[29192],[4588],[29192],[4588],"[""Ġfamous""]","[""Ġreal""]","[""Ġcelebrity""]","[""Ġactual""]","[""Ġcelebrity""]","[""Ġactual""]"
189,prolex,"In order to be a wise consumer, you need to know what is real and you can not believe everything the famous people say.","In order to be a wise consumer, you need to know what is actual and you can not believe everything the prominent people say.",famous,prominent,101,107,real,actual,57,61,-8.5625,-5.90625,-14.46875,-11.125,-8.3125,-19.4375,4.96875,-11.25,-8.3125,-19.5625,5.09375,2.82703125,3.1015625,70.67578125,77.5390625,25,25,0.2745312499999999,-2.82703125,-3.1015625,0.2745312499999999,[8530],[1524],[11906],[4588],[11906],[4588],"[""Ġfamous""]","[""Ġreal""]","[""Ġprominent""]","[""Ġactual""]","[""Ġprominent""]","[""Ġactual""]"
190,prolex,Young people can have more information about different activities that take place in the city where they are living.,Young people can have more data about different events that take place in the city where they are living.,activities,events,55,65,information,data,27,38,-4.84375,-5.6875,-10.53125,-5.6875,-9.1875,-14.875,4.34375,-4.96875,-9.25,-14.21875,3.6875,2.7787443462171053,3.0158627158717106,52.796142578125,57.3013916015625,19,19,0.2371183696546053,-2.7787443462171053,-3.0158627158717106,0.2371183696546053,[4712],[1491],[3394],[941],[3394],[941],"[""Ġactivities""]","[""Ġinformation""]","[""Ġevents""]","[""Ġdata""]","[""Ġevents""]","[""Ġdata""]"
191,prolex,"In my opinion, it is better to specialize in one specific subject because one may not have a conclusion","In my view, it is better to specialize in one specific subject because one may not have a resolution",conclusion,resolution,93,103,opinion,view,6,13,-10.8125,-1.6328125,-12.4453125,-12.1875,-3.765625,-15.953125,3.5078125,-11.9375,-3.765625,-15.703125,3.2578125,3.2603515625,3.4673828125,65.20703125,69.34765625,20,20,0.20703125,-3.2603515625,-3.4673828125,0.20703125,[6452],[4743],[6064],[1859],[6064],[1859],"[""Ġconclusion""]","[""Ġopinion""]","[""Ġresolution""]","[""Ġview""]","[""Ġresolution""]","[""Ġview""]"
192,prolex,This can be done if the students possess ideas and concepts regarding that part of the project which is left by a person.,This can be done if the pupils have ideas and concepts regarding that part of the project which is left by a person.,possess,have,33,40,students,pupils,24,32,-6.875,-6.75,-13.625,-1.796875,-9.625,-11.421875,-2.203125,-1.796875,-9.5625,-11.359375,-2.265625,3.8772078804347827,3.9601095448369565,89.17578125,91.08251953125,23,23,0.08290166440217384,-3.8772078804347827,-3.9601095448369565,0.08290166440217384,[7081],[3484],[452],[30980],[452],[30980],"[""Ġpossess""]","[""Ġstudents""]","[""Ġhave""]","[""Ġpupils""]","[""Ġhave""]","[""Ġpupils""]"
193,prolex,This can be done if the students possess ideas and concepts regarding that part of the project which is left by a person.,This can be done if the pupils know ideas and concepts regarding that part of the project which is left by a person.,possess,know,33,40,students,pupils,24,32,-6.875,-6.75,-13.625,-3.734375,-9.625,-13.359375,-0.265625,-4.03125,-9.5625,-13.59375,-0.03125,3.8772078804347827,4.088654891304348,89.17578125,94.0390625,23,23,0.21144701086956497,-3.8772078804347827,-4.088654891304348,0.21144701086956497,[7081],[3484],[871],[30980],[871],[30980],"[""Ġpossess""]","[""Ġstudents""]","[""Ġknow""]","[""Ġpupils""]","[""Ġknow""]","[""Ġpupils""]"
194,prolex,"First of all, new things are innovated or discovered only by specialized knowledge in one specific subject.","First of all, new things are innovated or discovered just by expert knowledge in one specific subject.",specialized,expert,61,72,only,just,53,57,-8.25,-4.46875,-12.71875,-8.8125,-6.15625,-14.96875,2.25,-11.6875,-6.15625,-17.84375,5.125,3.8813091077302633,4.110749897203948,73.744873046875,78.104248046875,19,19,0.22944078947368451,-3.8813091077302633,-4.110749897203948,0.22944078947368451,[18052],[760],[6485],[816],[6485],[816],"[""Ġspecialized""]","[""Ġonly""]","[""Ġexpert""]","[""Ġjust""]","[""Ġexpert""]","[""Ġjust""]"
195,prolex,"First of all, new things are innovated or discovered only by specialized knowledge in one specific subject.","First of all, new things are innovated or discovered just by detailed knowledge in one specific subject.",specialized,detailed,61,72,only,just,53,57,-8.25,-4.46875,-12.71875,-10.6875,-6.15625,-16.84375,4.125,-12.625,-6.15625,-18.78125,6.0625,3.8813091077302633,4.1775673314144735,73.744873046875,79.373779296875,19,19,0.2962582236842102,-3.8813091077302633,-4.1775673314144735,0.2962582236842102,[18052],[760],[7000],[816],[7000],[816],"[""Ġspecialized""]","[""Ġonly""]","[""Ġdetailed""]","[""Ġjust""]","[""Ġdetailed""]","[""Ġjust""]"
196,prolex,"First of all, new things are innovated or discovered only by specialized knowledge in one specific subject.","First of all, new things are innovated or discovered just by specific knowledge in one specific subject.",specialized,specific,61,72,only,just,53,57,-8.25,-4.46875,-12.71875,-7.75,-6.15625,-13.90625,1.1875,-9.875,-6.15625,-16.03125,3.3125,3.8813091077302633,4.107871607730263,73.744873046875,78.049560546875,19,19,0.22656249999999956,-3.8813091077302633,-4.107871607730263,0.22656249999999956,[18052],[760],[2173],[816],[2173],[816],"[""Ġspecialized""]","[""Ġonly""]","[""Ġspecific""]","[""Ġjust""]","[""Ġspecific""]","[""Ġjust""]"
197,prolex,You can know what the author mainly mentions in the book because of the ideas and concepts.,You can know what the writer mainly mentions in the publication because of the ideas and concepts.,book,publication,52,56,author,writer,22,28,-1.6484375,-6.90625,-8.5546875,-7.15625,-7.75,-14.90625,6.3515625,-8.375,-7.78125,-16.15625,7.6015625,3.9396829044117645,4.229434742647059,66.974609375,71.900390625,17,17,0.2897518382352944,-3.9396829044117645,-4.229434742647059,0.2897518382352944,[1984],[2488],[9311],[8406],[9311],[8406],"[""Ġbook""]","[""Ġauthor""]","[""Ġpublication""]","[""Ġwriter""]","[""Ġpublication""]","[""Ġwriter""]"
198,prolex,You can know what the author mainly mentions in the book because of the ideas and concepts.,You can know what the writer mainly mentions in the text because of the ideas and concepts.,book,text,52,56,author,writer,22,28,-1.6484375,-6.90625,-8.5546875,-3.65625,-7.75,-11.40625,2.8515625,-3.546875,-7.78125,-11.328125,2.7734375,3.9396829044117645,3.999655330882353,66.974609375,67.994140625,17,17,0.059972426470588314,-3.9396829044117645,-3.999655330882353,0.059972426470588314,[1984],[2488],[2505],[8406],[2505],[8406],"[""Ġbook""]","[""Ġauthor""]","[""Ġtext""]","[""Ġwriter""]","[""Ġtext""]","[""Ġwriter""]"
199,prolex,"So if you consider the future day-to-day technology is improving a lot . So,people are crazy about buying a car,especially recently settled people.","So if you consider the future day-to-day technology is improving a lot . So,people are enthusiastic about purchasing a car,especially recently settled people.",crazy,enthusiastic,87,92,buying,purchasing,99,105,-7.0,-4.5625,-11.5625,-8.8125,-6.625,-15.4375,3.875,-8.8125,-5.28125,-14.09375,2.53125,4.327196674962198,4.380624094317036,134.14309692382812,135.79934692382812,31,31,0.05342741935483808,-4.327196674962198,-4.380624094317036,0.05342741935483808,[10412],[11280],[31905],[21016],[31905],[21016],"[""Ġcrazy""]","[""Ġbuying""]","[""Ġenthusiastic""]","[""Ġpurchasing""]","[""Ġenthusiastic""]","[""Ġpurchasing""]"
200,prolex,"So if you consider the future day-to-day technology is improving a lot . So,people are crazy about buying a car,especially recently settled people.","So if you consider the future day-to-day technology is improving a lot . So,people are passionate about purchasing a car,especially recently settled people.",crazy,passionate,87,92,buying,purchasing,99,105,-7.0,-4.5625,-11.5625,-9.0625,-6.625,-15.6875,4.125,-9.0625,-6.6875,-15.75,4.1875,4.327196674962198,4.454338812058972,134.14309692382812,138.08450317382812,31,31,0.12714213709677402,-4.327196674962198,-4.454338812058972,0.12714213709677402,[10412],[11280],[22500],[21016],[22500],[21016],"[""Ġcrazy""]","[""Ġbuying""]","[""Ġpassionate""]","[""Ġpurchasing""]","[""Ġpassionate""]","[""Ġpurchasing""]"
201,prolex,"So if you consider the future day-to-day technology is improving a lot . So,people are crazy about buying a car,especially recently settled people.","So if you consider the future day-to-day technology is improving a lot . So,people are keen about purchasing a car,especially recently settled people.",crazy,keen,87,92,buying,purchasing,99,105,-7.0,-4.5625,-11.5625,-7.78125,-6.625,-14.40625,2.84375,-7.75,-4.6875,-12.4375,0.875,4.327196674962198,4.446652320123488,134.14309692382812,137.84622192382812,31,31,0.11945564516129004,-4.327196674962198,-4.446652320123488,0.11945564516129004,[10412],[11280],[19497],[21016],[19497],[21016],"[""Ġcrazy""]","[""Ġbuying""]","[""Ġkeen""]","[""Ġpurchasing""]","[""Ġkeen""]","[""Ġpurchasing""]"
202,prolex,"So if you consider the future day-to-day technology is improving a lot . So,people are crazy about buying a car,especially recently settled people.","So if you consider the future day-to-day technology is improving a lot . So,people are excited about purchasing a car,especially recently settled people.",crazy,excited,87,92,buying,purchasing,99,105,-7.0,-4.5625,-11.5625,-6.71875,-6.625,-13.34375,1.78125,-6.6875,-7.09375,-13.78125,2.21875,4.327196674962198,4.370039416897681,134.14309692382812,135.47122192382812,31,31,0.0428427419354831,-4.327196674962198,-4.370039416897681,0.0428427419354831,[10412],[11280],[9049],[21016],[9049],[21016],"[""Ġcrazy""]","[""Ġbuying""]","[""Ġexcited""]","[""Ġpurchasing""]","[""Ġexcited""]","[""Ġpurchasing""]"
203,prolex,"So if you consider the future day-to-day technology is improving a lot . So,people are crazy about buying a car,especially recently settled people.","So if you consider the future day-to-day technology is improving a lot . So,people are eager about purchasing a car,especially recently settled people.",crazy,eager,87,92,buying,purchasing,99,105,-7.0,-4.5625,-11.5625,-6.65625,-6.625,-13.28125,1.71875,-6.625,-4.96875,-11.59375,0.03125,4.327196674962198,4.431027320123488,134.14309692382812,137.36184692382812,31,31,0.10383064516129004,-4.327196674962198,-4.431027320123488,0.10383064516129004,[10412],[11280],[15211],[21016],[15211],[21016],"[""Ġcrazy""]","[""Ġbuying""]","[""Ġeager""]","[""Ġpurchasing""]","[""Ġeager""]","[""Ġpurchasing""]"
204,prolex,"That is why it is so important to make a good choice when selecting a career, if not why it is so difficult to find a position with a good remuneration.","That is why it is so significant to make a good choice when selecting a career, if not why it is so difficult to find a job with a good remuneration.",position,job,118,126,important,significant,21,30,-5.46875,-0.51171875,-5.98046875,-0.83203125,-6.0625,-6.89453125,0.9140625,-0.8203125,-6.0625,-6.8828125,0.90234375,2.4265409357407512,2.640568929560044,82.50239181518555,89.7793436050415,34,34,0.21402799381929283,-2.4265409357407512,-2.640568929560044,0.21402799381929283,[1899],[1774],[2628],[1534],[2628],[1534],"[""Ġposition""]","[""Ġimportant""]","[""Ġjob""]","[""Ġsignificant""]","[""Ġjob""]","[""Ġsignificant""]"
205,prolex,"That is why it is so important to make a good choice when selecting a career, if not why it is so difficult to find a position with a good remuneration.","That is why it is so significant to make a good choice when selecting a career, if not why it is so difficult to find a role with a good remuneration.",position,role,118,126,important,significant,21,30,-5.46875,-0.51171875,-5.98046875,-7.40625,-6.0625,-13.46875,7.48828125,-6.9375,-6.0625,-13.0,7.01953125,2.4265409357407512,2.737599765553194,82.50239181518555,93.0783920288086,34,34,0.3110588298124428,-2.4265409357407512,-2.737599765553194,0.3110588298124428,[1899],[1774],[2554],[1534],[2554],[1534],"[""Ġposition""]","[""Ġimportant""]","[""Ġrole""]","[""Ġsignificant""]","[""Ġrole""]","[""Ġsignificant""]"
206,prolex,"That is why it is so important to make a good choice when selecting a career, if not why it is so difficult to find a position with a good remuneration.","That is why it is so significant to make a good choice when selecting a career, if not why it is so difficult to find a profession with a good remuneration.",position,profession,118,126,important,significant,21,30,-5.46875,-0.51171875,-5.98046875,-5.34375,-6.0625,-11.40625,5.42578125,-3.828125,-6.0625,-9.890625,3.91015625,2.4265409357407512,2.6361061264486874,82.50239181518555,89.62760829925537,34,34,0.2095651907079361,-2.4265409357407512,-2.6361061264486874,0.2095651907079361,[1899],[1774],[8761],[1534],[8761],[1534],"[""Ġposition""]","[""Ġimportant""]","[""Ġprofession""]","[""Ġsignificant""]","[""Ġprofession""]","[""Ġsignificant""]"
207,prolex,"That is why it is so important to make a good choice when selecting a career, if not why it is so difficult to find a position with a good remuneration.","That is why it is so significant to make a good choice when selecting a career, if not why it is so difficult to find a post with a good remuneration.",position,post,118,126,important,significant,21,30,-5.46875,-0.51171875,-5.98046875,-8.25,-6.0625,-14.3125,8.33203125,-7.8125,-6.0625,-13.875,7.89453125,2.4265409357407512,2.7193927203907684,82.50239181518555,92.45935249328613,34,34,0.29285178465001716,-2.4265409357407512,-2.7193927203907684,0.29285178465001716,[1899],[1774],[1501],[1534],[1501],[1534],"[""Ġposition""]","[""Ġimportant""]","[""Ġpost""]","[""Ġsignificant""]","[""Ġpost""]","[""Ġsignificant""]"
208,prolex,but one thing i disagree with is that people dont think about helping others and they will not encourage people who are in that region,but one thing i differ with is that people dont think about helping others and they will not encourage people who are in that area,region,area,128,134,disagree,differ,16,24,-9.9375,-6.53125,-16.46875,-6.40625,-11.625,-18.03125,1.5625,-6.21875,-11.625,-17.84375,1.375,4.00439453125,4.064778645833333,96.10546875,97.5546875,24,24,0.06038411458333304,-4.00439453125,-4.064778645833333,0.06038411458333304,[2919],[14936],[2170],[9184],[2170],[9184],"[""Ġregion""]","[""Ġdisagree""]","[""Ġarea""]","[""Ġdiffer""]","[""Ġarea""]","[""Ġdiffer""]"
209,prolex,but one thing i disagree with is that people dont think about helping others and they will not encourage people who are in that region,but one thing i differ with is that people dont think about helping others and they will not encourage people who are in that locale,region,locale,128,134,disagree,differ,16,24,-9.9375,-6.53125,-16.46875,-14.3125,-11.625,-25.9375,9.46875,-14.1875,-11.625,-25.8125,9.34375,4.00439453125,4.396809895833333,96.10546875,105.5234375,24,24,0.39241536458333304,-4.00439453125,-4.396809895833333,0.39241536458333304,[2919],[14936],[32099],[9184],[32099],[9184],"[""Ġregion""]","[""Ġdisagree""]","[""Ġlocale""]","[""Ġdiffer""]","[""Ġlocale""]","[""Ġdiffer""]"
210,prolex,but one thing i disagree with is that people dont think about helping others and they will not encourage people who are in that region,but one thing i differ with is that people dont think about helping others and they will not encourage people who are in that vicinity,region,vicinity,128,134,disagree,differ,16,24,-9.9375,-6.53125,-16.46875,-10.8125,-11.625,-22.4375,5.96875,-10.6875,-11.625,-22.3125,5.84375,4.00439453125,4.2509765625,96.10546875,102.0234375,24,24,0.24658203125,-4.00439453125,-4.2509765625,0.24658203125,[2919],[14936],[21520],[9184],[21520],[9184],"[""Ġregion""]","[""Ġdisagree""]","[""Ġvicinity""]","[""Ġdiffer""]","[""Ġvicinity""]","[""Ġdiffer""]"
211,prolex,but one thing i disagree with is that people dont think about helping others and they will not encourage people who are in that region,but one thing i differ with is that people dont think about helping others and they will not encourage people who are in that territory,region,territory,128,134,disagree,differ,16,24,-9.9375,-6.53125,-16.46875,-11.4375,-11.625,-23.0625,6.59375,-11.4375,-11.625,-23.0625,6.59375,4.00439453125,4.2822265625,96.10546875,102.7734375,24,24,0.27783203125,-4.00439453125,-4.2822265625,0.27783203125,[2919],[14936],[12785],[9184],[12785],[9184],"[""Ġregion""]","[""Ġdisagree""]","[""Ġterritory""]","[""Ġdiffer""]","[""Ġterritory""]","[""Ġdiffer""]"
212,prolex,any experience. and it will not be useful in lifetime. trying new things and learning from experiences will make life cheerful and successful. trying for new things will be hard at first but later we will get its fruits.,any experience. and it will not be useful in lifetime. attempting new things and learning from experiences will make life cheerful and successful. trying for new things will be hard at first but eventually we will get its fruits.,later,eventually,191,196,trying,attempting,55,61,-4.15625,-9.9375,-14.09375,-4.53125,-13.6875,-18.21875,4.125,-4.3125,-13.75,-18.0625,3.96875,3.6453915550595237,3.795596168154762,153.1064453125,159.4150390625,42,42,0.15020461309523814,-3.6453915550595237,-3.795596168154762,0.15020461309523814,[1996],[2820],[6524],[13756],[6524],[13756],"[""Ġlater""]","[""Ġtrying""]","[""Ġeventually""]","[""Ġattempting""]","[""Ġeventually""]","[""Ġattempting""]"
213,prolex,any experience. and it will not be useful in lifetime. trying new things and learning from experiences will make life cheerful and successful. trying for new things will be hard at first but later we will get its fruits.,any experience. and it will not be useful in lifetime. attempting new things and learning from experiences will make life cheerful and successful. trying for new things will be hard at first but afterwards we will get its fruits.,later,afterwards,191,196,trying,attempting,55,61,-4.15625,-9.9375,-14.09375,-7.65625,-13.6875,-21.34375,7.25,-7.5,-13.75,-21.25,7.15625,3.6453915550595237,3.8916248139880953,153.1064453125,163.4482421875,42,42,0.24623325892857162,-3.6453915550595237,-3.8916248139880953,0.24623325892857162,[1996],[2820],[16906],[13756],[16906],[13756],"[""Ġlater""]","[""Ġtrying""]","[""Ġafterwards""]","[""Ġattempting""]","[""Ġafterwards""]","[""Ġattempting""]"
214,prolex,"in the past the numbers of cars was very little respect today, few people had the car only the most rich of the village, today everybody has a.car.","in the past the numbers of automobiles was very little respect today, few people had the car only the most rich of the town, today everybody has a.car.",village,town,112,119,cars,automobiles,27,31,-6.15625,-5.875,-12.03125,-4.71875,-8.6875,-13.40625,1.375,-5.625,-8.6875,-14.3125,2.28125,4.5751953125,4.6151123046875,146.40625,147.68359375,32,32,0.0399169921875,-4.5751953125,-4.6151123046875,0.0399169921875,[7773],[8458],[3874],[45056],[3874],[45056],"[""Ġvillage""]","[""Ġcars""]","[""Ġtown""]","[""Ġautomobiles""]","[""Ġtown""]","[""Ġautomobiles""]"
215,prolex,"in the past the numbers of cars was very little respect today, few people had the car only the most rich of the village, today everybody has a.car.","in the past the numbers of automobiles was very little respect today, few people had the car only the most rich of the community, today everybody has a.car.",village,community,112,119,cars,automobiles,27,31,-6.15625,-5.875,-12.03125,-5.53125,-8.6875,-14.21875,2.1875,-5.9375,-8.6875,-14.625,2.59375,4.5751953125,4.620361328125,146.40625,147.8515625,32,32,0.045166015625,-4.5751953125,-4.620361328125,0.045166015625,[7773],[8458],[3114],[45056],[3114],[45056],"[""Ġvillage""]","[""Ġcars""]","[""Ġcommunity""]","[""Ġautomobiles""]","[""Ġcommunity""]","[""Ġautomobiles""]"
216,prolex,but after buying it i found it was a big mistake to buy it because it spent only one week and after that it completely destroyed.,but after purchasing it i found it was a big mistake to buy it because it spent only one week and after that it utterly destroyed.,completely,utterly,108,118,buying,purchasing,10,16,-5.71875,-6.65625,-12.375,-12.375,-7.9375,-20.3125,7.9375,-12.0625,-7.96875,-20.03125,7.65625,3.1612079326923075,3.4359975961538463,82.19140625,89.3359375,26,26,0.27478966346153877,-3.1612079326923075,-3.4359975961538463,0.27478966346153877,[4336],[11280],[23228],[21016],[23228],[21016],"[""Ġcompletely""]","[""Ġbuying""]","[""Ġutterly""]","[""Ġpurchasing""]","[""Ġutterly""]","[""Ġpurchasing""]"
217,prolex,but after buying it i found it was a big mistake to buy it because it spent only one week and after that it completely destroyed.,but after purchasing it i found it was a big mistake to buy it because it spent only one week and after that it totally destroyed.,completely,totally,108,118,buying,purchasing,10,16,-5.71875,-6.65625,-12.375,-6.03125,-7.9375,-13.96875,1.59375,-5.8125,-7.96875,-13.78125,1.40625,3.1612079326923075,3.229266826923077,82.19140625,83.9609375,26,26,0.0680588942307696,-3.1612079326923075,-3.229266826923077,0.0680588942307696,[4336],[11280],[9106],[21016],[9106],[21016],"[""Ġcompletely""]","[""Ġbuying""]","[""Ġtotally""]","[""Ġpurchasing""]","[""Ġtotally""]","[""Ġpurchasing""]"
218,prolex,but after buying it i found it was a big mistake to buy it because it spent only one week and after that it completely destroyed.,but after purchasing it i found it was a big mistake to buy it because it spent only one week and after that it fully destroyed.,completely,fully,108,118,buying,purchasing,10,16,-5.71875,-6.65625,-12.375,-9.1875,-7.9375,-17.125,4.75,-8.9375,-7.96875,-16.90625,4.53125,3.1612079326923075,3.352764423076923,82.19140625,87.171875,26,26,0.19155649038461542,-3.1612079326923075,-3.352764423076923,0.19155649038461542,[4336],[11280],[4751],[21016],[4751],[21016],"[""Ġcompletely""]","[""Ġbuying""]","[""Ġfully""]","[""Ġpurchasing""]","[""Ġfully""]","[""Ġpurchasing""]"
219,prolex,but after buying it i found it was a big mistake to buy it because it spent only one week and after that it completely destroyed.,but after purchasing it i found it was a big mistake to buy it because it spent only one week and after that it entirely destroyed.,completely,entirely,108,118,buying,purchasing,10,16,-5.71875,-6.65625,-12.375,-10.9375,-7.9375,-18.875,6.5,-10.3125,-7.96875,-18.28125,5.90625,3.1612079326923075,3.4161658653846154,82.19140625,88.8203125,26,26,0.25495793269230793,-3.1612079326923075,-3.4161658653846154,0.25495793269230793,[4336],[11280],[7094],[21016],[7094],[21016],"[""Ġcompletely""]","[""Ġbuying""]","[""Ġentirely""]","[""Ġpurchasing""]","[""Ġentirely""]","[""Ġpurchasing""]"
220,prolex,"So in summary, young people enjoy life more than older people not only because they have enough time and spirits but they also meet and accept some new ways of enjoying life.","So in summary, youthful people enjoy life more than older people not only because they have enough time and energy but they also meet and accept some new ways of enjoying life.",spirits,energy,105,112,young,youthful,15,20,-11.6875,-9.75,-21.4375,-0.984375,-14.375,-15.359375,-6.078125,-0.875,-14.375,-15.25,-6.1875,3.587180397727273,3.412405303030303,118.376953125,112.609375,33,33,-0.17477509469696972,-3.587180397727273,-3.412405303030303,-0.17477509469696972,[19851],[2872],[2341],[44098],[2341],[44098],"[""Ġspirits""]","[""Ġyoung""]","[""Ġenergy""]","[""Ġyouthful""]","[""Ġenergy""]","[""Ġyouthful""]"
221,prolex,"So in summary, young people enjoy life more than older people not only because they have enough time and spirits but they also meet and accept some new ways of enjoying life.","So in summary, youthful people enjoy life more than older people not only because they have enough time and enthusiasm but they also meet and accept some new ways of enjoying life.",spirits,enthusiasm,105,112,young,youthful,15,20,-11.6875,-9.75,-21.4375,-6.25,-14.375,-20.625,-0.8125,-6.125,-14.375,-20.5,-0.9375,3.587180397727273,3.5665838068181817,118.376953125,117.697265625,33,33,-0.020596590909091272,-3.587180397727273,-3.5665838068181817,-0.020596590909091272,[19851],[2872],[23027],[44098],[23027],[44098],"[""Ġspirits""]","[""Ġyoung""]","[""Ġenthusiasm""]","[""Ġyouthful""]","[""Ġenthusiasm""]","[""Ġyouthful""]"
223,prolex,"So in summary, young people enjoy life more than older people not only because they have enough time and spirits but they also meet and accept some new ways of enjoying life.","So in summary, youthful people enjoy life more than older people not only because they have enough time and vitality but they also meet and accept some new ways of enjoying life.",spirits,vitality,105,112,young,youthful,15,20,-11.6875,-9.75,-21.4375,-6.4375,-14.375,-20.8125,-0.625,-6.0,-14.375,-20.375,-1.0625,3.587180397727273,3.569602272727273,118.376953125,117.796875,33,33,-0.017578125,-3.587180397727273,-3.569602272727273,-0.017578125,[19851],[2872],[47065],[44098],[47065],[44098],"[""Ġspirits""]","[""Ġyoung""]","[""Ġvitality""]","[""Ġyouthful""]","[""Ġvitality""]","[""Ġyouthful""]"
227,prolex,Because the truth of the thing is always the right way for everything.,Because the reality of the thing is invariably the right way for everything.,truth,reality,12,17,always,invariably,34,40,-6.96875,-6.53125,-13.5,-7.65625,-10.875,-18.53125,5.03125,-7.65625,-11.5625,-19.21875,5.71875,3.6688701923076925,4.269681490384615,47.6953125,55.505859375,13,13,0.6008112980769225,-3.6688701923076925,-4.269681490384615,0.6008112980769225,[5083],[1900],[6612],[37504],[6612],[37504],"[""Ġtruth""]","[""Ġalways""]","[""Ġreality""]","[""Ġinvariably""]","[""Ġreality""]","[""Ġinvariably""]"
228,prolex,Because the truth of the thing is always the right way for everything.,Because the fact of the thing is invariably the right way for everything.,truth,fact,12,17,always,invariably,34,40,-6.96875,-6.53125,-13.5,-6.96875,-10.875,-17.84375,4.34375,-6.96875,-12.25,-19.21875,5.71875,3.6688701923076925,4.1416766826923075,47.6953125,53.841796875,13,13,0.472806490384615,-3.6688701923076925,-4.1416766826923075,0.472806490384615,[5083],[1900],[958],[37504],[958],[37504],"[""Ġtruth""]","[""Ġalways""]","[""Ġfact""]","[""Ġinvariably""]","[""Ġfact""]","[""Ġinvariably""]"
229,prolex,Because the truth of the thing is always the right way for everything.,Because the authenticity of the thing is invariably the right way for everything.,truth,authenticity,12,17,always,invariably,34,40,-6.96875,-6.53125,-13.5,-10.8125,-10.875,-21.6875,8.1875,-10.75,-9.6875,-20.4375,6.9375,3.6688701923076925,4.4227764423076925,47.6953125,57.49609375,13,13,0.75390625,-3.6688701923076925,-4.4227764423076925,0.75390625,[5083],[1900],[40318],[37504],[40318],[37504],"[""Ġtruth""]","[""Ġalways""]","[""Ġauthenticity""]","[""Ġinvariably""]","[""Ġauthenticity""]","[""Ġinvariably""]"
231,prolex,"On the other hand, for the boy it is also a great pleasure to be able to watch tv instead of working.","On the other hand, for the lad it is likewise a great pleasure to be able to watch tv instead of working.",boy,lad,27,30,also,likewise,37,41,-9.6875,-4.125,-13.8125,-10.9375,-8.25,-19.1875,5.375,-10.875,-8.1875,-19.0625,5.25,2.997489597486413,3.392774498980978,68.9422607421875,78.0338134765625,23,23,0.39528490149456497,-2.997489597486413,-3.392774498980978,0.39528490149456497,[5006],[671],[9931],[21223],[9931],[21223],"[""Ġboy""]","[""Ġalso""]","[""Ġlad""]","[""Ġlikewise""]","[""Ġlad""]","[""Ġlikewise""]"
233,prolex,"On the other hand, for the boy it is also a great pleasure to be able to watch tv instead of working.","On the other hand, for the kid it is likewise a great pleasure to be able to watch tv instead of working.",boy,kid,27,30,also,likewise,37,41,-9.6875,-4.125,-13.8125,-9.5625,-8.25,-17.8125,4.0,-9.625,-8.375,-18.0,4.1875,2.997489597486413,3.316148840862772,68.9422607421875,76.27142333984375,23,23,0.31865924337635887,-2.997489597486413,-3.316148840862772,0.31865924337635887,[5006],[671],[5772],[21223],[5772],[21223],"[""Ġboy""]","[""Ġalso""]","[""Ġkid""]","[""Ġlikewise""]","[""Ġkid""]","[""Ġlikewise""]"
234,prolex,"On the other hand, for the boy it is also a great pleasure to be able to watch tv instead of working.","On the other hand, for the child it is likewise a great pleasure to be able to watch tv instead of working.",boy,child,27,30,also,likewise,37,41,-9.6875,-4.125,-13.8125,-7.75,-8.25,-16.0,2.1875,-7.75,-8.5625,-16.3125,2.5,2.997489597486413,3.2057388969089673,68.9422607421875,73.73199462890625,23,23,0.2082492994225542,-2.997489597486413,-3.2057388969089673,0.2082492994225542,[5006],[671],[1429],[21223],[1429],[21223],"[""Ġboy""]","[""Ġalso""]","[""Ġchild""]","[""Ġlikewise""]","[""Ġchild""]","[""Ġlikewise""]"
235,prolex,"On the other hand, for the boy it is also a great pleasure to be able to watch tv instead of working.","On the other hand, for the youth it is likewise a great pleasure to be able to watch tv instead of working.",boy,youth,27,30,also,likewise,37,41,-9.6875,-4.125,-13.8125,-8.75,-8.25,-17.0,3.1875,-8.75,-8.625,-17.375,3.5625,2.997489597486413,3.359980044157609,68.9422607421875,77.279541015625,23,23,0.3624904466711958,-2.997489597486413,-3.359980044157609,0.3624904466711958,[5006],[671],[8920],[21223],[8920],[21223],"[""Ġboy""]","[""Ġalso""]","[""Ġyouth""]","[""Ġlikewise""]","[""Ġyouth""]","[""Ġlikewise""]"
236,prolex,"But I still did not give up, I said we could ask the salesman whether the MP3 was good or not.","But I still did not give up, I stated we could question the salesman whether the MP3 was good or not.",ask,question,45,48,said,stated,31,35,-5.625,-4.46875,-10.09375,-11.125,-10.25,-21.375,11.28125,-9.875,-10.3125,-20.1875,10.09375,3.4146728515625,3.8881429036458335,81.9521484375,93.3154296875,24,24,0.4734700520833335,-3.4146728515625,-3.8881429036458335,0.4734700520833335,[1642],[753],[1953],[4767],[1953],[4767],"[""Ġask""]","[""Ġsaid""]","[""Ġquestion""]","[""Ġstated""]","[""Ġquestion""]","[""Ġstated""]"
237,prolex,"But I still did not give up, I said we could ask the salesman whether the MP3 was good or not.","But I still did not give up, I stated we could consult the salesman whether the MP3 was good or not.",ask,consult,45,48,said,stated,31,35,-5.625,-4.46875,-10.09375,-9.1875,-10.25,-19.4375,9.34375,-8.0625,-10.3125,-18.375,8.28125,3.4146728515625,3.8516031901041665,81.9521484375,92.4384765625,24,24,0.4369303385416665,-3.4146728515625,-3.8516031901041665,0.4369303385416665,[1642],[753],[7279],[4767],[7279],[4767],"[""Ġask""]","[""Ġsaid""]","[""Ġconsult""]","[""Ġstated""]","[""Ġconsult""]","[""Ġstated""]"
238,prolex,In the thirty years before nearly there was no car used but it became more common,In the thirty years before almost there was no car used but it became more usual,nearly,almost,27,33,common,usual,75,81,-10.75,-1.7109375,-12.4609375,-10.5,-6.34375,-16.84375,4.3828125,-10.4375,-6.4375,-16.875,4.4140625,4.801822916666667,4.968489583333334,72.02734375,74.52734375,15,15,0.16666666666666696,-4.801822916666667,-4.968489583333334,0.16666666666666696,[4829],[1846],[2761],[7312],[2761],[7312],"[""Ġnearly""]","[""Ġcommon""]","[""Ġalmost""]","[""Ġusual""]","[""Ġalmost""]","[""Ġusual""]"
239,prolex,In the thirty years before nearly there was no car used but it became more common,In the thirty years before virtually there was no car used but it became more usual,nearly,virtually,27,33,common,usual,75,81,-10.75,-1.7109375,-12.4609375,-12.375,-6.34375,-18.71875,6.2578125,-12.375,-6.28125,-18.65625,6.1953125,4.801822916666667,5.294010416666667,72.02734375,79.41015625,15,15,0.4921875,-4.801822916666667,-5.294010416666667,0.4921875,[4829],[1846],[14257],[7312],[14257],[7312],"[""Ġnearly""]","[""Ġcommon""]","[""Ġvirtually""]","[""Ġusual""]","[""Ġvirtually""]","[""Ġusual""]"
240,prolex,In the thirty years before nearly there was no car used but it became more common,In the thirty years before practically there was no car used but it became more usual,nearly,practically,27,33,common,usual,75,81,-10.75,-1.7109375,-12.4609375,-14.0,-6.34375,-20.34375,7.8828125,-13.9375,-6.09375,-20.03125,7.5703125,4.801822916666667,5.320572916666666,72.02734375,79.80859375,15,15,0.5187499999999998,-4.801822916666667,-5.320572916666666,0.5187499999999998,[4829],[1846],[18236],[7312],[18236],[7312],"[""Ġnearly""]","[""Ġcommon""]","[""Ġpractically""]","[""Ġusual""]","[""Ġpractically""]","[""Ġusual""]"
243,prolex,I think that this is true because it is a key to success in making experiences and learning from your mistakes and problems and then improving yourself.,I believe that this is true because it is a key to success in making experiences and learning from your errors and problems and then improving yourself.,mistakes,errors,102,110,think,believe,2,7,-1.2109375,-3.234375,-4.4453125,-5.46875,-5.125,-10.59375,6.1484375,-5.78125,-5.125,-10.90625,6.4609375,3.529513888888889,3.5966435185185186,95.296875,97.109375,27,27,0.06712962962962976,-3.529513888888889,-3.5966435185185186,0.06712962962962976,[16503],[1158],[6332],[2868],[6332],[2868],"[""Ġmistakes""]","[""Ġthink""]","[""Ġerrors""]","[""Ġbelieve""]","[""Ġerrors""]","[""Ġbelieve""]"
245,prolex,At the same time cars' models are increased.,At the same time automobiles' designs are increased.,models,designs,23,29,cars,automobiles,17,21,-7.03125,-12.0625,-19.09375,-5.90625,-14.125,-20.03125,0.9375,-6.25,-14.125,-20.375,1.28125,4.557210286458333,4.907904730902778,41.014892578125,44.171142578125,9,9,0.35069444444444464,-4.557210286458333,-4.907904730902778,0.35069444444444464,[3210],[8458],[11809],[45056],[11809],[45056],"[""Ġmodels""]","[""Ġcars""]","[""Ġdesigns""]","[""Ġautomobiles""]","[""Ġdesigns""]","[""Ġautomobiles""]"
246,prolex,there was only 1 blade and not all the guns that were shown in the spot.,there was just 1 blade and not all the guns that were shown in the location.,spot,location,67,71,only,just,10,14,-9.5,-4.25,-13.75,-11.0625,-5.15625,-16.21875,2.46875,-11.1875,-5.1875,-16.375,2.625,3.959716796875,4.3533935546875,63.35546875,69.654296875,16,16,0.3936767578125,-3.959716796875,-4.3533935546875,0.3936767578125,[6308],[760],[4328],[816],[4328],[816],"[""Ġspot""]","[""Ġonly""]","[""Ġlocation""]","[""Ġjust""]","[""Ġlocation""]","[""Ġjust""]"
247,prolex,there was only 1 blade and not all the guns that were shown in the spot.,there was just 1 blade and not all the guns that were shown in the place.,spot,place,67,71,only,just,10,14,-9.5,-4.25,-13.75,-10.5,-5.15625,-15.65625,1.90625,-10.375,-5.1875,-15.5625,1.8125,3.959716796875,4.2869873046875,63.35546875,68.591796875,16,16,0.3272705078125,-3.959716796875,-4.2869873046875,0.3272705078125,[6308],[760],[1659],[816],[1659],[816],"[""Ġspot""]","[""Ġonly""]","[""Ġplace""]","[""Ġjust""]","[""Ġplace""]","[""Ġjust""]"
248,prolex,there was only 1 blade and not all the guns that were shown in the spot.,there was just 1 blade and not all the guns that were shown in the site.,spot,site,67,71,only,just,10,14,-9.5,-4.25,-13.75,-9.3125,-5.15625,-14.46875,0.71875,-9.5,-5.1875,-14.6875,0.9375,3.959716796875,4.2210693359375,63.35546875,67.537109375,16,16,0.2613525390625,-3.959716796875,-4.2210693359375,0.2613525390625,[6308],[760],[2670],[816],[2670],[816],"[""Ġspot""]","[""Ġonly""]","[""Ġsite""]","[""Ġjust""]","[""Ġsite""]","[""Ġjust""]"
249,prolex,"They are different kinds of people, some of them like to live their lives just the way they have","They are dissimilar sorts of people, some of them like to live their lives just the way they have",kinds,sorts,19,24,different,dissimilar,9,18,-4.5,-6.3125,-10.8125,-7.59375,-11.75,-19.34375,8.53125,-9.3125,-11.75,-21.0625,10.25,2.4786312705592106,3.208958675986842,47.093994140625,60.97021484375,19,19,0.7303274054276314,-2.4786312705592106,-3.208958675986842,0.7303274054276314,[9351],[1027],[16308],[43110],[16308],[43110],"[""Ġkinds""]","[""Ġdifferent""]","[""Ġsorts""]","[""Ġdissimilar""]","[""Ġsorts""]","[""Ġdissimilar""]"
250,prolex,"They are different kinds of people, some of them like to live their lives just the way they have","They are dissimilar types of people, some of them like to live their lives just the way they have",kinds,types,19,24,different,dissimilar,9,18,-4.5,-6.3125,-10.8125,-3.765625,-11.75,-15.515625,4.703125,-6.5,-11.75,-18.25,7.4375,2.4786312705592106,3.07421875,47.093994140625,58.41015625,19,19,0.5955874794407894,-2.4786312705592106,-3.07421875,0.5955874794407894,[9351],[1027],[3510],[43110],[3510],[43110],"[""Ġkinds""]","[""Ġdifferent""]","[""Ġtypes""]","[""Ġdissimilar""]","[""Ġtypes""]","[""Ġdissimilar""]"
251,prolex,In this case the advertising is used to increase the selling of unsing the little child that when they see something that looks beautiful,In this case the advertising is used to increase the marketing of unsing the small child that when they see something that looks beautiful,selling,marketing,53,60,little,small,75,81,-7.03125,-9.6875,-16.71875,-7.0625,-8.5,-15.5625,-1.15625,-7.03125,-8.375,-15.40625,-1.3125,4.669759114583333,4.75830078125,112.07421875,114.19921875,24,24,0.08854166666666696,-4.669759114583333,-4.75830078125,0.08854166666666696,[10156],[1652],[9137],[1355],[9137],[1355],"[""Ġselling""]","[""Ġlittle""]","[""Ġmarketing""]","[""Ġsmall""]","[""Ġmarketing""]","[""Ġsmall""]"
252,prolex,In this case the advertising is used to increase the selling of unsing the little child that when they see something that looks beautiful,In this case the advertising is used to increase the promotion of unsing the small child that when they see something that looks beautiful,selling,promotion,53,60,little,small,75,81,-7.03125,-9.6875,-16.71875,-8.125,-8.5,-16.625,-0.09375,-8.125,-8.5625,-16.6875,-0.03125,4.669759114583333,4.742757161458333,112.07421875,113.826171875,24,24,0.072998046875,-4.669759114583333,-4.742757161458333,0.072998046875,[10156],[1652],[14892],[1355],[14892],[1355],"[""Ġselling""]","[""Ġlittle""]","[""Ġpromotion""]","[""Ġsmall""]","[""Ġpromotion""]","[""Ġsmall""]"
253,prolex,This means that young people tend to enjoy a fashionable life and fashion brands target not old women but young women.,This means that youthful people tend to enjoy a fashionable life and fashion brands target not old ladies but young women.,women,ladies,96,101,young,youthful,16,21,-4.0,-8.875,-12.875,-5.1875,-13.8125,-19.0,6.125,-5.59375,-13.8125,-19.40625,6.53125,4.144728887648809,4.435965401785714,87.039306640625,93.1552734375,21,21,0.2912365141369051,-4.144728887648809,-4.435965401785714,0.2912365141369051,[2255],[2872],[16901],[44098],[16901],[44098],"[""Ġwomen""]","[""Ġyoung""]","[""Ġladies""]","[""Ġyouthful""]","[""Ġladies""]","[""Ġyouthful""]"
254,prolex,"While he was doing this, he took a risk because while he was doing it, there were many mp3 players and generally people do not want to change their habits in my country.","While he was performing this, he took a risk because while he was doing it, there were many mp3 devices and generally people do not want to change their habits in my country.",players,devices,91,98,doing,performing,13,18,-1.5078125,-4.90625,-6.4140625,-5.8125,-7.0625,-12.875,6.4609375,-5.25,-7.09375,-12.34375,5.9296875,3.299587673611111,3.5777587890625,118.78515625,128.79931640625,36,36,0.27817111545138884,-3.299587673611111,-3.5777587890625,0.27817111545138884,[3773],[2509],[4095],[9591],[4095],[9591],"[""Ġplayers""]","[""Ġdoing""]","[""Ġdevices""]","[""Ġperforming""]","[""Ġdevices""]","[""Ġperforming""]"
255,prolex,"So, cars have a positive impact on the economy and I don't think that the government will try to put restrictions on this.","So, automobiles have a positive impact on the economy and I don't think that the government will attempt to put restrictions on this.",try,attempt,90,93,cars,automobiles,4,8,-3.9375,-12.25,-16.1875,-7.0,-15.0,-22.0,5.8125,-6.53125,-15.0,-21.53125,5.34375,2.7885546875,3.000966796875,69.7138671875,75.024169921875,25,25,0.21241210937499977,-2.7885546875,-3.000966796875,0.21241210937499977,[1611],[8458],[3177],[45056],[3177],[45056],"[""Ġtry""]","[""Ġcars""]","[""Ġattempt""]","[""Ġautomobiles""]","[""Ġattempt""]","[""Ġautomobiles""]"
256,prolex,"So, cars have a positive impact on the economy and I don't think that the government will try to put restrictions on this.","So, automobiles have a positive impact on the economy and I don't think that the government will aim to put restrictions on this.",try,aim,90,93,cars,automobiles,4,8,-3.9375,-12.25,-16.1875,-9.0,-15.0,-24.0,7.8125,-9.1875,-15.0,-24.1875,8.0,2.7885546875,3.10080078125,69.7138671875,77.52001953125,25,25,0.3122460937499998,-2.7885546875,-3.10080078125,0.3122460937499998,[1611],[8458],[4388],[45056],[4388],[45056],"[""Ġtry""]","[""Ġcars""]","[""Ġaim""]","[""Ġautomobiles""]","[""Ġaim""]","[""Ġautomobiles""]"
257,prolex,"So, cars have a positive impact on the economy and I don't think that the government will try to put restrictions on this.","So, automobiles have a positive impact on the economy and I don't think that the government will work to put restrictions on this.",try,work,90,93,cars,automobiles,4,8,-3.9375,-12.25,-16.1875,-6.6875,-15.0,-21.6875,5.5,-6.78125,-15.0,-21.78125,5.59375,2.7885546875,3.06330078125,69.7138671875,76.58251953125,25,25,0.27474609375000014,-2.7885546875,-3.06330078125,0.27474609375000014,[1611],[8458],[789],[45056],[789],[45056],"[""Ġtry""]","[""Ġcars""]","[""Ġwork""]","[""Ġautomobiles""]","[""Ġwork""]","[""Ġautomobiles""]"
258,prolex,There is a crucial phase in every individual's life where one has to focus on certain aspects of life.,There is a crucial phase in every person's life where one has to concentrate on certain aspects of life.,individual,person,34,44,focus,concentrate,69,74,-5.125,-5.90625,-11.03125,-3.859375,-7.46875,-11.328125,0.296875,-3.875,-7.65625,-11.53125,0.5,2.6007080078125,2.663623046875,52.01416015625,53.2724609375,20,20,0.06291503906250018,-2.6007080078125,-2.663623046875,0.06291503906250018,[2060],[2770],[1436],[21364],[1436],[21364],"[""Ġindividual""]","[""Ġfocus""]","[""Ġperson""]","[""Ġconcentrate""]","[""Ġperson""]","[""Ġconcentrate""]"
259,prolex,There is a crucial phase in every individual's life where one has to focus on certain aspects of life.,There is a crucial phase in every human's life where one has to concentrate on certain aspects of life.,individual,human,34,44,focus,concentrate,69,74,-5.125,-5.90625,-11.03125,-5.0625,-7.46875,-12.53125,1.5,-5.0625,-7.78125,-12.84375,1.8125,2.6007080078125,2.8158935546875,52.01416015625,56.31787109375,20,20,0.2151855468749999,-2.6007080078125,-2.8158935546875,0.2151855468749999,[2060],[2770],[1966],[21364],[1966],[21364],"[""Ġindividual""]","[""Ġfocus""]","[""Ġhuman""]","[""Ġconcentrate""]","[""Ġhuman""]","[""Ġconcentrate""]"
260,prolex,"for example, if the students study business at school, after they finish school.","for instance, if the students learn business at school, after they finish school.",study,learn,29,34,example,instance,4,11,-7.21875,-4.3125,-11.53125,-5.0,-3.4375,-8.4375,-3.09375,-5.0,-3.25,-8.25,-3.28125,3.5673177083333334,3.5786458333333333,53.509765625,53.6796875,15,15,0.011328124999999911,-3.5673177083333334,-3.5786458333333333,0.011328124999999911,[1263],[1650],[3037],[4227],[3037],[4227],"[""Ġstudy""]","[""Ġexample""]","[""Ġlearn""]","[""Ġinstance""]","[""Ġlearn""]","[""Ġinstance""]"
261,prolex,"for example, if the students study business at school, after they finish school.","for instance, if the students explore business at school, after they finish school.",study,explore,29,34,example,instance,4,11,-7.21875,-4.3125,-11.53125,-9.375,-3.4375,-12.8125,1.28125,-9.375,-3.25,-12.625,1.09375,3.5673177083333334,4.047395833333334,53.509765625,60.7109375,15,15,0.48007812500000036,-3.5673177083333334,-4.047395833333334,0.48007812500000036,[1263],[1650],[8338],[4227],[8338],[4227],"[""Ġstudy""]","[""Ġexample""]","[""Ġexplore""]","[""Ġinstance""]","[""Ġexplore""]","[""Ġinstance""]"
262,prolex,"To Know the ideas and concepts first would prevent the student from making a lot of mistakes that can cost him pain and disappointment, because he would probably choose the correct and convenient solution for the fact that he is taking his knowledge.","To Know the thoughts and concepts first would prevent the student from making a lot of mistakes that can cost him pain and disappointment, because he would probably choose the appropriate and convenient solution for the fact that he is taking his knowledge.",correct,appropriate,173,180,ideas,thoughts,12,17,-4.5,-9.875,-14.375,-6.90625,-10.0625,-16.96875,2.59375,-7.15625,-10.0625,-17.21875,2.84375,3.878662109375,3.946316805752841,170.6611328125,173.637939453125,44,44,0.06765469637784083,-3.878662109375,-3.946316805752841,0.06765469637784083,[3451],[5697],[4569],[7906],[4569],[7906],"[""Ġcorrect""]","[""Ġideas""]","[""Ġappropriate""]","[""Ġthoughts""]","[""Ġappropriate""]","[""Ġthoughts""]"
263,prolex,"To Know the ideas and concepts first would prevent the student from making a lot of mistakes that can cost him pain and disappointment, because he would probably choose the correct and convenient solution for the fact that he is taking his knowledge.","To Know the thoughts and concepts first would prevent the student from making a lot of mistakes that can cost him pain and disappointment, because he would probably choose the right and convenient solution for the fact that he is taking his knowledge.",correct,right,173,180,ideas,thoughts,12,17,-4.5,-9.875,-14.375,-2.953125,-10.0625,-13.015625,-1.359375,-2.71875,-10.0625,-12.78125,-1.59375,3.878662109375,3.927407004616477,170.6611328125,172.805908203125,44,44,0.04874489524147707,-3.878662109375,-3.927407004616477,0.04874489524147707,[3451],[5697],[987],[7906],[987],[7906],"[""Ġcorrect""]","[""Ġideas""]","[""Ġright""]","[""Ġthoughts""]","[""Ġright""]","[""Ġthoughts""]"
264,prolex,"To Know the ideas and concepts first would prevent the student from making a lot of mistakes that can cost him pain and disappointment, because he would probably choose the correct and convenient solution for the fact that he is taking his knowledge.","To Know the thoughts and concepts first would prevent the student from making a lot of mistakes that can cost him pain and disappointment, because he would probably choose the suitable and convenient solution for the fact that he is taking his knowledge.",correct,suitable,173,180,ideas,thoughts,12,17,-4.5,-9.875,-14.375,-9.0625,-10.0625,-19.125,4.75,-9.4375,-10.0625,-19.5,5.125,3.878662109375,3.9964766068892046,170.6611328125,175.844970703125,44,44,0.11781449751420459,-3.878662109375,-3.9964766068892046,0.11781449751420459,[3451],[5697],[7470],[7906],[7470],[7906],"[""Ġcorrect""]","[""Ġideas""]","[""Ġsuitable""]","[""Ġthoughts""]","[""Ġsuitable""]","[""Ġthoughts""]"
265,prolex,"To Know the ideas and concepts first would prevent the student from making a lot of mistakes that can cost him pain and disappointment, because he would probably choose the correct and convenient solution for the fact that he is taking his knowledge.","To Know the thoughts and concepts first would prevent the student from making a lot of mistakes that can cost him pain and disappointment, because he would probably choose the accurate and convenient solution for the fact that he is taking his knowledge.",correct,accurate,173,180,ideas,thoughts,12,17,-4.5,-9.875,-14.375,-10.875,-10.0625,-20.9375,6.5625,-10.5,-10.0625,-20.5625,6.1875,3.878662109375,4.036604447798296,170.6611328125,177.610595703125,44,44,0.15794233842329586,-3.878662109375,-4.036604447798296,0.15794233842329586,[3451],[5697],[7899],[7906],[7899],[7906],"[""Ġcorrect""]","[""Ġideas""]","[""Ġaccurate""]","[""Ġthoughts""]","[""Ġaccurate""]","[""Ġthoughts""]"
266,prolex,"To Know the ideas and concepts first would prevent the student from making a lot of mistakes that can cost him pain and disappointment, because he would probably choose the correct and convenient solution for the fact that he is taking his knowledge.","To Know the thoughts and concepts first would prevent the student from making a lot of mistakes that can cost him pain and disappointment, because he would probably choose the proper and convenient solution for the fact that he is taking his knowledge.",correct,proper,173,180,ideas,thoughts,12,17,-4.5,-9.875,-14.375,-7.03125,-10.0625,-17.09375,2.71875,-6.90625,-10.0625,-16.96875,2.59375,3.878662109375,3.982627175071023,170.6611328125,175.235595703125,44,44,0.10396506569602293,-3.878662109375,-3.982627175071023,0.10396506569602293,[3451],[5697],[1463],[7906],[1463],[7906],"[""Ġcorrect""]","[""Ġideas""]","[""Ġproper""]","[""Ġthoughts""]","[""Ġproper""]","[""Ġthoughts""]"
267,prolex,Successful people always try to do new things this is like a habit for them.,Successful people invariably try to do new things this is like a routine for them.,habit,routine,61,66,always,invariably,18,24,-3.609375,-4.34375,-7.953125,-6.03125,-9.4375,-15.46875,7.515625,-7.1875,-9.375,-16.5625,8.609375,2.989013671875,3.75909423828125,47.82421875,60.1455078125,16,16,0.77008056640625,-2.989013671875,-3.75909423828125,0.77008056640625,[8803],[1900],[10934],[37504],[10934],[37504],"[""Ġhabit""]","[""Ġalways""]","[""Ġroutine""]","[""Ġinvariably""]","[""Ġroutine""]","[""Ġinvariably""]"
268,prolex,Successful people always try to do new things this is like a habit for them.,Successful people invariably try to do new things this is like a practice for them.,habit,practice,61,66,always,invariably,18,24,-3.609375,-4.34375,-7.953125,-6.21875,-9.4375,-15.65625,7.703125,-7.0625,-9.375,-16.4375,8.484375,2.989013671875,3.84490966796875,47.82421875,61.5185546875,16,16,0.85589599609375,-2.989013671875,-3.84490966796875,0.85589599609375,[8803],[1900],[3946],[37504],[3946],[37504],"[""Ġhabit""]","[""Ġalways""]","[""Ġpractice""]","[""Ġinvariably""]","[""Ġpractice""]","[""Ġinvariably""]"
269,prolex,Successful people always try to do new things this is like a habit for them.,Successful people invariably try to do new things this is like a custom for them.,habit,custom,61,66,always,invariably,18,24,-3.609375,-4.34375,-7.953125,-8.8125,-9.4375,-18.25,10.296875,-9.5,-9.375,-18.875,10.921875,2.989013671875,4.04486083984375,47.82421875,64.7177734375,16,16,1.05584716796875,-2.989013671875,-4.04486083984375,1.05584716796875,[8803],[1900],[2840],[37504],[2840],[37504],"[""Ġhabit""]","[""Ġalways""]","[""Ġcustom""]","[""Ġinvariably""]","[""Ġcustom""]","[""Ġinvariably""]"
270,prolex,To travel himself or herself to obtain information about the traveling region and have a choice to travel.,To travel himself or herself to obtain data about the traveling area and have a choice to travel.,region,area,71,77,information,data,39,50,-8.625,-3.546875,-12.171875,-7.71875,-5.96875,-13.6875,1.515625,-7.1875,-5.96875,-13.15625,0.984375,5.069444444444445,5.205729166666667,91.25,93.703125,18,18,0.13628472222222232,-5.069444444444445,-5.205729166666667,0.13628472222222232,[2919],[1491],[2170],[941],[2170],[941],"[""Ġregion""]","[""Ġinformation""]","[""Ġarea""]","[""Ġdata""]","[""Ġarea""]","[""Ġdata""]"
271,prolex,To travel himself or herself to obtain information about the traveling region and have a choice to travel.,To travel himself or herself to obtain data about the traveling destination and have a choice to travel.,region,destination,71,77,information,data,39,50,-8.625,-3.546875,-12.171875,-7.03125,-5.96875,-13.0,0.828125,-7.0,-5.96875,-12.96875,0.796875,5.069444444444445,5.180989583333333,91.25,93.2578125,18,18,0.1115451388888884,-5.069444444444445,-5.180989583333333,0.1115451388888884,[2919],[1491],[12095],[941],[12095],[941],"[""Ġregion""]","[""Ġinformation""]","[""Ġdestination""]","[""Ġdata""]","[""Ġdestination""]","[""Ġdata""]"
272,prolex,To travel himself or herself to obtain information about the traveling region and have a choice to travel.,To travel himself or herself to obtain data about the traveling place and have a choice to travel.,region,place,71,77,information,data,39,50,-8.625,-3.546875,-12.171875,-6.78125,-5.96875,-12.75,0.578125,-6.6875,-5.96875,-12.65625,0.484375,5.069444444444445,5.126302083333333,91.25,92.2734375,18,18,0.056857638888888395,-5.069444444444445,-5.126302083333333,0.056857638888888395,[2919],[1491],[1659],[941],[1659],[941],"[""Ġregion""]","[""Ġinformation""]","[""Ġplace""]","[""Ġdata""]","[""Ġplace""]","[""Ġdata""]"
273,prolex,To travel himself or herself to obtain information about the traveling region and have a choice to travel.,To travel himself or herself to obtain data about the traveling location and have a choice to travel.,region,location,71,77,information,data,39,50,-8.625,-3.546875,-12.171875,-6.59375,-5.96875,-12.5625,0.390625,-6.5,-5.96875,-12.46875,0.296875,5.069444444444445,5.137586805555555,91.25,92.4765625,18,18,0.06814236111111072,-5.069444444444445,-5.137586805555555,0.06814236111111072,[2919],[1491],[4328],[941],[4328],[941],"[""Ġregion""]","[""Ġinformation""]","[""Ġlocation""]","[""Ġdata""]","[""Ġlocation""]","[""Ġdata""]"
274,prolex,Learning by memorizing new facts is only a mechanical exercise that cannot increase our intelligence.,Learning by memorizing new facts is just a mechanical activity that cannot increase our intelligence.,exercise,activity,54,62,only,just,36,40,-2.59375,-3.453125,-6.046875,-3.9375,-3.953125,-7.890625,1.84375,-3.59375,-3.953125,-7.546875,1.5,3.6968994140625,3.6612548828125,59.150390625,58.580078125,16,16,-0.03564453125,-3.6968994140625,-3.6612548828125,-0.03564453125,[5763],[760],[2425],[816],[2425],[816],"[""Ġexercise""]","[""Ġonly""]","[""Ġactivity""]","[""Ġjust""]","[""Ġactivity""]","[""Ġjust""]"
275,prolex,Learning by memorizing new facts is only a mechanical exercise that cannot increase our intelligence.,Learning by memorizing new facts is just a mechanical practice that cannot increase our intelligence.,exercise,practice,54,62,only,just,36,40,-2.59375,-3.453125,-6.046875,-6.1875,-3.953125,-10.140625,4.09375,-5.59375,-3.953125,-9.546875,3.5,3.6968994140625,3.7598876953125,59.150390625,60.158203125,16,16,0.06298828125,-3.6968994140625,-3.7598876953125,0.06298828125,[5763],[760],[3946],[816],[3946],[816],"[""Ġexercise""]","[""Ġonly""]","[""Ġpractice""]","[""Ġjust""]","[""Ġpractice""]","[""Ġjust""]"
276,prolex,Learning by memorizing new facts is only a mechanical exercise that cannot increase our intelligence.,Learning by memorizing new facts is just a mechanical routine that cannot increase our intelligence.,exercise,routine,54,62,only,just,36,40,-2.59375,-3.453125,-6.046875,-6.8125,-3.953125,-10.765625,4.71875,-6.03125,-3.953125,-9.984375,3.9375,3.6968994140625,3.8443603515625,59.150390625,61.509765625,16,16,0.1474609375,-3.6968994140625,-3.8443603515625,0.1474609375,[5763],[760],[10934],[816],[10934],[816],"[""Ġexercise""]","[""Ġonly""]","[""Ġroutine""]","[""Ġjust""]","[""Ġroutine""]","[""Ġjust""]"
277,prolex,Learning by memorizing new facts is only a mechanical exercise that cannot increase our intelligence.,Learning by memorizing new facts is just a mechanical drill that cannot increase our intelligence.,exercise,drill,54,62,only,just,36,40,-2.59375,-3.453125,-6.046875,-7.0625,-3.953125,-11.015625,4.96875,-6.34375,-3.953125,-10.296875,4.25,3.6968994140625,3.8873291015625,59.150390625,62.197265625,16,16,0.1904296875,-3.6968994140625,-3.8873291015625,0.1904296875,[5763],[760],[21353],[816],[21353],[816],"[""Ġexercise""]","[""Ġonly""]","[""Ġdrill""]","[""Ġjust""]","[""Ġdrill""]","[""Ġjust""]"
278,prolex,Learning by memorizing new facts is only a mechanical exercise that cannot increase our intelligence.,Learning by memorizing new facts is just a mechanical process that cannot increase our intelligence.,exercise,process,54,62,only,just,36,40,-2.59375,-3.453125,-6.046875,-1.4453125,-3.953125,-5.3984375,-0.6484375,-1.3515625,-3.953125,-5.3046875,-0.7421875,3.6968994140625,3.5330810546875,59.150390625,56.529296875,16,16,-0.163818359375,-3.6968994140625,-3.5330810546875,-0.163818359375,[5763],[760],[1232],[816],[1232],[816],"[""Ġexercise""]","[""Ġonly""]","[""Ġprocess""]","[""Ġjust""]","[""Ġprocess""]","[""Ġjust""]"
280,prolex,Grandparents usually stay at home or hotel and they spend their time relaxing.,Grandparents normally stay at home or hotel and they spend their time resting.,relaxing,resting,69,77,usually,normally,13,20,-4.53125,-7.09375,-11.625,-6.09375,-10.6875,-16.78125,5.15625,-6.03125,-10.6875,-16.71875,5.09375,3.6183035714285716,3.948939732142857,50.65625,55.28515625,14,14,0.3306361607142856,-3.6183035714285716,-3.948939732142857,0.3306361607142856,[32196],[3798],[18180],[9403],[18180],[9403],"[""Ġrelaxing""]","[""Ġusually""]","[""Ġresting""]","[""Ġnormally""]","[""Ġresting""]","[""Ġnormally""]"
282,prolex,"To start with, we have limited resources.","To begin with, we have restricted resources.",limited,restricted,23,30,start,begin,3,8,-8.25,-4.96875,-13.21875,-10.0,-6.03125,-16.03125,2.8125,-9.625,-6.03125,-15.65625,2.4375,3.122314453125,3.8270263671875,24.978515625,30.6162109375,8,8,0.7047119140625,-3.122314453125,-3.8270263671875,0.7047119140625,[3710],[1265],[11096],[3135],[11096],[3135],"[""Ġlimited""]","[""Ġstart""]","[""Ġrestricted""]","[""Ġbegin""]","[""Ġrestricted""]","[""Ġbegin""]"
283,prolex,"To start with, we have limited resources.","To begin with, we have scarce resources.",limited,scarce,23,30,start,begin,3,8,-8.25,-4.96875,-13.21875,-14.0,-6.03125,-20.03125,6.8125,-13.5625,-6.03125,-19.59375,6.375,3.122314453125,3.8944091796875,24.978515625,31.1552734375,8,8,0.7720947265625,-3.122314453125,-3.8944091796875,0.7720947265625,[3710],[1265],[29967],[3135],[29967],[3135],"[""Ġlimited""]","[""Ġstart""]","[""Ġscarce""]","[""Ġbegin""]","[""Ġscarce""]","[""Ġbegin""]"
284,prolex,"To start with, we have limited resources.","To begin with, we have finite resources.",limited,finite,23,30,start,begin,3,8,-8.25,-4.96875,-13.21875,-12.125,-6.03125,-18.15625,4.9375,-11.875,-6.03125,-17.90625,4.6875,3.122314453125,3.5233154296875,24.978515625,28.1865234375,8,8,0.4010009765625,-3.122314453125,-3.5233154296875,0.4010009765625,[3710],[1265],[6486],[3135],[6486],[3135],"[""Ġlimited""]","[""Ġstart""]","[""Ġfinite""]","[""Ġbegin""]","[""Ġfinite""]","[""Ġbegin""]"
285,prolex,"Because, trying new things and risks breaks the monotony, gives name and fame, and also gives soul satisfaction and offers new things and technology to society.","Because, attempting new things and risks breaks the monotony, gives name and recognition, and also gives soul satisfaction and offers new things and technology to society.",fame,recognition,73,77,trying,attempting,9,15,-1.9609375,-9.625,-11.5859375,-3.59375,-12.125,-15.71875,4.1328125,-3.5,-12.125,-15.625,4.0390625,4.20059814453125,4.5009709676106775,126.0179443359375,135.0291290283203,30,30,0.30037282307942714,-4.20059814453125,-4.5009709676106775,0.30037282307942714,[23898],[2820],[8981],[13756],[8981],[13756],"[""Ġfame""]","[""Ġtrying""]","[""Ġrecognition""]","[""Ġattempting""]","[""Ġrecognition""]","[""Ġattempting""]"
288,prolex,"Because, trying new things and risks breaks the monotony, gives name and fame, and also gives soul satisfaction and offers new things and technology to society.","Because, attempting new things and risks breaks the monotony, gives name and reputation, and also gives soul satisfaction and offers new things and technology to society.",fame,reputation,73,77,trying,attempting,9,15,-1.9609375,-9.625,-11.5859375,-4.53125,-12.125,-16.65625,5.0703125,-4.75,-12.125,-16.875,5.2890625,4.20059814453125,4.483588155110677,126.0179443359375,134.5076446533203,30,30,0.28299001057942696,-4.20059814453125,-4.483588155110677,0.28299001057942696,[23898],[2820],[12681],[13756],[12681],[13756],"[""Ġfame""]","[""Ġtrying""]","[""Ġreputation""]","[""Ġattempting""]","[""Ġreputation""]","[""Ġattempting""]"
289,prolex,For example to understand the economy students must understand the main concept and must learn facts.,For instance to understand the economy students must understand the principal concept and must learn facts.,main,principal,67,71,example,instance,4,11,-6.59375,-3.640625,-10.234375,-8.5,-3.671875,-12.171875,1.9375,-8.25,-3.328125,-11.578125,1.34375,4.683837890625,4.81982421875,74.94140625,77.1171875,16,16,0.135986328125,-4.683837890625,-4.81982421875,0.135986328125,[2022],[1650],[8624],[4227],[8624],[4227],"[""Ġmain""]","[""Ġexample""]","[""Ġprincipal""]","[""Ġinstance""]","[""Ġprincipal""]","[""Ġinstance""]"
290,prolex,For example to understand the economy students must understand the main concept and must learn facts.,For instance to understand the economy students must understand the key concept and must learn facts.,main,key,67,71,example,instance,4,11,-6.59375,-3.640625,-10.234375,-5.96875,-3.671875,-9.640625,-0.59375,-5.9375,-3.328125,-9.265625,-0.96875,4.683837890625,4.68603515625,74.94140625,74.9765625,16,16,0.002197265625,-4.683837890625,-4.68603515625,0.002197265625,[2022],[1650],[2234],[4227],[2234],[4227],"[""Ġmain""]","[""Ġexample""]","[""Ġkey""]","[""Ġinstance""]","[""Ġkey""]","[""Ġinstance""]"
291,prolex,For example to understand the economy students must understand the main concept and must learn facts.,For instance to understand the economy students must understand the central concept and must learn facts.,main,central,67,71,example,instance,4,11,-6.59375,-3.640625,-10.234375,-6.53125,-3.671875,-10.203125,-0.03125,-6.5625,-3.328125,-9.890625,-0.34375,4.683837890625,4.71435546875,74.94140625,75.4296875,16,16,0.030517578125,-4.683837890625,-4.71435546875,0.030517578125,[2022],[1650],[4275],[4227],[4275],[4227],"[""Ġmain""]","[""Ġexample""]","[""Ġcentral""]","[""Ġinstance""]","[""Ġcentral""]","[""Ġinstance""]"
292,prolex,For example to understand the economy students must understand the main concept and must learn facts.,For instance to understand the economy students must understand the primary concept and must learn facts.,main,primary,67,71,example,instance,4,11,-6.59375,-3.640625,-10.234375,-7.65625,-3.671875,-11.328125,1.09375,-7.375,-3.328125,-10.703125,0.46875,4.683837890625,4.83349609375,74.94140625,77.3359375,16,16,0.149658203125,-4.683837890625,-4.83349609375,0.149658203125,[2022],[1650],[3625],[4227],[3625],[4227],"[""Ġmain""]","[""Ġexample""]","[""Ġprimary""]","[""Ġinstance""]","[""Ġprimary""]","[""Ġinstance""]"
293,prolex,For example to understand the economy students must understand the main concept and must learn facts.,For instance to understand the economy students must understand the fundamental concept and must learn facts.,main,fundamental,67,71,example,instance,4,11,-6.59375,-3.640625,-10.234375,-5.59375,-3.671875,-9.265625,-0.96875,-5.5,-3.328125,-8.828125,-1.40625,4.683837890625,4.65185546875,74.94140625,74.4296875,16,16,-0.031982421875,-4.683837890625,-4.65185546875,-0.031982421875,[2022],[1650],[7936],[4227],[7936],[4227],"[""Ġmain""]","[""Ġexample""]","[""Ġfundamental""]","[""Ġinstance""]","[""Ġfundamental""]","[""Ġinstance""]"
294,prolex,"People do something for very reasons such as because of compulsion, to be happy, However, something is not enough for some people `successful people try new things and take risks rather than only doing what they already know how to do well.","People do something for very reasons such as because of compulsion, to be happy, Nevertheless, something is not enough for some people `successful people try new things and take chances rather than only doing what they already know how to do well.",risks,chances,173,178,However,Nevertheless,81,88,-0.7421875,-13.5625,-14.3046875,-2.4375,-17.75,-20.1875,5.8828125,-2.421875,-17.875,-20.296875,5.9921875,3.678431193033854,3.8145904541015625,176.564697265625,183.100341796875,48,48,0.13615926106770848,-3.678431193033854,-3.8145904541015625,0.13615926106770848,[10502],[1723],[14512],[12257],[14512],[12257],"[""Ġrisks""]","[""ĠHowever""]","[""Ġchances""]","[""ĠNevertheless""]","[""Ġchances""]","[""ĠNevertheless""]"
295,prolex,"Because, it helps people to make many friends who are working in different fields and it is also beneficial in raising babies.","Because, it assists people to make many friends who are working in different fields and it is also beneficial in raising kids.",babies,kids,119,125,helps,assists,12,17,-10.0,-6.0625,-16.0625,-5.0625,-10.5625,-15.625,-0.4375,-5.09375,-10.5625,-15.65625,-0.40625,3.5224184782608696,3.6684782608695654,81.015625,84.375,23,23,0.1460597826086958,-3.5224184782608696,-3.6684782608695654,0.1460597826086958,[18740],[7729],[5753],[27593],[5753],[27593],"[""Ġbabies""]","[""Ġhelps""]","[""Ġkids""]","[""Ġassists""]","[""Ġkids""]","[""Ġassists""]"
296,prolex,"Because, it helps people to make many friends who are working in different fields and it is also beneficial in raising babies.","Because, it assists people to make many friends who are working in different fields and it is also beneficial in raising offspring.",babies,offspring,119,125,helps,assists,12,17,-10.0,-6.0625,-16.0625,-10.4375,-10.5625,-21.0,4.9375,-10.625,-10.5625,-21.1875,5.125,3.5224184782608696,3.8967391304347827,81.015625,89.625,23,23,0.3743206521739131,-3.5224184782608696,-3.8967391304347827,0.3743206521739131,[18740],[7729],[22167],[27593],[22167],[27593],"[""Ġbabies""]","[""Ġhelps""]","[""Ġoffspring""]","[""Ġassists""]","[""Ġoffspring""]","[""Ġassists""]"
297,prolex,I think that nowadays a company must make  large efforts to survive and the most important effort is to improve the honesty of the advertisement to make the products seem like they really are.,I believe that nowadays a company must make  large efforts to survive and the most important effort is to improve the integrity of the advertisement to make the products seem like they really are.,honesty,integrity,116,123,think,believe,2,7,-10.5,-3.140625,-13.640625,-8.8125,-5.125,-13.9375,0.296875,-8.5625,-5.09375,-13.65625,0.015625,3.8372767857142858,3.8502232142857142,134.3046875,134.7578125,35,35,0.01294642857142847,-3.8372767857142858,-3.8502232142857142,0.01294642857142847,[33773],[1158],[12974],[2868],[12974],[2868],"[""Ġhonesty""]","[""Ġthink""]","[""Ġintegrity""]","[""Ġbelieve""]","[""Ġintegrity""]","[""Ġbelieve""]"
300,prolex,It is firstly important for him to have an idea of what kind of garment s/he wants to make.,It is first important for him to have an idea of what kind of clothing s/he wants to make.,garment,clothing,64,71,firstly,first,6,13,-9.625,-11.375,-21.0,-7.625,-8.4375,-16.0625,-4.9375,-7.375,-8.5,-15.875,-5.125,2.819731212797619,2.7639886765252974,59.21435546875,58.04376220703125,21,21,-0.05574253627232162,-2.819731212797619,-2.7639886765252974,-0.05574253627232162,[40371],[41005],[14234],[806],[14234],[806],"[""Ġgarment""]","[""Ġfirstly""]","[""Ġclothing""]","[""Ġfirst""]","[""Ġclothing""]","[""Ġfirst""]"
302,prolex,It is firstly important for him to have an idea of what kind of garment s/he wants to make.,It is first important for him to have an idea of what kind of outfit s/he wants to make.,garment,outfit,64,71,firstly,first,6,13,-9.625,-11.375,-21.0,-8.125,-8.4375,-16.5625,-4.4375,-7.8125,-8.5,-16.3125,-4.6875,2.819731212797619,2.8042195638020835,59.21435546875,58.88861083984375,21,21,-0.015511648995535587,-2.819731212797619,-2.8042195638020835,-0.015511648995535587,[40371],[41005],[27170],[806],[27170],[806],"[""Ġgarment""]","[""Ġfirstly""]","[""Ġoutfit""]","[""Ġfirst""]","[""Ġoutfit""]","[""Ġfirst""]"
304,prolex,"And if you want to do other activities you just cant, because you have to go to the specific parts that were assigned to you since you choose to travel with a tour guide.","And if you desire to do other actions you just cant, because you have to go to the specific parts that were assigned to you since you choose to travel with a tour guide.",want,desire,11,15,activities,actions,28,38,-2.4375,-3.53125,-5.96875,-7.5625,-6.53125,-14.09375,8.125,-7.5625,-6.03125,-13.59375,7.625,3.1913504464285714,3.721875,111.697265625,130.265625,35,35,0.5305245535714285,-3.1913504464285714,-3.721875,0.5305245535714285,[971],[4712],[8327],[5231],[8327],[5231],"[""Ġwant""]","[""Ġactivities""]","[""Ġdesire""]","[""Ġactions""]","[""Ġdesire""]","[""Ġactions""]"
305,prolex,"And if you want to do other activities you just cant, because you have to go to the specific parts that were assigned to you since you choose to travel with a tour guide.","And if you wish to do other actions you just cant, because you have to go to the specific parts that were assigned to you since you choose to travel with a tour guide.",want,wish,11,15,activities,actions,28,38,-2.4375,-3.53125,-5.96875,-5.4375,-6.53125,-11.96875,6.0,-5.4375,-5.03125,-10.46875,4.5,3.1913504464285714,3.511328125,111.697265625,122.896484375,35,35,0.31997767857142856,-3.1913504464285714,-3.511328125,0.31997767857142856,[971],[4712],[5730],[5231],[5730],[5231],"[""Ġwant""]","[""Ġactivities""]","[""Ġwish""]","[""Ġactions""]","[""Ġwish""]","[""Ġactions""]"
306,prolex,"And if you want to do other activities you just cant, because you have to go to the specific parts that were assigned to you since you choose to travel with a tour guide.","And if you aim to do other actions you just cant, because you have to go to the specific parts that were assigned to you since you choose to travel with a tour guide.",want,aim,11,15,activities,actions,28,38,-2.4375,-3.53125,-5.96875,-10.125,-6.53125,-16.65625,10.6875,-10.0625,-6.375,-16.4375,10.46875,3.1913504464285714,3.717020089285714,111.697265625,130.095703125,35,35,0.5256696428571428,-3.1913504464285714,-3.717020089285714,0.5256696428571428,[971],[4712],[4388],[5231],[4388],[5231],"[""Ġwant""]","[""Ġactivities""]","[""Ġaim""]","[""Ġactions""]","[""Ġaim""]","[""Ġactions""]"
308,prolex,"For instance, I found out from the news that hybridcars, which are less harmful to the environment, are increasing.","For example, I found out from the news that hybridcars, which are less damaging to the environment, are increasing.",harmful,damaging,72,79,instance,example,4,12,-3.34375,-3.6875,-7.03125,-4.90625,-3.734375,-8.640625,1.609375,-5.34375,-3.625,-8.96875,1.9375,3.2038892663043477,3.255923063858696,73.689453125,74.88623046875,23,23,0.052033797554348116,-3.2038892663043477,-3.255923063858696,0.052033797554348116,[19632],[4227],[24038],[1650],[24038],[1650],"[""Ġharmful""]","[""Ġinstance""]","[""Ġdamaging""]","[""Ġexample""]","[""Ġdamaging""]","[""Ġexample""]"
309,prolex,"For instance, I found out from the news that hybridcars, which are less harmful to the environment, are increasing.","For example, I found out from the news that hybridcars, which are less detrimental to the environment, are increasing.",harmful,detrimental,72,79,instance,example,4,12,-3.34375,-3.6875,-7.03125,-9.0,-3.734375,-12.734375,5.703125,-9.4375,-3.625,-13.0625,6.03125,3.2038892663043477,3.431024966032609,73.689453125,78.91357421875,23,23,0.2271356997282612,-3.2038892663043477,-3.431024966032609,0.2271356997282612,[19632],[4227],[30078],[1650],[30078],[1650],"[""Ġharmful""]","[""Ġinstance""]","[""Ġdetrimental""]","[""Ġexample""]","[""Ġdetrimental""]","[""Ġexample""]"
311,prolex,"For instance, I found out from the news that hybridcars, which are less harmful to the environment, are increasing.","For example, I found out from the news that hybridcars, which are less deleterious to the environment, are increasing.",harmful,deleterious,72,79,instance,example,4,12,-3.34375,-3.6875,-7.03125,-12.375,-3.734375,-16.109375,9.078125,-13.0,-3.625,-16.625,9.59375,3.2038892663043477,3.598250679347826,73.689453125,82.759765625,23,23,0.3943614130434785,-3.2038892663043477,-3.598250679347826,0.3943614130434785,[19632],[4227],[42019],[1650],[42019],[1650],"[""Ġharmful""]","[""Ġinstance""]","[""Ġdeleterious""]","[""Ġexample""]","[""Ġdeleterious""]","[""Ġexample""]"
313,prolex,"In conclusion , I believe that professionals are using advertising as a dangerous and powerful tool to influence people's opinion in order to make them believe that the product is better in one or other way from its competitors.","In conclusion , I believe that experts are employing advertising as a dangerous and powerful tool to influence people's opinion in order to make them believe that the product is better in one or other way from its competitors.",professionals,experts,31,44,using,employing,49,54,-10.1875,-5.9375,-16.125,-10.0625,-9.375,-19.4375,3.3125,-10.0625,-9.9375,-20.0,3.875,3.0791534423828124,3.2639801025390627,123.1661376953125,130.5592041015625,40,40,0.18482666015625027,-3.0791534423828124,-3.2639801025390627,0.18482666015625027,[12440],[970],[10071],[19693],[10071],[19693],"[""Ġprofessionals""]","[""Ġusing""]","[""Ġexperts""]","[""Ġemploying""]","[""Ġexperts""]","[""Ġemploying""]"
314,prolex,"In conclusion , I believe that professionals are using advertising as a dangerous and powerful tool to influence people's opinion in order to make them believe that the product is better in one or other way from its competitors.","In conclusion , I believe that specialists are employing advertising as a dangerous and powerful tool to influence people's opinion in order to make them believe that the product is better in one or other way from its competitors.",professionals,specialists,31,44,using,employing,49,54,-10.1875,-5.9375,-16.125,-11.5,-9.375,-20.875,4.75,-11.4375,-9.1875,-20.625,4.5,3.0791534423828124,3.2999969482421876,123.1661376953125,131.9998779296875,40,40,0.22084350585937518,-3.0791534423828124,-3.2999969482421876,0.22084350585937518,[12440],[970],[27371],[19693],[27371],[19693],"[""Ġprofessionals""]","[""Ġusing""]","[""Ġspecialists""]","[""Ġemploying""]","[""Ġspecialists""]","[""Ġemploying""]"
315,prolex,"If somebody in your group can share the knowledge with you, it is a great opportunity to get to know other cultural thinking.","If someone in your group can share the knowledge with you, it is a great opportunity to get to know other cultural perceptions.",thinking,perceptions,116,124,somebody,someone,3,11,-11.6875,-8.125,-19.8125,-9.1875,-5.46875,-14.65625,-5.15625,-9.25,-5.46875,-14.71875,-5.09375,3.2712605794270835,3.0550537109375,78.51025390625,73.3212890625,24,24,-0.21620686848958348,-3.2712605794270835,-3.0550537109375,-0.21620686848958348,[4680],[11853],[24789],[3095],[24789],[3095],"[""Ġthinking""]","[""Ġsomebody""]","[""Ġperceptions""]","[""Ġsomeone""]","[""Ġperceptions""]","[""Ġsomeone""]"
316,prolex,"If somebody in your group can share the knowledge with you, it is a great opportunity to get to know other cultural thinking.","If someone in your group can share the knowledge with you, it is a great opportunity to get to know other cultural perspectives.",thinking,perspectives,116,124,somebody,someone,3,11,-11.6875,-8.125,-19.8125,-4.59375,-5.46875,-10.0625,-9.75,-4.5,-5.46875,-9.96875,-9.84375,3.2712605794270835,2.8442789713541665,78.51025390625,68.2626953125,24,24,-0.42698160807291696,-3.2712605794270835,-2.8442789713541665,-0.42698160807291696,[4680],[11853],[24302],[3095],[24302],[3095],"[""Ġthinking""]","[""Ġsomebody""]","[""Ġperspectives""]","[""Ġsomeone""]","[""Ġperspectives""]","[""Ġsomeone""]"
318,prolex,"If somebody in your group can share the knowledge with you, it is a great opportunity to get to know other cultural thinking.","If someone in your group can share the knowledge with you, it is a great opportunity to get to know other cultural beliefs.",thinking,beliefs,116,124,somebody,someone,3,11,-11.6875,-8.125,-19.8125,-7.90625,-5.46875,-13.375,-6.4375,-7.875,-5.46875,-13.34375,-6.46875,3.2712605794270835,3.0052490234375,78.51025390625,72.1259765625,24,24,-0.2660115559895835,-3.2712605794270835,-3.0052490234375,-0.2660115559895835,[4680],[11853],[13379],[3095],[13379],[3095],"[""Ġthinking""]","[""Ġsomebody""]","[""Ġbeliefs""]","[""Ġsomeone""]","[""Ġbeliefs""]","[""Ġsomeone""]"
319,prolex,"So, for the above reasons i partially disagree with the statement that it is more important for students to understand ideas and concepts than it is for them to learn facts.","So, for the above reasons i somewhat differ with the statement that it is more important for students to understand ideas and concepts than it is for them to learn facts.",partially,somewhat,28,37,disagree,differ,38,46,-11.25,-2.140625,-13.390625,-10.5,-7.84375,-18.34375,4.953125,-10.5,-5.78125,-16.28125,2.890625,2.6644392013549805,2.850536346435547,85.26205444335938,91.2171630859375,32,32,0.1860971450805664,-2.6644392013549805,-2.850536346435547,0.1860971450805664,[10571],[14936],[8489],[9184],[8489],[9184],"[""Ġpartially""]","[""Ġdisagree""]","[""Ġsomewhat""]","[""Ġdiffer""]","[""Ġsomewhat""]","[""Ġdiffer""]"
320,prolex,"So, for the above reasons i partially disagree with the statement that it is more important for students to understand ideas and concepts than it is for them to learn facts.","So, for the above reasons i slightly differ with the statement that it is more important for students to understand ideas and concepts than it is for them to learn facts.",partially,slightly,28,37,disagree,differ,38,46,-11.25,-2.140625,-13.390625,-10.8125,-7.84375,-18.65625,5.265625,-10.875,-3.53125,-14.40625,1.015625,2.6644392013549805,2.822418212890625,85.26205444335938,90.3173828125,32,32,0.15797901153564453,-2.6644392013549805,-2.822418212890625,0.15797901153564453,[10571],[14936],[5777],[9184],[5777],[9184],"[""Ġpartially""]","[""Ġdisagree""]","[""Ġslightly""]","[""Ġdiffer""]","[""Ġslightly""]","[""Ġdiffer""]"
321,prolex,"So, for the above reasons i partially disagree with the statement that it is more important for students to understand ideas and concepts than it is for them to learn facts.","So, for the above reasons i moderately differ with the statement that it is more important for students to understand ideas and concepts than it is for them to learn facts.",partially,moderately,28,37,disagree,differ,38,46,-11.25,-2.140625,-13.390625,-13.6875,-7.84375,-21.53125,8.140625,-13.6875,-8.25,-21.9375,8.546875,2.6644392013549805,2.998340606689453,85.26205444335938,95.9468994140625,32,32,0.33390140533447266,-2.6644392013549805,-2.998340606689453,0.33390140533447266,[10571],[14936],[28249],[9184],[28249],[9184],"[""Ġpartially""]","[""Ġdisagree""]","[""Ġmoderately""]","[""Ġdiffer""]","[""Ġmoderately""]","[""Ġdiffer""]"
322,prolex,"While we see ads on billboards and on TV we are getting familiar with it and to go and buy the product we have to think that it is better than AWE, so advertisements make us think it is better, so we buy it.","While we see ads on billboards and on TV we are getting acquainted with it and to go and buy the product we have to believe that it is better than AWE, so advertisements make us think it is better, so we buy it.",familiar,acquainted,56,64,think,believe,114,119,-5.28125,-4.28125,-9.5625,-6.5,-6.875,-13.375,3.8125,-6.46875,-6.78125,-13.25,3.6875,3.175043741861979,3.187718709309896,152.402099609375,153.010498046875,48,48,0.012674967447916963,-3.175043741861979,-3.187718709309896,0.012674967447916963,[7615],[1158],[41061],[2868],[41061],[2868],"[""Ġfamiliar""]","[""Ġthink""]","[""Ġacquainted""]","[""Ġbelieve""]","[""Ġacquainted""]","[""Ġbelieve""]"
323,prolex,"While we see ads on billboards and on TV we are getting familiar with it and to go and buy the product we have to think that it is better than AWE, so advertisements make us think it is better, so we buy it.","While we see ads on billboards and on TV we are getting accustomed with it and to go and buy the product we have to believe that it is better than AWE, so advertisements make us think it is better, so we buy it.",familiar,accustomed,56,64,think,believe,114,119,-5.28125,-4.28125,-9.5625,-5.125,-6.875,-12.0,2.4375,-5.15625,-6.96875,-12.125,2.5625,3.175043741861979,3.283533732096354,152.402099609375,157.609619140625,48,48,0.108489990234375,-3.175043741861979,-3.283533732096354,0.108489990234375,[7615],[1158],[30795],[2868],[30795],[2868],"[""Ġfamiliar""]","[""Ġthink""]","[""Ġaccustomed""]","[""Ġbelieve""]","[""Ġaccustomed""]","[""Ġbelieve""]"
324,prolex,"But , nowadays , they do not take care of these things , because of the new environment, which makes them like this .","But , nowadays , they do not take notice of these things , because of the new surroundings, which makes them like this .",care,notice,34,38,environment,surroundings,76,87,-2.671875,-5.90625,-8.578125,-5.90625,-9.6875,-15.59375,7.015625,-5.9375,-8.5625,-14.5,5.921875,3.5021158854166665,3.7791341145833335,84.05078125,90.69921875,24,24,0.27701822916666696,-3.5021158854166665,-3.7791341145833335,0.27701822916666696,[1557],[3126],[4366],[27762],[4366],[27762],"[""Ġcare""]","[""Ġenvironment""]","[""Ġnotice""]","[""Ġsurroundings""]","[""Ġnotice""]","[""Ġsurroundings""]"
325,prolex,"But , nowadays , they do not take care of these things , because of the new environment, which makes them like this .","But , nowadays , they do not take heed of these things , because of the new surroundings, which makes them like this .",care,heed,34,38,environment,surroundings,76,87,-2.671875,-5.90625,-8.578125,-6.46875,-9.6875,-16.15625,7.578125,-6.5,-8.5625,-15.0625,6.484375,3.5021158854166665,3.90576171875,84.05078125,93.73828125,24,24,0.4036458333333335,-3.5021158854166665,-3.90576171875,0.4036458333333335,[1557],[3126],[43119],[27762],[43119],[27762],"[""Ġcare""]","[""Ġenvironment""]","[""Ġheed""]","[""Ġsurroundings""]","[""Ġheed""]","[""Ġsurroundings""]"
326,prolex,"One of the reasons would be that such behavior to help their local communities needs to be learned some way or another, but not learned.","One of the reasons would be that such behavior to assist their neighborhood communities needs to be learned some way or another, but not learned.",local,neighborhood,61,66,help,assist,50,54,-6.0,-5.84375,-11.84375,-7.96875,-7.84375,-15.8125,3.96875,-7.65625,-7.90625,-15.5625,3.71875,4.0438701923076925,4.297588641826923,105.140625,111.7373046875,26,26,0.25371844951923084,-4.0438701923076925,-4.297588641826923,0.25371844951923084,[1980],[1361],[9168],[10073],[9168],[10073],"[""Ġlocal""]","[""Ġhelp""]","[""Ġneighborhood""]","[""Ġassist""]","[""Ġneighborhood""]","[""Ġassist""]"
327,prolex,"One of the reasons would be that such behavior to help their local communities needs to be learned some way or another, but not learned.","One of the reasons would be that such behavior to assist their regional communities needs to be learned some way or another, but not learned.",local,regional,61,66,help,assist,50,54,-6.0,-5.84375,-11.84375,-8.6875,-7.84375,-16.53125,4.6875,-7.96875,-7.90625,-15.875,4.03125,4.0438701923076925,4.240572415865385,105.140625,110.2548828125,26,26,0.1967022235576925,-4.0438701923076925,-4.240572415865385,0.1967022235576925,[1980],[1361],[9933],[10073],[9933],[10073],"[""Ġlocal""]","[""Ġhelp""]","[""Ġregional""]","[""Ġassist""]","[""Ġregional""]","[""Ġassist""]"
328,prolex,"they argue that for two reasons; these days, much information is more valuable than any other thing and It is more useful if you find a job.","they argue that for two reasons; these days, much data is more precious than any other thing and It is more useful if you find a job.",valuable,precious,70,78,information,data,50,61,-4.875,-5.3125,-10.1875,-7.53125,-6.25,-13.78125,3.59375,-6.875,-6.25,-13.125,2.9375,3.9211341594827585,4.086678340517241,113.712890625,118.513671875,29,29,0.16554418103448265,-3.9211341594827585,-4.086678340517241,0.16554418103448265,[9865],[1491],[18153],[941],[18153],[941],"[""Ġvaluable""]","[""Ġinformation""]","[""Ġprecious""]","[""Ġdata""]","[""Ġprecious""]","[""Ġdata""]"
329,prolex,"they argue that for two reasons; these days, much information is more valuable than any other thing and It is more useful if you find a job.","they argue that for two reasons; these days, much data is more important than any other thing and It is more useful if you find a job.",valuable,important,70,78,information,data,50,61,-4.875,-5.3125,-10.1875,-5.15625,-6.25,-11.40625,1.21875,-4.625,-6.25,-10.875,0.6875,3.9211341594827585,3.9956223060344827,113.712890625,115.873046875,29,29,0.0744881465517242,-3.9211341594827585,-3.9956223060344827,0.0744881465517242,[9865],[1491],[1774],[941],[1774],[941],"[""Ġvaluable""]","[""Ġinformation""]","[""Ġimportant""]","[""Ġdata""]","[""Ġimportant""]","[""Ġdata""]"
330,prolex,"they argue that for two reasons; these days, much information is more valuable than any other thing and It is more useful if you find a job.","they argue that for two reasons; these days, much data is more crucial than any other thing and It is more useful if you find a job.",valuable,crucial,70,78,information,data,50,61,-4.875,-5.3125,-10.1875,-9.25,-6.25,-15.5,5.3125,-8.5,-6.25,-14.75,4.5625,3.9211341594827585,4.130926724137931,113.712890625,119.796875,29,29,0.20979256465517215,-3.9211341594827585,-4.130926724137931,0.20979256465517215,[9865],[1491],[9560],[941],[9560],[941],"[""Ġvaluable""]","[""Ġinformation""]","[""Ġcrucial""]","[""Ġdata""]","[""Ġcrucial""]","[""Ġdata""]"
331,prolex,"But if you plan your own trip you can decide which activity you will do or if at one point you are tired, you can relax and change your plan because you are the one in control of your schedule.","But if you plan your own trip you can determine which activity you will do or if at one point you are tired, you can relax and change your plan because you are the one in charge of your schedule.",control,charge,168,175,decide,determine,38,44,-1.84375,-5.375,-7.21875,-0.216796875,-7.71875,-7.935546875,0.716796875,-0.328125,-7.75,-8.078125,0.859375,2.7961366234756095,2.899390243902439,114.6416015625,118.875,41,41,0.1032536204268295,-2.7961366234756095,-2.899390243902439,0.1032536204268295,[1453],[7617],[4179],[3653],[4179],[3653],"[""Ġcontrol""]","[""Ġdecide""]","[""Ġcharge""]","[""Ġdetermine""]","[""Ġcharge""]","[""Ġdetermine""]"
332,prolex,"But if you plan your own trip you can decide which activity you will do or if at one point you are tired, you can relax and change your plan because you are the one in control of your schedule.","But if you plan your own trip you can determine which activity you will do or if at one point you are tired, you can relax and change your plan because you are the one in command of your schedule.",control,command,168,175,decide,determine,38,44,-1.84375,-5.375,-7.21875,-5.59375,-7.71875,-13.3125,6.09375,-4.96875,-7.75,-12.71875,5.5,2.7961366234756095,3.0139100609756095,114.6416015625,123.5703125,41,41,0.2177734375,-2.7961366234756095,-3.0139100609756095,0.2177734375,[1453],[7617],[3923],[3653],[3923],[3653],"[""Ġcontrol""]","[""Ġdecide""]","[""Ġcommand""]","[""Ġdetermine""]","[""Ġcommand""]","[""Ġdetermine""]"
333,prolex,From the increase in the number of cars it results in a scarcity of fuel availability resulting in a hike in fuel prices so much.,From the increase in the number of automobiles it results in a scarcity of fuel availability resulting in a rise in fuel prices so much.,hike,rise,101,105,cars,automobiles,35,39,-2.015625,-5.65625,-7.671875,-1.390625,-7.71875,-9.109375,1.4375,-1.3515625,-7.71875,-9.0703125,1.3984375,3.201783400315505,3.164135272686298,83.24636840820312,82.26751708984375,26,26,-0.03764812762920711,-3.201783400315505,-3.164135272686298,-0.03764812762920711,[27966],[8458],[6054],[45056],[6054],[45056],"[""Ġhike""]","[""Ġcars""]","[""Ġrise""]","[""Ġautomobiles""]","[""Ġrise""]","[""Ġautomobiles""]"
334,prolex,From the increase in the number of cars it results in a scarcity of fuel availability resulting in a hike in fuel prices so much.,From the increase in the number of automobiles it results in a scarcity of fuel availability resulting in a jump in fuel prices so much.,hike,jump,101,105,cars,automobiles,35,39,-2.015625,-5.65625,-7.671875,-6.0625,-7.71875,-13.78125,6.109375,-6.40625,-7.71875,-14.125,6.453125,3.201783400315505,3.3786597618689904,83.24636840820312,87.84515380859375,26,26,0.1768763615534854,-3.201783400315505,-3.3786597618689904,0.1768763615534854,[27966],[8458],[6923],[45056],[6923],[45056],"[""Ġhike""]","[""Ġcars""]","[""Ġjump""]","[""Ġautomobiles""]","[""Ġjump""]","[""Ġautomobiles""]"
335,prolex,This one asks the work and thinks about the consequences of this synthesis and also questions whether it will be used practically.,This one asks the work and thinks about the consequences of this combination and likewise questions whether it will be used practically.,synthesis,combination,65,74,also,likewise,79,83,-11.125,-4.8125,-15.9375,-8.625,-9.75,-18.375,2.4375,-8.6875,-9.375,-18.0625,2.125,4.510653409090909,4.623401988636363,99.234375,101.71484375,22,22,0.11274857954545414,-4.510653409090909,-4.623401988636363,0.11274857954545414,[9066],[671],[5019],[21223],[5019],[21223],"[""Ġsynthesis""]","[""Ġalso""]","[""Ġcombination""]","[""Ġlikewise""]","[""Ġcombination""]","[""Ġlikewise""]"
336,prolex,This one asks the work and thinks about the consequences of this synthesis and also questions whether it will be used practically.,This one asks the work and thinks about the consequences of this fusion and likewise questions whether it will be used practically.,synthesis,fusion,65,74,also,likewise,79,83,-11.125,-4.8125,-15.9375,-11.125,-9.75,-20.875,4.9375,-11.1875,-9.6875,-20.875,4.9375,4.510653409090909,4.789240056818182,99.234375,105.36328125,22,22,0.2785866477272725,-4.510653409090909,-4.789240056818182,0.2785866477272725,[9066],[671],[11781],[21223],[11781],[21223],"[""Ġsynthesis""]","[""Ġalso""]","[""Ġfusion""]","[""Ġlikewise""]","[""Ġfusion""]","[""Ġlikewise""]"
337,prolex,"On the other hand what is not permitted is the real lie: for example you can't say that you had got a prize for your product without having gotten it really; you can't denigrate your competitor's product in order to exhalt your product, in other words you can't do nagative publicity.","On the other hand what is not allowed is the actual lie: for example you can't say that you had got a prize for your product without having gotten it really; you can't denigrate your competitor's product in order to exhalt your product, in other words you can't do nagative publicity.",permitted,allowed,30,39,real,actual,47,51,-6.34375,-8.25,-14.59375,-4.78125,-6.0625,-10.84375,-3.75,-4.78125,-6.09375,-10.875,-3.71875,3.1921671307276167,3.1224498446025546,201.10652923583984,196.71434020996094,63,63,-0.06971728612506212,-3.1921671307276167,-3.1224498446025546,-0.06971728612506212,[11460],[1524],[4136],[4588],[4136],[4588],"[""Ġpermitted""]","[""Ġreal""]","[""Ġallowed""]","[""Ġactual""]","[""Ġallowed""]","[""Ġactual""]"
338,prolex,To conclude the young generation has the responsibility to serve the nation but not having the time to do so because of our own work such as education and our basic needs.,To conclude the youthful generation has the responsibility to aid the nation but not having the time to do so because of our own work such as education and our basic needs.,serve,aid,59,64,young,youthful,16,21,-6.4375,-10.0,-16.4375,-9.1875,-13.375,-22.5625,6.125,-8.875,-13.375,-22.25,5.8125,3.6009140014648438,3.903228759765625,115.229248046875,124.9033203125,32,32,0.30231475830078125,-3.6009140014648438,-3.903228759765625,0.30231475830078125,[5752],[2872],[8596],[44098],[8596],[44098],"[""Ġserve""]","[""Ġyoung""]","[""Ġaid""]","[""Ġyouthful""]","[""Ġaid""]","[""Ġyouthful""]"
339,prolex,To conclude the young generation has the responsibility to serve the nation but not having the time to do so because of our own work such as education and our basic needs.,To conclude the youthful generation has the responsibility to support the nation but not having the time to do so because of our own work such as education and our basic needs.,serve,support,59,64,young,youthful,16,21,-6.4375,-10.0,-16.4375,-5.0,-13.375,-18.375,1.9375,-5.0,-13.375,-18.375,1.9375,3.6009140014648438,3.7628860473632812,115.229248046875,120.412353515625,32,32,0.1619720458984375,-3.6009140014648438,-3.7628860473632812,0.1619720458984375,[5752],[2872],[1329],[44098],[1329],[44098],"[""Ġserve""]","[""Ġyoung""]","[""Ġsupport""]","[""Ġyouthful""]","[""Ġsupport""]","[""Ġyouthful""]"
340,prolex,We usually see some body-building machines in telvesion commercials.,We normally see some body-building machines in telvesion advertisements.,commercials,advertisements,56,67,usually,normally,3,10,-5.15625,-7.46875,-12.625,-5.84375,-8.875,-14.71875,2.09375,-6.25,-8.8125,-15.0625,2.4375,5.706730769230769,5.929086538461538,74.1875,77.078125,13,13,0.22235576923076916,-5.706730769230769,-5.929086538461538,0.22235576923076916,[47864],[3798],[32933],[9403],[32933],[9403],"[""Ġcommercials""]","[""Ġusually""]","[""Ġadvertisements""]","[""Ġnormally""]","[""Ġadvertisements""]","[""Ġnormally""]"
341,prolex,We usually see some body-building machines in telvesion commercials.,We normally see some body-building machines in telvesion ads.,commercials,ads,56,67,usually,normally,3,10,-5.15625,-7.46875,-12.625,-4.65625,-8.875,-13.53125,0.90625,-5.125,-8.8125,-13.9375,1.3125,5.706730769230769,5.861177884615385,74.1875,76.1953125,13,13,0.15444711538461586,-5.706730769230769,-5.861177884615385,0.15444711538461586,[47864],[3798],[16557],[9403],[16557],[9403],"[""Ġcommercials""]","[""Ġusually""]","[""Ġads""]","[""Ġnormally""]","[""Ġads""]","[""Ġnormally""]"
343,prolex,We usually see some body-building machines in telvesion commercials.,We normally see some body-building machines in telvesion spots.,commercials,spots,56,67,usually,normally,3,10,-5.15625,-7.46875,-12.625,-9.625,-8.875,-18.5,5.875,-9.8125,-8.8125,-18.625,6.0,5.706730769230769,6.235576923076923,74.1875,81.0625,13,13,0.5288461538461542,-5.706730769230769,-6.235576923076923,0.5288461538461542,[47864],[3798],[13977],[9403],[13977],[9403],"[""Ġcommercials""]","[""Ġusually""]","[""Ġspots""]","[""Ġnormally""]","[""Ġspots""]","[""Ġnormally""]"
344,prolex,"For example, every year in Japan schools hold a school competition.","For instance, every year in Japan schools host a school competition.",hold,host,41,45,example,instance,4,11,-3.25,-3.625,-6.875,-5.125,-3.671875,-8.796875,1.921875,-5.0,-3.375,-8.375,1.5,3.8381754557291665,4.001383463541667,46.05810546875,48.0166015625,12,12,0.16320800781250044,-3.8381754557291665,-4.001383463541667,0.16320800781250044,[2186],[1650],[3167],[4227],[3167],[4227],"[""Ġhold""]","[""Ġexample""]","[""Ġhost""]","[""Ġinstance""]","[""Ġhost""]","[""Ġinstance""]"
345,prolex,"For example, every year in Japan schools hold a school competition.","For instance, every year in Japan schools organize a school competition.",hold,organize,41,45,example,instance,4,11,-3.25,-3.625,-6.875,-4.625,-3.671875,-8.296875,1.421875,-4.75,-3.375,-8.125,1.25,3.8381754557291665,3.981201171875,46.05810546875,47.7744140625,12,12,0.14302571614583348,-3.8381754557291665,-3.981201171875,0.14302571614583348,[2186],[1650],[23968],[4227],[23968],[4227],"[""Ġhold""]","[""Ġexample""]","[""Ġorganize""]","[""Ġinstance""]","[""Ġorganize""]","[""Ġinstance""]"
346,prolex,"Needless to say, sometimes the ideas conflict with each other because people comprehend the facts individually and generate ideas differently.","Needless to say, sometimes the thoughts conflict with each other because people comprehend the facts individually and produce ideas differently.",generate,produce,115,123,ideas,thoughts,31,36,-8.375,-7.28125,-15.65625,-7.84375,-8.0625,-15.90625,0.25,-7.90625,-8.0625,-15.96875,0.3125,4.079906116832387,4.189117431640625,89.7579345703125,92.16058349609375,22,22,0.10921131480823831,-4.079906116832387,-4.189117431640625,0.10921131480823831,[6635],[5697],[4711],[7906],[4711],[7906],"[""Ġgenerate""]","[""Ġideas""]","[""Ġproduce""]","[""Ġthoughts""]","[""Ġproduce""]","[""Ġthoughts""]"
347,prolex,"Needless to say, sometimes the ideas conflict with each other because people comprehend the facts individually and generate ideas differently.","Needless to say, sometimes the thoughts conflict with each other because people comprehend the facts individually and create ideas differently.",generate,create,115,123,ideas,thoughts,31,36,-8.375,-7.28125,-15.65625,-6.21875,-8.0625,-14.28125,-1.375,-6.46875,-8.0625,-14.53125,-1.125,4.079906116832387,4.136027943004262,89.7579345703125,90.99261474609375,22,22,0.056121826171875,-4.079906116832387,-4.136027943004262,0.056121826171875,[6635],[5697],[2794],[7906],[2794],[7906],"[""Ġgenerate""]","[""Ġideas""]","[""Ġcreate""]","[""Ġthoughts""]","[""Ġcreate""]","[""Ġthoughts""]"
348,prolex,"Needless to say, sometimes the ideas conflict with each other because people comprehend the facts individually and generate ideas differently.","Needless to say, sometimes the thoughts conflict with each other because people comprehend the facts individually and develop ideas differently.",generate,develop,115,123,ideas,thoughts,31,36,-8.375,-7.28125,-15.65625,-6.34375,-8.0625,-14.40625,-1.25,-6.78125,-8.0625,-14.84375,-0.8125,4.079906116832387,4.0819618918678975,89.7579345703125,89.80316162109375,22,22,0.0020557750355107984,-4.079906116832387,-4.0819618918678975,0.0020557750355107984,[6635],[5697],[1287],[7906],[1287],[7906],"[""Ġgenerate""]","[""Ġideas""]","[""Ġdevelop""]","[""Ġthoughts""]","[""Ġdevelop""]","[""Ġthoughts""]"
349,prolex,"Needless to say, sometimes the ideas conflict with each other because people comprehend the facts individually and generate ideas differently.","Needless to say, sometimes the thoughts conflict with each other because people comprehend the facts individually and formulate ideas differently.",generate,formulate,115,123,ideas,thoughts,31,36,-8.375,-7.28125,-15.65625,-7.46875,-8.0625,-15.53125,-0.125,-7.65625,-8.0625,-15.71875,0.0625,4.079906116832387,4.055239590731534,89.7579345703125,89.21527099609375,22,22,-0.024666526100852515,-4.079906116832387,-4.055239590731534,-0.024666526100852515,[6635],[5697],[36803],[7906],[36803],[7906],"[""Ġgenerate""]","[""Ġideas""]","[""Ġformulate""]","[""Ġthoughts""]","[""Ġformulate""]","[""Ġthoughts""]"
350,prolex,"For example, there are many doctors in the world.","For instance, there are many physicians in the world.",doctors,physicians,28,35,example,instance,4,11,-8.0,-3.671875,-11.671875,-9.0,-3.671875,-12.671875,1.0,-8.6875,-3.671875,-12.359375,0.6875,2.769140625,3.00107421875,27.69140625,30.0107421875,10,10,0.23193359375,-2.769140625,-3.00107421875,0.23193359375,[11576],[1650],[14975],[4227],[14975],[4227],"[""Ġdoctors""]","[""Ġexample""]","[""Ġphysicians""]","[""Ġinstance""]","[""Ġphysicians""]","[""Ġinstance""]"
351,prolex,"In my opinion is really bad to listen to some young man that complains about his or her age, probably he will be really sick, in his or hermind.","In my view is really bad to listen to some young man that complains about his or her age, possibly he will be really sick, in his or hermind.",probably,possibly,93,101,opinion,view,6,13,-7.0625,-1.640625,-8.703125,-9.5625,-3.765625,-13.328125,4.625,-9.625,-3.765625,-13.390625,4.6875,3.9818954467773438,4.288177490234375,127.420654296875,137.2216796875,32,32,0.30628204345703125,-3.9818954467773438,-4.288177490234375,0.30628204345703125,[3164],[4743],[6830],[1859],[6830],[1859],"[""Ġprobably""]","[""Ġopinion""]","[""Ġpossibly""]","[""Ġview""]","[""Ġpossibly""]","[""Ġview""]"
353,prolex,"Its often believed that going to the sales place and seeing the items beforebuying ,renting or using is good ,therefore the person can check and find out if any damage is there . For","Its frequently believed that going to the sales place and seeing the products beforebuying ,renting or using is good ,therefore the person can check and find out if any damage is there . For",items,products,64,69,often,frequently,4,9,-4.09375,-7.09375,-11.1875,-2.8125,-9.875,-12.6875,1.5,-3.296875,-9.875,-13.171875,1.984375,3.905818738435444,4.026084498355263,148.42111206054688,152.9912109375,38,38,0.12026575991981892,-3.905818738435444,-4.026084498355263,0.12026575991981892,[4957],[2223],[3580],[7208],[3580],[7208],"[""Ġitems""]","[""Ġoften""]","[""Ġproducts""]","[""Ġfrequently""]","[""Ġproducts""]","[""Ġfrequently""]"
354,prolex,"Its often believed that going to the sales place and seeing the items beforebuying ,renting or using is good ,therefore the person can check and find out if any damage is there . For","Its frequently believed that going to the sales place and seeing the goods beforebuying ,renting or using is good ,therefore the person can check and find out if any damage is there . For",items,goods,64,69,often,frequently,4,9,-4.09375,-7.09375,-11.1875,-4.1875,-9.875,-14.0625,2.875,-5.0,-9.875,-14.875,3.6875,3.905818738435444,4.071868494937294,148.42111206054688,154.7310028076172,38,38,0.16604975650185017,-3.905818738435444,-4.071868494937294,0.16604975650185017,[4957],[2223],[10229],[7208],[10229],[7208],"[""Ġitems""]","[""Ġoften""]","[""Ġgoods""]","[""Ġfrequently""]","[""Ġgoods""]","[""Ġfrequently""]"
355,prolex,"Its often believed that going to the sales place and seeing the items beforebuying ,renting or using is good ,therefore the person can check and find out if any damage is there . For","Its frequently believed that going to the sales place and seeing the merchandise beforebuying ,renting or using is good ,therefore the person can check and find out if any damage is there . For",items,merchandise,64,69,often,frequently,4,9,-4.09375,-7.09375,-11.1875,-3.9375,-9.875,-13.8125,2.625,-4.3125,-9.875,-14.1875,3.0,3.905818738435444,4.077393782766242,148.42111206054688,154.9409637451172,38,38,0.17157504433079795,-3.905818738435444,-4.077393782766242,0.17157504433079795,[4957],[2223],[28499],[7208],[28499],[7208],"[""Ġitems""]","[""Ġoften""]","[""Ġmerchandise""]","[""Ġfrequently""]","[""Ġmerchandise""]","[""Ġfrequently""]"
356,prolex,"Its often believed that going to the sales place and seeing the items beforebuying ,renting or using is good ,therefore the person can check and find out if any damage is there . For","Its frequently believed that going to the sales place and seeing the objects beforebuying ,renting or using is good ,therefore the person can check and find out if any damage is there . For",items,objects,64,69,often,frequently,4,9,-4.09375,-7.09375,-11.1875,-6.6875,-9.875,-16.5625,5.375,-7.25,-9.875,-17.125,5.9375,3.905818738435444,4.114879407380757,148.42111206054688,156.36541748046875,38,38,0.20906066894531294,-3.905818738435444,-4.114879407380757,0.20906066894531294,[4957],[2223],[5113],[7208],[5113],[7208],"[""Ġitems""]","[""Ġoften""]","[""Ġobjects""]","[""Ġfrequently""]","[""Ġobjects""]","[""Ġfrequently""]"
357,prolex,This means that we don't have to be scared of trying because the fear keeps us ignorant.,This means that we don't have to be scared of attempting because the anxiety keeps us ignorant.,fear,anxiety,65,69,trying,attempting,46,52,-4.15625,-5.53125,-9.6875,-7.90625,-8.8125,-16.71875,7.03125,-6.1875,-8.8125,-15.0,5.3125,3.2188585069444446,3.619900173611111,57.939453125,65.158203125,18,18,0.4010416666666665,-3.2188585069444446,-3.619900173611111,0.4010416666666665,[4709],[2820],[10397],[13756],[10397],[13756],"[""Ġfear""]","[""Ġtrying""]","[""Ġanxiety""]","[""Ġattempting""]","[""Ġanxiety""]","[""Ġattempting""]"
358,prolex,This means that we don't have to be scared of trying because the fear keeps us ignorant.,This means that we don't have to be scared of attempting because the apprehension keeps us ignorant.,fear,apprehension,65,69,trying,attempting,46,52,-4.15625,-5.53125,-9.6875,-11.625,-8.8125,-20.4375,10.75,-9.4375,-8.8125,-18.25,8.5625,3.2188585069444446,4.07568359375,57.939453125,73.3623046875,18,18,0.8568250868055554,-3.2188585069444446,-4.07568359375,0.8568250868055554,[4709],[2820],[49861],[13756],[49861],[13756],"[""Ġfear""]","[""Ġtrying""]","[""Ġapprehension""]","[""Ġattempting""]","[""Ġapprehension""]","[""Ġattempting""]"
360,prolex,when we observe younger people we can easily see that most young people do not have this type of opportunity because they are still taking money from their parents,when we watch younger people we can easily see that most youthful people do not have this type of opportunity because they are still taking money from their parents,observe,watch,8,15,young,youthful,59,64,-7.65625,-4.15625,-11.8125,-7.09375,-8.875,-15.96875,4.15625,-7.03125,-9.4375,-16.46875,4.65625,3.312931605747768,3.5146985735212053,92.7620849609375,98.41156005859375,28,28,0.2017669677734375,-3.312931605747768,-3.5146985735212053,0.2017669677734375,[10018],[2872],[3698],[44098],[3698],[44098],"[""Ġobserve""]","[""Ġyoung""]","[""Ġwatch""]","[""Ġyouthful""]","[""Ġwatch""]","[""Ġyouthful""]"
361,prolex,when we observe younger people we can easily see that most young people do not have this type of opportunity because they are still taking money from their parents,when we notice younger people we can easily see that most youthful people do not have this type of opportunity because they are still taking money from their parents,observe,notice,8,15,young,youthful,59,64,-7.65625,-4.15625,-11.8125,-7.46875,-8.875,-16.34375,4.53125,-7.46875,-9.375,-16.84375,5.03125,3.312931605747768,3.6454293387276784,92.7620849609375,102.072021484375,28,28,0.3324977329799106,-3.312931605747768,-3.6454293387276784,0.3324977329799106,[10018],[2872],[4366],[44098],[4366],[44098],"[""Ġobserve""]","[""Ġyoung""]","[""Ġnotice""]","[""Ġyouthful""]","[""Ġnotice""]","[""Ġyouthful""]"
363,prolex,when we observe younger people we can easily see that most young people do not have this type of opportunity because they are still taking money from their parents,when we examine younger people we can easily see that most youthful people do not have this type of opportunity because they are still taking money from their parents,observe,examine,8,15,young,youthful,59,64,-7.65625,-4.15625,-11.8125,-7.09375,-8.875,-15.96875,4.15625,-7.03125,-8.625,-15.65625,3.84375,3.312931605747768,3.4534694126674106,92.7620849609375,96.6971435546875,28,28,0.1405378069196428,-3.312931605747768,-3.4534694126674106,0.1405378069196428,[10018],[2872],[9186],[44098],[9186],[44098],"[""Ġobserve""]","[""Ġyoung""]","[""Ġexamine""]","[""Ġyouthful""]","[""Ġexamine""]","[""Ġyouthful""]"
366,prolex,but sometimes it is enough for them to learn the facts directly.,but sometimes it is adequate for them to learn the facts immediately.,directly,immediately,55,63,enough,adequate,20,26,-7.09375,-6.03125,-13.125,-7.65625,-10.0625,-17.71875,4.59375,-7.28125,-10.0625,-17.34375,4.21875,3.81689453125,4.180338541666667,45.802734375,50.1640625,12,12,0.36344401041666696,-3.81689453125,-4.180338541666667,0.36344401041666696,[3587],[2217],[4745],[10599],[4745],[10599],"[""Ġdirectly""]","[""Ġenough""]","[""Ġimmediately""]","[""Ġadequate""]","[""Ġimmediately""]","[""Ġadequate""]"
367,prolex,but sometimes it is enough for them to learn the facts directly.,but sometimes it is adequate for them to learn the facts promptly.,directly,promptly,55,63,enough,adequate,20,26,-7.09375,-6.03125,-13.125,-10.25,-10.0625,-20.3125,7.1875,-9.3125,-10.0625,-19.375,6.25,3.81689453125,4.347005208333333,45.802734375,52.1640625,12,12,0.530110677083333,-3.81689453125,-4.347005208333333,0.530110677083333,[3587],[2217],[25122],[10599],[25122],[10599],"[""Ġdirectly""]","[""Ġenough""]","[""Ġpromptly""]","[""Ġadequate""]","[""Ġpromptly""]","[""Ġadequate""]"
368,prolex,"If you really understand what the cellular mechanism of cancer is and what genes or proteins are increased or decreased during the process, it will be so fascinating to study the response or development of cancer merely by studying the levels of genes and then see the results and then understand them also and then make others to look at what results you have got in your laboratory with appropriate explanations and relate them to cancer, rather than merely acting as a foolish worker in your own lab.","If you truly understand what the cellular mechanism of cancer is and what genes or proteins are increased or decreased during the process, it will be so fascinating to study the response or development of cancer simply by studying the levels of genes and then see the results and then understand them also and then make others to look at what results you have got in your laboratory with appropriate explanations and relate them to cancer, rather than merely acting as a foolish worker in your own lab.",merely,simply,213,219,really,truly,7,13,-11.6875,-5.5625,-17.25,-8.3125,-7.84375,-16.15625,-1.09375,-8.1875,-7.875,-16.0625,-1.1875,3.662114800347222,3.6694715711805554,329.59033203125,330.25244140625,90,90,0.007356770833333304,-3.662114800347222,-3.6694715711805554,0.007356770833333304,[7960],[1663],[3365],[7777],[3365],[7777],"[""Ġmerely""]","[""Ġreally""]","[""Ġsimply""]","[""Ġtruly""]","[""Ġsimply""]","[""Ġtruly""]"
369,prolex,"If you really understand what the cellular mechanism of cancer is and what genes or proteins are increased or decreased during the process, it will be so fascinating to study the response or development of cancer merely by studying the levels of genes and then see the results and then understand them also and then make others to look at what results you have got in your laboratory with appropriate explanations and relate them to cancer, rather than merely acting as a foolish worker in your own lab.","If you truly understand what the cellular mechanism of cancer is and what genes or proteins are increased or decreased during the process, it will be so fascinating to study the response or development of cancer just by studying the levels of genes and then see the results and then understand them also and then make others to look at what results you have got in your laboratory with appropriate explanations and relate them to cancer, rather than merely acting as a foolish worker in your own lab.",merely,just,213,219,really,truly,7,13,-11.6875,-5.5625,-17.25,-8.1875,-7.84375,-16.03125,-1.21875,-8.4375,-7.875,-16.3125,-0.9375,3.662114800347222,3.6721625434027776,329.59033203125,330.49462890625,90,90,0.010047743055555447,-3.662114800347222,-3.6721625434027776,0.010047743055555447,[7960],[1663],[816],[7777],[816],[7777],"[""Ġmerely""]","[""Ġreally""]","[""Ġjust""]","[""Ġtruly""]","[""Ġjust""]","[""Ġtruly""]"
370,prolex,"If you really understand what the cellular mechanism of cancer is and what genes or proteins are increased or decreased during the process, it will be so fascinating to study the response or development of cancer merely by studying the levels of genes and then see the results and then understand them also and then make others to look at what results you have got in your laboratory with appropriate explanations and relate them to cancer, rather than merely acting as a foolish worker in your own lab.","If you truly understand what the cellular mechanism of cancer is and what genes or proteins are increased or decreased during the process, it will be so fascinating to study the response or development of cancer only by studying the levels of genes and then see the results and then understand them also and then make others to look at what results you have got in your laboratory with appropriate explanations and relate them to cancer, rather than merely acting as a foolish worker in your own lab.",merely,only,213,219,really,truly,7,13,-11.6875,-5.5625,-17.25,-9.5,-7.84375,-17.34375,0.09375,-9.5,-7.875,-17.375,0.125,3.662114800347222,3.678092447916667,329.59033203125,331.0283203125,90,90,0.015977647569444642,-3.662114800347222,-3.678092447916667,0.015977647569444642,[7960],[1663],[760],[7777],[760],[7777],"[""Ġmerely""]","[""Ġreally""]","[""Ġonly""]","[""Ġtruly""]","[""Ġonly""]","[""Ġtruly""]"
371,prolex,"If you really understand what the cellular mechanism of cancer is and what genes or proteins are increased or decreased during the process, it will be so fascinating to study the response or development of cancer merely by studying the levels of genes and then see the results and then understand them also and then make others to look at what results you have got in your laboratory with appropriate explanations and relate them to cancer, rather than merely acting as a foolish worker in your own lab.","If you truly understand what the cellular mechanism of cancer is and what genes or proteins are increased or decreased during the process, it will be so fascinating to study the response or development of cancer solely by studying the levels of genes and then see the results and then understand them also and then make others to look at what results you have got in your laboratory with appropriate explanations and relate them to cancer, rather than merely acting as a foolish worker in your own lab.",merely,solely,213,219,really,truly,7,13,-11.6875,-5.5625,-17.25,-10.625,-7.84375,-18.46875,1.21875,-10.4375,-7.875,-18.3125,1.0625,3.662114800347222,3.7042805989583334,329.59033203125,333.38525390625,90,90,0.04216579861111125,-3.662114800347222,-3.7042805989583334,0.04216579861111125,[7960],[1663],[12718],[7777],[12718],[7777],"[""Ġmerely""]","[""Ġreally""]","[""Ġsolely""]","[""Ġtruly""]","[""Ġsolely""]","[""Ġtruly""]"
372,prolex,"air pollution will go out of control, no fuel to drive cars, no space on the road for cars and finally new technology will develop new things.","air pollution will go out of control, no fuel to power automobiles, no space on the road for cars and finally new technology will develop new things.",drive,power,49,54,cars,automobiles,55,59,-3.421875,-2.203125,-5.625,-2.1875,-6.25,-8.4375,2.8125,-2.171875,-5.875,-8.046875,2.421875,3.755926724137931,3.9775053879310347,108.921875,115.34765625,29,29,0.22157866379310365,-3.755926724137931,-3.9775053879310347,0.22157866379310365,[4446],[8458],[1612],[45056],[1612],[45056],"[""Ġdrive""]","[""Ġcars""]","[""Ġpower""]","[""Ġautomobiles""]","[""Ġpower""]","[""Ġautomobiles""]"
373,prolex,"air pollution will go out of control, no fuel to drive cars, no space on the road for cars and finally new technology will develop new things.","air pollution will go out of control, no fuel to operate automobiles, no space on the road for cars and finally new technology will develop new things.",drive,operate,49,54,cars,automobiles,55,59,-3.421875,-2.203125,-5.625,-3.9375,-6.25,-10.1875,4.5625,-3.921875,-6.6875,-10.609375,4.984375,3.755926724137931,4.016433189655173,108.921875,116.4765625,29,29,0.26050646551724155,-3.755926724137931,-4.016433189655173,0.26050646551724155,[4446],[8458],[10196],[45056],[10196],[45056],"[""Ġdrive""]","[""Ġcars""]","[""Ġoperate""]","[""Ġautomobiles""]","[""Ġoperate""]","[""Ġautomobiles""]"
374,prolex,"air pollution will go out of control, no fuel to drive cars, no space on the road for cars and finally new technology will develop new things.","air pollution will go out of control, no fuel to run automobiles, no space on the road for cars and finally new technology will develop new things.",drive,run,49,54,cars,automobiles,55,59,-3.421875,-2.203125,-5.625,-1.1875,-6.25,-7.4375,1.8125,-1.1640625,-6.28125,-7.4453125,1.8203125,3.755926724137931,3.9035560344827585,108.921875,113.203125,29,29,0.1476293103448274,-3.755926724137931,-3.9035560344827585,0.1476293103448274,[4446],[8458],[1408],[45056],[1408],[45056],"[""Ġdrive""]","[""Ġcars""]","[""Ġrun""]","[""Ġautomobiles""]","[""Ġrun""]","[""Ġautomobiles""]"
375,prolex,"Nevertheless, they also have a lot of advantages, which are giving a lot of attractive to customers, giving some information about what they sell.","Nevertheless, they also have a lot of benefits, which are giving a lot of attractive to clients, giving some information about what they sell.",advantages,benefits,38,48,customers,clients,90,99,-2.953125,-4.03125,-6.984375,-4.0625,-5.53125,-9.59375,2.609375,-4.0625,-5.71875,-9.78125,2.796875,3.352068865740741,3.4346788194444446,90.505859375,92.736328125,27,27,0.08260995370370372,-3.352068865740741,-3.4346788194444446,0.08260995370370372,[11361],[6383],[5373],[8548],[5373],[8548],"[""Ġadvantages""]","[""Ġcustomers""]","[""Ġbenefits""]","[""Ġclients""]","[""Ġbenefits""]","[""Ġclients""]"
376,prolex,"Nevertheless, they also have a lot of advantages, which are giving a lot of attractive to customers, giving some information about what they sell.","Nevertheless, they also have a lot of strengths, which are giving a lot of attractive to clients, giving some information about what they sell.",advantages,strengths,38,48,customers,clients,90,99,-2.953125,-4.03125,-6.984375,-5.125,-5.53125,-10.65625,3.671875,-5.0,-5.46875,-10.46875,3.484375,3.352068865740741,3.3561559606481484,90.505859375,90.6162109375,27,27,0.00408709490740744,-3.352068865740741,-3.3561559606481484,0.00408709490740744,[11361],[6383],[20544],[8548],[20544],[8548],"[""Ġadvantages""]","[""Ġcustomers""]","[""Ġstrengths""]","[""Ġclients""]","[""Ġstrengths""]","[""Ġclients""]"
377,prolex,"Nevertheless, they also have a lot of advantages, which are giving a lot of attractive to customers, giving some information about what they sell.","Nevertheless, they also have a lot of merits, which are giving a lot of attractive to clients, giving some information about what they sell.",advantages,merits,38,48,customers,clients,90,99,-2.953125,-4.03125,-6.984375,-8.375,-5.53125,-13.90625,6.921875,-8.4375,-5.6875,-14.125,7.140625,3.352068865740741,3.464771412037037,90.505859375,93.548828125,27,27,0.11270254629629628,-3.352068865740741,-3.464771412037037,0.11270254629629628,[11361],[6383],[16108],[8548],[16108],[8548],"[""Ġadvantages""]","[""Ġcustomers""]","[""Ġmerits""]","[""Ġclients""]","[""Ġmerits""]","[""Ġclients""]"
378,prolex,"Now, Korean young traditional artists are trying to make a new song.","Now, Korean youthful traditional artists are trying to make a new tune.",song,tune,63,67,young,youthful,12,17,-5.28125,-7.71875,-13.0,-8.9375,-13.6875,-22.625,9.625,-8.5,-13.75,-22.25,9.25,4.3369140625,5.210637019230769,56.3798828125,67.73828125,13,13,0.8737229567307692,-4.3369140625,-5.210637019230769,0.8737229567307692,[4498],[2872],[19928],[44098],[19928],[44098],"[""Ġsong""]","[""Ġyoung""]","[""Ġtune""]","[""Ġyouthful""]","[""Ġtune""]","[""Ġyouthful""]"
379,prolex,"Now, Korean young traditional artists are trying to make a new song.","Now, Korean youthful traditional artists are trying to make a new composition.",song,composition,63,67,young,youthful,12,17,-5.28125,-7.71875,-13.0,-8.5625,-13.6875,-22.25,9.25,-8.75,-13.75,-22.5,9.5,4.3369140625,5.22265625,56.3798828125,67.89453125,13,13,0.8857421875,-4.3369140625,-5.22265625,0.8857421875,[4498],[2872],[5889],[44098],[5889],[44098],"[""Ġsong""]","[""Ġyoung""]","[""Ġcomposition""]","[""Ġyouthful""]","[""Ġcomposition""]","[""Ġyouthful""]"
380,prolex,"As a result, I could swim the fastest breast stroke in my life at the competition.","As a consequence, I could perform the fastest breast stroke in my life at the competition.",swim,perform,21,25,result,consequence,5,11,-8.8125,-2.375,-11.1875,-6.96875,-5.0625,-12.03125,0.84375,-7.03125,-5.0625,-12.09375,0.90625,3.461626838235294,3.7960707720588234,58.84765625,64.533203125,17,17,0.33444393382352944,-3.461626838235294,-3.7960707720588234,0.33444393382352944,[10831],[906],[1347],[9936],[1347],[9936],"[""Ġswim""]","[""Ġresult""]","[""Ġperform""]","[""Ġconsequence""]","[""Ġperform""]","[""Ġconsequence""]"
381,prolex,"As a result, I could swim the fastest breast stroke in my life at the competition.","As a consequence, I could execute the fastest breast stroke in my life at the competition.",swim,execute,21,25,result,consequence,5,11,-8.8125,-2.375,-11.1875,-8.8125,-5.0625,-13.875,2.6875,-8.9375,-5.0625,-14.0,2.8125,3.461626838235294,3.987017463235294,58.84765625,67.779296875,17,17,0.525390625,-3.461626838235294,-3.987017463235294,0.525390625,[10831],[906],[13194],[9936],[13194],[9936],"[""Ġswim""]","[""Ġresult""]","[""Ġexecute""]","[""Ġconsequence""]","[""Ġexecute""]","[""Ġconsequence""]"
382,prolex,There are also healthier old ones who are enthusiastic and energetic,There are likewise healthier old ones who are enthusiastic and active,energetic,active,59,68,also,likewise,10,14,-4.25,-3.15625,-7.40625,-3.9375,-7.84375,-11.78125,4.375,-3.765625,-7.90625,-11.671875,4.265625,5.077734375,5.579296875,50.77734375,55.79296875,10,10,0.5015624999999995,-5.077734375,-5.579296875,0.5015624999999995,[28378],[671],[3939],[21223],[3939],[21223],"[""Ġenergetic""]","[""Ġalso""]","[""Ġactive""]","[""Ġlikewise""]","[""Ġactive""]","[""Ġlikewise""]"
383,prolex,"Of course I am speaking about old ideas, because what I stated before clearly does not match with new ideas.","Of course I am talking about old thoughts, because what I stated before clearly does not match with new ideas.",speaking,talking,15,23,ideas,thoughts,34,39,-5.25,-6.25,-11.5,-3.640625,-8.25,-11.890625,0.390625,-3.625,-8.6875,-12.3125,0.8125,3.4380580357142856,3.54296875,72.19921875,74.40234375,21,21,0.10491071428571441,-3.4380580357142856,-3.54296875,0.10491071428571441,[8288],[5697],[5015],[7906],[5015],[7906],"[""Ġspeaking""]","[""Ġideas""]","[""Ġtalking""]","[""Ġthoughts""]","[""Ġtalking""]","[""Ġthoughts""]"
384,prolex,"In Asia, there is a big competition for commercial messages and they decide the best commercial every year.","In Asia, there is a big competition for marketing messages and they determine the best commercial every year.",commercial,marketing,40,50,decide,determine,69,75,-7.4375,-8.0625,-15.5,-6.8125,-8.875,-15.6875,0.1875,-6.75,-8.875,-15.625,0.125,4.325041118421052,4.462993421052632,82.17578125,84.796875,19,19,0.13795230263157965,-4.325041118421052,-4.462993421052632,0.13795230263157965,[6264],[7617],[9137],[3653],[9137],[3653],"[""Ġcommercial""]","[""Ġdecide""]","[""Ġmarketing""]","[""Ġdetermine""]","[""Ġmarketing""]","[""Ġdetermine""]"
385,prolex,"In Asia, there is a big competition for commercial messages and they decide the best commercial every year.","In Asia, there is a big competition for publicity messages and they determine the best commercial every year.",commercial,publicity,40,50,decide,determine,69,75,-7.4375,-8.0625,-15.5,-10.0,-8.875,-18.875,3.375,-10.0,-8.5625,-18.5625,3.0625,4.325041118421052,4.7027138157894735,82.17578125,89.3515625,19,19,0.37767269736842124,-4.325041118421052,-4.7027138157894735,0.37767269736842124,[6264],[7617],[29957],[3653],[29957],[3653],"[""Ġcommercial""]","[""Ġdecide""]","[""Ġpublicity""]","[""Ġdetermine""]","[""Ġpublicity""]","[""Ġdetermine""]"
388,prolex,That is the worst way i think to take advantage of the country whichyou visit.,That is the worst way i believe to take advantage of the land whichyou visit.,country,land,55,62,think,believe,24,29,-6.84375,-3.3125,-10.15625,-8.5,-6.125,-14.625,4.46875,-8.375,-6.125,-14.5,4.34375,4.387664794921875,4.631683349609375,70.20263671875,74.10693359375,16,16,0.2440185546875,-4.387664794921875,-4.631683349609375,0.2440185546875,[2586],[1158],[2659],[2868],[2659],[2868],"[""Ġcountry""]","[""Ġthink""]","[""Ġland""]","[""Ġbelieve""]","[""Ġland""]","[""Ġbelieve""]"
389,prolex,That is the worst way i think to take advantage of the country whichyou visit.,That is the worst way i believe to take advantage of the region whichyou visit.,country,region,55,62,think,believe,24,29,-6.84375,-3.3125,-10.15625,-10.3125,-6.125,-16.4375,6.28125,-10.375,-6.125,-16.5,6.34375,4.387664794921875,4.815277099609375,70.20263671875,77.04443359375,16,16,0.4276123046875,-4.387664794921875,-4.815277099609375,0.4276123046875,[2586],[1158],[2919],[2868],[2919],[2868],"[""Ġcountry""]","[""Ġthink""]","[""Ġregion""]","[""Ġbelieve""]","[""Ġregion""]","[""Ġbelieve""]"
390,prolex,"But, young people can work very hard and they can have a little money.","But, youthful people can work very hard and they can have a some money.",little,some,57,63,young,youthful,5,10,-6.59375,-9.9375,-16.53125,-11.9375,-15.0,-26.9375,10.40625,-10.9375,-15.0625,-26.0,9.46875,3.559765625,4.350260416666667,53.396484375,65.25390625,15,15,0.7904947916666671,-3.559765625,-4.350260416666667,0.7904947916666671,[1652],[2872],[690],[44098],[690],[44098],"[""Ġlittle""]","[""Ġyoung""]","[""Ġsome""]","[""Ġyouthful""]","[""Ġsome""]","[""Ġyouthful""]"
391,prolex,"I do agree with the statement that ""Young people enjoy life more than older people do"" , because Iam a teenager of this generation.","I do concur with the assertion that ""Young people enjoy life more than older people do"" , because Iam a teenager of this generation.",agree,concur,5,10,statement,assertion,20,29,-3.890625,-4.15625,-8.046875,-9.0625,-6.59375,-15.65625,7.609375,-9.0625,-5.96875,-15.03125,6.984375,3.1444950810185186,3.5354817708333335,84.9013671875,95.4580078125,27,27,0.3909866898148149,-3.1444950810185186,-3.5354817708333335,0.3909866898148149,[5194],[3908],[15038],[17077],[15038],[17077],"[""Ġagree""]","[""Ġstatement""]","[""Ġconcur""]","[""Ġassertion""]","[""Ġconcur""]","[""Ġassertion""]"
392,prolex,"I do agree with the statement that ""Young people enjoy life more than older people do"" , because Iam a teenager of this generation.","I do align with the assertion that ""Young people enjoy life more than older people do"" , because Iam a teenager of this generation.",agree,align,5,10,statement,assertion,20,29,-3.890625,-4.15625,-8.046875,-12.3125,-6.59375,-18.90625,10.859375,-12.3125,-7.03125,-19.34375,11.296875,3.1444950810185186,3.7577039930555554,84.9013671875,101.4580078125,27,27,0.6132089120370368,-3.1444950810185186,-3.7577039930555554,0.6132089120370368,[5194],[3908],[8495],[17077],[8495],[17077],"[""Ġagree""]","[""Ġstatement""]","[""Ġalign""]","[""Ġassertion""]","[""Ġalign""]","[""Ġassertion""]"
393,prolex,"I do agree with the statement that ""Young people enjoy life more than older people do"" , because Iam a teenager of this generation.","I do accord with the assertion that ""Young people enjoy life more than older people do"" , because Iam a teenager of this generation.",agree,accord,5,10,statement,assertion,20,29,-3.890625,-4.15625,-8.046875,-12.9375,-6.59375,-19.53125,11.484375,-13.0,-6.375,-19.375,11.328125,3.1444950810185186,3.6648582175925926,84.9013671875,98.951171875,27,27,0.520363136574074,-3.1444950810185186,-3.6648582175925926,0.520363136574074,[5194],[3908],[7158],[17077],[7158],[17077],"[""Ġagree""]","[""Ġstatement""]","[""Ġaccord""]","[""Ġassertion""]","[""Ġaccord""]","[""Ġassertion""]"
394,prolex,it cold helps us to grow up as a person and can help us to have an exit.,it cold assists us to grow up as a person and can help us to have an escape.,exit,escape,67,71,helps,assists,8,13,-8.5,-10.5,-19.0,-7.90625,-13.375,-21.28125,2.28125,-8.0625,-13.4375,-21.5,2.5,4.225260416666667,4.431640625,76.0546875,79.76953125,18,18,0.20638020833333304,-4.225260416666667,-4.431640625,0.20638020833333304,[10463],[7729],[8773],[27593],[8773],[27593],"[""Ġexit""]","[""Ġhelps""]","[""Ġescape""]","[""Ġassists""]","[""Ġescape""]","[""Ġassists""]"
395,prolex,"One of the most common reply one might get when asked about the reason for not helping their community is ""I don't have time for that"".","One of the most usual response one might get when asked about the reason for not helping their community is ""I don't have time for that"".",reply,response,23,28,common,usual,16,22,-11.1875,-2.265625,-13.453125,-9.25,-7.84375,-17.09375,3.640625,-8.3125,-7.875,-16.1875,2.734375,2.6794302804129466,3.0358101981026784,75.0240478515625,85.002685546875,28,28,0.35637991768973176,-2.6794302804129466,-3.0358101981026784,0.35637991768973176,[12252],[1846],[2380],[7312],[2380],[7312],"[""Ġreply""]","[""Ġcommon""]","[""Ġresponse""]","[""Ġusual""]","[""Ġresponse""]","[""Ġusual""]"
396,prolex,"One of the most common reply one might get when asked about the reason for not helping their community is ""I don't have time for that"".","One of the most usual answer one might get when asked about the reason for not helping their community is ""I don't have time for that"".",reply,answer,23,28,common,usual,16,22,-11.1875,-2.265625,-13.453125,-10.5,-7.84375,-18.34375,4.890625,-9.25,-7.875,-17.125,3.671875,2.6794302804129466,2.97479248046875,75.0240478515625,83.294189453125,28,28,0.2953622000558034,-2.6794302804129466,-2.97479248046875,0.2953622000558034,[12252],[1846],[3662],[7312],[3662],[7312],"[""Ġreply""]","[""Ġcommon""]","[""Ġanswer""]","[""Ġusual""]","[""Ġanswer""]","[""Ġusual""]"
397,prolex,"One of the most common reply one might get when asked about the reason for not helping their community is ""I don't have time for that"".","One of the most usual reaction one might get when asked about the reason for not helping their community is ""I don't have time for that"".",reply,reaction,23,28,common,usual,16,22,-11.1875,-2.265625,-13.453125,-9.625,-7.84375,-17.46875,4.015625,-9.625,-7.875,-17.5,4.046875,2.6794302804129466,3.087986537388393,75.0240478515625,86.463623046875,28,28,0.4085562569754462,-2.6794302804129466,-3.087986537388393,0.4085562569754462,[12252],[1846],[4884],[7312],[4884],[7312],"[""Ġreply""]","[""Ġcommon""]","[""Ġreaction""]","[""Ġusual""]","[""Ġreaction""]","[""Ġusual""]"
398,prolex,"One of the most common reply one might get when asked about the reason for not helping their community is ""I don't have time for that"".","One of the most usual comeback one might get when asked about the reason for not helping their community is ""I don't have time for that"".",reply,comeback,23,28,common,usual,16,22,-11.1875,-2.265625,-13.453125,-13.0,-7.84375,-20.84375,7.390625,-14.0,-7.875,-21.875,8.421875,2.6794302804129466,3.205501011439732,75.0240478515625,89.7540283203125,28,28,0.5260707310267856,-2.6794302804129466,-3.205501011439732,0.5260707310267856,[12252],[1846],[41759],[7312],[41759],[7312],"[""Ġreply""]","[""Ġcommon""]","[""Ġcomeback""]","[""Ġusual""]","[""Ġcomeback""]","[""Ġusual""]"
399,prolex,"If it continues like this it will damage the environment ,too.","If it continues like this it will harm the surroundings ,too.",damage,harm,34,40,environment,surroundings,45,56,-5.90625,-4.59375,-10.5,-7.15625,-8.625,-15.78125,5.28125,-7.21875,-9.5,-16.71875,6.21875,3.8865559895833335,4.367024739583333,46.638671875,52.404296875,12,12,0.48046874999999956,-3.8865559895833335,-4.367024739583333,0.48046874999999956,[4723],[3126],[5237],[27762],[5237],[27762],"[""Ġdamage""]","[""Ġenvironment""]","[""Ġharm""]","[""Ġsurroundings""]","[""Ġharm""]","[""Ġsurroundings""]"
402,prolex,"That person who has knowledge of many academic subjects will not collect all the information about the subjects , and he will not become a qualficat person to work in a professional job and to use his knowledge in this job, compared to that person who has specialized in one subject.","That individual who has knowledge of many academic subjects will not accumulate all the information about the subjects , and he will not become a qualficat person to work in a professional job and to use his knowledge in this job, compared to that person who has specialized in one subject.",collect,accumulate,65,72,person,individual,5,11,-9.0,-6.875,-15.875,-9.1875,-9.25,-18.4375,2.5625,-9.25,-9.3125,-18.5625,2.6875,3.449129971590909,3.536416903409091,189.7021484375,194.5029296875,55,55,0.08728693181818192,-3.449129971590909,-3.536416903409091,0.08728693181818192,[4822],[1436],[29010],[2060],[29010],[2060],"[""Ġcollect""]","[""Ġperson""]","[""Ġaccumulate""]","[""Ġindividual""]","[""Ġaccumulate""]","[""Ġindividual""]"
404,prolex,I do think so because in my experience I always considered something as a personal success if I was able to overcome old barriers and to reach targets that seemed unlikely to be reached before.,I do believe so because in my experience I always considered something as a personal success if I was able to overcome old barriers and to reach goals that seemed unlikely to be reached before.,targets,goals,143,150,think,believe,5,10,-7.75,-2.828125,-10.578125,-4.5,-3.515625,-8.015625,-2.5625,-4.5,-3.515625,-8.015625,-2.5625,3.498435756138393,3.4689243861607144,122.44525146484375,121.412353515625,35,35,-0.02951136997767856,-3.498435756138393,-3.4689243861607144,-0.02951136997767856,[8571],[1158],[7342],[2868],[7342],[2868],"[""Ġtargets""]","[""Ġthink""]","[""Ġgoals""]","[""Ġbelieve""]","[""Ġgoals""]","[""Ġbelieve""]"
405,prolex,I do think so because in my experience I always considered something as a personal success if I was able to overcome old barriers and to reach targets that seemed unlikely to be reached before.,I do believe so because in my experience I always considered something as a personal success if I was able to overcome old barriers and to reach objectives that seemed unlikely to be reached before.,targets,objectives,143,150,think,believe,5,10,-7.75,-2.828125,-10.578125,-8.375,-3.515625,-11.890625,1.3125,-8.25,-3.515625,-11.765625,1.1875,3.498435756138393,3.555029296875,122.44525146484375,124.426025390625,35,35,0.05659354073660694,-3.498435756138393,-3.555029296875,0.05659354073660694,[8571],[1158],[16566],[2868],[16566],[2868],"[""Ġtargets""]","[""Ġthink""]","[""Ġobjectives""]","[""Ġbelieve""]","[""Ġobjectives""]","[""Ġbelieve""]"
406,prolex,I do think so because in my experience I always considered something as a personal success if I was able to overcome old barriers and to reach targets that seemed unlikely to be reached before.,I do believe so because in my experience I always considered something as a personal success if I was able to overcome old barriers and to reach aims that seemed unlikely to be reached before.,targets,aims,143,150,think,believe,5,10,-7.75,-2.828125,-10.578125,-9.875,-3.515625,-13.390625,2.8125,-9.875,-3.515625,-13.390625,2.8125,3.498435756138393,3.6032435825892857,122.44525146484375,126.113525390625,35,35,0.1048078264508927,-3.498435756138393,-3.6032435825892857,0.1048078264508927,[8571],[1158],[13698],[2868],[13698],[2868],"[""Ġtargets""]","[""Ġthink""]","[""Ġaims""]","[""Ġbelieve""]","[""Ġaims""]","[""Ġbelieve""]"
407,prolex,A software development company would always prefer to hire a student who had taken up Information Technology as a specialized course during college as it is expected that he would understand the work better which he is expected to perform during his job.,A software development company would invariably prefer to hire a student who had taken up Information Technology as a specialized subject during college as it is expected that he would understand the work better which he is expected to perform during his job.,course,subject,126,132,always,invariably,37,43,-1.015625,-4.625,-5.640625,-1.640625,-8.5,-10.140625,4.5,-1.5390625,-8.5625,-10.1015625,4.4609375,2.972470305686773,3.084617437318314,127.81622314453125,132.6385498046875,43,43,0.112147131631541,-2.972470305686773,-3.084617437318314,0.112147131631541,[2282],[1900],[2256],[37504],[2256],[37504],"[""Ġcourse""]","[""Ġalways""]","[""Ġsubject""]","[""Ġinvariably""]","[""Ġsubject""]","[""Ġinvariably""]"
408,prolex,A software development company would always prefer to hire a student who had taken up Information Technology as a specialized course during college as it is expected that he would understand the work better which he is expected to perform during his job.,A software development company would invariably prefer to hire a student who had taken up Information Technology as a specialized class during college as it is expected that he would understand the work better which he is expected to perform during his job.,course,class,126,132,always,invariably,37,43,-1.015625,-4.625,-5.640625,-7.15625,-8.5,-15.65625,10.015625,-7.53125,-8.5625,-16.09375,10.453125,2.972470305686773,3.208178852879724,127.81622314453125,137.95169067382812,43,43,0.23570854719295076,-2.972470305686773,-3.208178852879724,0.23570854719295076,[2282],[1900],[966],[37504],[966],[37504],"[""Ġcourse""]","[""Ġalways""]","[""Ġclass""]","[""Ġinvariably""]","[""Ġclass""]","[""Ġinvariably""]"
409,prolex,It was really fun to walk around the places with my friends.,It was truly fun to stroll around the places with my friends.,walk,stroll,21,25,really,truly,7,13,-5.46875,-4.5,-9.96875,-8.875,-6.84375,-15.71875,5.75,-8.3125,-6.8125,-15.125,5.15625,3.083984375,3.7470703125,37.0078125,44.96484375,12,12,0.6630859375,-3.083984375,-3.7470703125,0.6630859375,[2940],[1663],[42121],[7777],[42121],[7777],"[""Ġwalk""]","[""Ġreally""]","[""Ġstroll""]","[""Ġtruly""]","[""Ġstroll""]","[""Ġtruly""]"
410,prolex,It was really fun to walk around the places with my friends.,It was truly fun to wander around the places with my friends.,walk,wander,21,25,really,truly,7,13,-5.46875,-4.5,-9.96875,-7.59375,-6.84375,-14.4375,4.46875,-7.5,-6.8125,-14.3125,4.34375,3.083984375,3.587890625,37.0078125,43.0546875,12,12,0.50390625,-3.083984375,-3.587890625,0.50390625,[2940],[1663],[34702],[7777],[34702],[7777],"[""Ġwalk""]","[""Ġreally""]","[""Ġwander""]","[""Ġtruly""]","[""Ġwander""]","[""Ġtruly""]"
411,prolex,"When some students enter the university, they have trouble with their major.","When some pupils join the university, they have trouble with their major.",enter,join,19,24,students,pupils,10,18,-5.1875,-5.4375,-10.625,-6.5625,-8.625,-15.1875,4.5625,-6.28125,-8.5625,-14.84375,4.21875,3.3392427884615383,3.8641826923076925,43.41015625,50.234375,13,13,0.5249399038461542,-3.3392427884615383,-3.8641826923076925,0.5249399038461542,[4901],[3484],[6604],[30980],[6604],[30980],"[""Ġenter""]","[""Ġstudents""]","[""Ġjoin""]","[""Ġpupils""]","[""Ġjoin""]","[""Ġpupils""]"
412,prolex,"When a young person has a problem like this, that he or she maybe has to sleep in the street, he/she can not look after the communities.","When a youthful individual has a problem like this, that he or she maybe has to sleep in the street, he/she can not look after the communities.",person,individual,13,19,young,youthful,7,12,-3.578125,-5.21875,-8.796875,-8.3125,-10.9375,-19.25,10.453125,-4.5625,-11.0,-15.5625,6.765625,3.366265081590222,3.621849798387097,104.35421752929688,112.27734375,31,31,0.255584716796875,-3.366265081590222,-3.621849798387097,0.255584716796875,[1436],[2872],[2060],[44098],[2060],[44098],"[""Ġperson""]","[""Ġyoung""]","[""Ġindividual""]","[""Ġyouthful""]","[""Ġindividual""]","[""Ġyouthful""]"
414,prolex,",like chatting with their friends on the internet,going to shopping malls, going to international parks like, Disney land or sea world .",",like talking with their friends on the net,going to shopping malls, going to international parks like, Disney land or sea world .",chatting,talking,6,14,internet,net,41,49,-10.125,-2.53125,-12.65625,-8.6875,-4.28125,-12.96875,0.3125,-8.6875,-5.6875,-14.375,1.71875,3.7544407314724393,3.9356471874095775,101.36989974975586,106.2624740600586,27,27,0.18120645593713824,-3.7544407314724393,-3.9356471874095775,0.18120645593713824,[44096],[8573],[5015],[2036],[5015],[2036],"[""Ġchatting""]","[""Ġinternet""]","[""Ġtalking""]","[""Ġnet""]","[""Ġtalking""]","[""Ġnet""]"
415,prolex,",like chatting with their friends on the internet,going to shopping malls, going to international parks like, Disney land or sea world .",",like communicating with their friends on the net,going to shopping malls, going to international parks like, Disney land or sea world .",chatting,communicating,6,14,internet,net,41,49,-10.125,-2.53125,-12.65625,-11.625,-4.28125,-15.90625,3.25,-11.625,-4.28125,-15.90625,3.25,3.7544407314724393,4.061655115198206,101.36989974975586,109.66468811035156,27,27,0.30721438372576637,-3.7544407314724393,-4.061655115198206,0.30721438372576637,[44096],[8573],[26728],[2036],[26728],[2036],"[""Ġchatting""]","[""Ġinternet""]","[""Ġcommunicating""]","[""Ġnet""]","[""Ġcommunicating""]","[""Ġnet""]"
416,prolex,"So please help the communities which are present in our city to give the helping hand to the people who are in need of us, by giving the hand they can also come into this beautiful world and they can also enjoy like you which you are enjoying today.","So please assist the communities which are present in our city to offer the helping hand to the people who are in need of us, by giving the hand they can also come into this beautiful world and they can also enjoy like you which you are enjoying today.",give,offer,64,68,help,assist,10,14,-5.65625,-4.03125,-9.6875,-7.53125,-7.9375,-15.46875,5.78125,-6.28125,-7.96875,-14.25,4.5625,3.35240234375,3.4925390625,167.6201171875,174.626953125,50,50,0.14013671875,-3.35240234375,-3.4925390625,0.14013671875,[1918],[1361],[3959],[10073],[3959],[10073],"[""Ġgive""]","[""Ġhelp""]","[""Ġoffer""]","[""Ġassist""]","[""Ġoffer""]","[""Ġassist""]"
417,prolex,"So please help the communities which are present in our city to give the helping hand to the people who are in need of us, by giving the hand they can also come into this beautiful world and they can also enjoy like you which you are enjoying today.","So please assist the communities which are present in our city to extend the helping hand to the people who are in need of us, by giving the hand they can also come into this beautiful world and they can also enjoy like you which you are enjoying today.",give,extend,64,68,help,assist,10,14,-5.65625,-4.03125,-9.6875,-7.78125,-7.9375,-15.71875,6.03125,-7.40625,-7.96875,-15.375,5.6875,3.35240234375,3.4945703125,167.6201171875,174.728515625,50,50,0.14216796874999993,-3.35240234375,-3.4945703125,0.14216796874999993,[1918],[1361],[9017],[10073],[9017],[10073],"[""Ġgive""]","[""Ġhelp""]","[""Ġextend""]","[""Ġassist""]","[""Ġextend""]","[""Ġassist""]"
418,prolex,"So please help the communities which are present in our city to give the helping hand to the people who are in need of us, by giving the hand they can also come into this beautiful world and they can also enjoy like you which you are enjoying today.","So please assist the communities which are present in our city to provide the helping hand to the people who are in need of us, by giving the hand they can also come into this beautiful world and they can also enjoy like you which you are enjoying today.",give,provide,64,68,help,assist,10,14,-5.65625,-4.03125,-9.6875,-5.15625,-7.9375,-13.09375,3.40625,-4.65625,-7.96875,-12.625,2.9375,3.35240234375,3.455,167.6201171875,172.75,50,50,0.10259765624999995,-3.35240234375,-3.455,0.10259765624999995,[1918],[1361],[2085],[10073],[2085],[10073],"[""Ġgive""]","[""Ġhelp""]","[""Ġprovide""]","[""Ġassist""]","[""Ġprovide""]","[""Ġassist""]"
419,prolex,"So please help the communities which are present in our city to give the helping hand to the people who are in need of us, by giving the hand they can also come into this beautiful world and they can also enjoy like you which you are enjoying today.","So please assist the communities which are present in our city to lend the helping hand to the people who are in need of us, by giving the hand they can also come into this beautiful world and they can also enjoy like you which you are enjoying today.",give,lend,64,68,help,assist,10,14,-5.65625,-4.03125,-9.6875,-9.0625,-7.9375,-17.0,7.3125,-8.75,-7.96875,-16.71875,7.03125,3.35240234375,3.52548828125,167.6201171875,176.2744140625,50,50,0.1730859374999998,-3.35240234375,-3.52548828125,0.1730859374999998,[1918],[1361],[28698],[10073],[28698],[10073],"[""Ġgive""]","[""Ġhelp""]","[""Ġlend""]","[""Ġassist""]","[""Ġlend""]","[""Ġassist""]"
420,prolex,Life is always going forward.,Life is invariably going ahead.,forward,ahead,21,28,always,invariably,8,14,-4.15625,-5.65625,-9.8125,-7.59375,-12.3125,-19.90625,10.09375,-8.3125,-12.3125,-20.625,10.8125,3.5078125,6.015625,17.5390625,30.078125,5,5,2.5078125,-3.5078125,-6.015625,2.5078125,[3579],[1900],[6386],[37504],[6386],[37504],"[""Ġforward""]","[""Ġalways""]","[""Ġahead""]","[""Ġinvariably""]","[""Ġahead""]","[""Ġinvariably""]"
421,prolex,Life is always going forward.,Life is invariably going onward.,forward,onward,21,28,always,invariably,8,14,-4.15625,-5.65625,-9.8125,-8.6875,-12.3125,-21.0,11.1875,-8.875,-12.3125,-21.1875,11.375,3.5078125,6.0640625,17.5390625,30.3203125,5,5,2.5562500000000004,-3.5078125,-6.0640625,2.5562500000000004,[3579],[1900],[47768],[37504],[47768],[37504],"[""Ġforward""]","[""Ġalways""]","[""Ġonward""]","[""Ġinvariably""]","[""Ġonward""]","[""Ġinvariably""]"
422,prolex,"The ideas and concept help to students and humanities to solve the problem, generate more knowledge","The thoughts and concept help to students and humanities to solve the problem, create more knowledge",generate,create,76,84,ideas,thoughts,4,9,-6.53125,-9.0,-15.53125,-5.21875,-8.9375,-14.15625,-1.375,-5.28125,-9.0625,-14.34375,-1.1875,4.689338235294118,4.8671875,79.71875,82.7421875,17,17,0.17784926470588225,-4.689338235294118,-4.8671875,0.17784926470588225,[6635],[5697],[2794],[7906],[2794],[7906],"[""Ġgenerate""]","[""Ġideas""]","[""Ġcreate""]","[""Ġthoughts""]","[""Ġcreate""]","[""Ġthoughts""]"
423,prolex,"The ideas and concept help to students and humanities to solve the problem, generate more knowledge","The thoughts and concept help to students and humanities to solve the problem, produce more knowledge",generate,produce,76,84,ideas,thoughts,4,9,-6.53125,-9.0,-15.53125,-7.78125,-8.9375,-16.71875,1.1875,-7.53125,-9.0625,-16.59375,1.0625,4.689338235294118,5.010569852941177,79.71875,85.1796875,17,17,0.3212316176470589,-4.689338235294118,-5.010569852941177,0.3212316176470589,[6635],[5697],[4711],[7906],[4711],[7906],"[""Ġgenerate""]","[""Ġideas""]","[""Ġproduce""]","[""Ġthoughts""]","[""Ġproduce""]","[""Ġthoughts""]"
424,prolex,"The ideas and concept help to students and humanities to solve the problem, generate more knowledge","The thoughts and concept help to students and humanities to solve the problem, develop more knowledge",generate,develop,76,84,ideas,thoughts,4,9,-6.53125,-9.0,-15.53125,-4.65625,-8.9375,-13.59375,-1.9375,-4.84375,-9.0625,-13.90625,-1.625,4.689338235294118,4.8671875,79.71875,82.7421875,17,17,0.17784926470588225,-4.689338235294118,-4.8671875,0.17784926470588225,[6635],[5697],[1287],[7906],[1287],[7906],"[""Ġgenerate""]","[""Ġideas""]","[""Ġdevelop""]","[""Ġthoughts""]","[""Ġdevelop""]","[""Ġthoughts""]"
425,prolex,"The ideas and concept help to students and humanities to solve the problem, generate more knowledge","The thoughts and concept help to students and humanities to solve the problem, formulate more knowledge",generate,formulate,76,84,ideas,thoughts,4,9,-6.53125,-9.0,-15.53125,-7.53125,-8.9375,-16.46875,0.9375,-7.28125,-9.0625,-16.34375,0.8125,4.689338235294118,5.2302389705882355,79.71875,88.9140625,17,17,0.5409007352941178,-4.689338235294118,-5.2302389705882355,0.5409007352941178,[6635],[5697],[36803],[7906],[36803],[7906],"[""Ġgenerate""]","[""Ġideas""]","[""Ġformulate""]","[""Ġthoughts""]","[""Ġformulate""]","[""Ġthoughts""]"
426,prolex,"The ideas and concept help to students and humanities to solve the problem, generate more knowledge","The thoughts and concept help to students and humanities to solve the problem, originate more knowledge",generate,originate,76,84,ideas,thoughts,4,9,-6.53125,-9.0,-15.53125,-13.25,-8.9375,-22.1875,6.65625,-13.125,-9.0625,-22.1875,6.65625,4.689338235294118,5.404871323529412,79.71875,91.8828125,17,17,0.7155330882352944,-4.689338235294118,-5.404871323529412,0.7155330882352944,[6635],[5697],[35282],[7906],[35282],[7906],"[""Ġgenerate""]","[""Ġideas""]","[""Ġoriginate""]","[""Ġthoughts""]","[""Ġoriginate""]","[""Ġthoughts""]"
427,prolex,"the difference between any one who graduates from different careers is why the best and the most prepared are, those who are hired from the big companies by having more credits than the others in their same career so that is why everyone should try to prepare themselves for different things and no one ever knows what that could help us.","the difference between any one who graduates from dissimilar professions is why the best and the most prepared are, those who are hired from the big companies by having more credits than the others in their same career so that is why everyone should try to prepare themselves for different things and no one ever knows what that could help us.",careers,professions,60,67,different,dissimilar,50,59,-8.1875,-7.46875,-15.65625,-7.0625,-14.375,-21.4375,5.78125,-6.4375,-14.3125,-20.75,5.09375,4.024855090725806,4.172410534274194,249.541015625,258.689453125,62,62,0.1475554435483879,-4.024855090725806,-4.172410534274194,0.1475554435483879,[25829],[1027],[48502],[43110],[48502],[43110],"[""Ġcareers""]","[""Ġdifferent""]","[""Ġprofessions""]","[""Ġdissimilar""]","[""Ġprofessions""]","[""Ġdissimilar""]"
428,prolex,"the difference between any one who graduates from different careers is why the best and the most prepared are, those who are hired from the big companies by having more credits than the others in their same career so that is why everyone should try to prepare themselves for different things and no one ever knows what that could help us.","the difference between any one who graduates from dissimilar fields is why the best and the most prepared are, those who are hired from the big companies by having more credits than the others in their same career so that is why everyone should try to prepare themselves for different things and no one ever knows what that could help us.",careers,fields,60,67,different,dissimilar,50,59,-8.1875,-7.46875,-15.65625,-5.6875,-14.375,-20.0625,4.40625,-5.25,-14.3125,-19.5625,3.90625,4.024855090725806,4.145728326612903,249.541015625,257.03515625,62,62,0.12087323588709697,-4.024855090725806,-4.145728326612903,0.12087323588709697,[25829],[1027],[4910],[43110],[4910],[43110],"[""Ġcareers""]","[""Ġdifferent""]","[""Ġfields""]","[""Ġdissimilar""]","[""Ġfields""]","[""Ġdissimilar""]"
430,prolex,"the difference between any one who graduates from different careers is why the best and the most prepared are, those who are hired from the big companies by having more credits than the others in their same career so that is why everyone should try to prepare themselves for different things and no one ever knows what that could help us.","the difference between any one who graduates from dissimilar occupations is why the best and the most prepared are, those who are hired from the big companies by having more credits than the others in their same career so that is why everyone should try to prepare themselves for different things and no one ever knows what that could help us.",careers,occupations,60,67,different,dissimilar,50,59,-8.1875,-7.46875,-15.65625,-9.1875,-14.375,-23.5625,7.90625,-7.6875,-14.3125,-22.0,6.34375,4.024855090725806,4.172032510080645,249.541015625,258.666015625,62,62,0.14717741935483897,-4.024855090725806,-4.172032510080645,0.14717741935483897,[25829],[1027],[45517],[43110],[45517],[43110],"[""Ġcareers""]","[""Ġdifferent""]","[""Ġoccupations""]","[""Ġdissimilar""]","[""Ġoccupations""]","[""Ġdissimilar""]"
431,prolex,"In school, teachers will not actively encourage young people in a joint helping or servicing group to help and service other people.","In school, teachers will not directly encourage youthful people in a joint helping or servicing group to help and service other people.",actively,directly,29,37,young,youthful,48,53,-6.90625,-5.84375,-12.75,-5.96875,-12.75,-18.71875,5.96875,-5.96875,-12.875,-18.84375,6.09375,4.301961263020833,4.80078125,103.2470703125,115.21875,24,24,0.49881998697916696,-4.301961263020833,-4.80078125,0.49881998697916696,[15257],[2872],[3587],[44098],[3587],[44098],"[""Ġactively""]","[""Ġyoung""]","[""Ġdirectly""]","[""Ġyouthful""]","[""Ġdirectly""]","[""Ġyouthful""]"
432,prolex,"In school, teachers will not actively encourage young people in a joint helping or servicing group to help and service other people.","In school, teachers will not aggressively encourage youthful people in a joint helping or servicing group to help and service other people.",actively,aggressively,29,37,young,youthful,48,53,-6.90625,-5.84375,-12.75,-10.4375,-12.75,-23.1875,10.4375,-10.4375,-13.0625,-23.5,10.75,4.301961263020833,5.039510091145833,103.2470703125,120.9482421875,24,24,0.737548828125,-4.301961263020833,-5.039510091145833,0.737548828125,[15257],[2872],[39730],[44098],[39730],[44098],"[""Ġactively""]","[""Ġyoung""]","[""Ġaggressively""]","[""Ġyouthful""]","[""Ġaggressively""]","[""Ġyouthful""]"
434,prolex,"In this particular example, furthermore, there is another very significant aspect which can be affirmed to support my thesis: it is about the relations, in those eastern countries, between the population and the territory where they live.","In this particular instance, furthermore, there is another very significant aspect which can be affirmed to support my thesis: it is about the relations, in those eastern countries, between the inhabitants and the territory where they live.",population,inhabitants,193,203,example,instance,19,26,-5.71875,-3.203125,-8.921875,-5.84375,-3.03125,-8.875,-0.046875,-5.8125,-3.015625,-8.828125,-0.09375,3.3989955357142856,3.367280505952381,142.7578125,141.42578125,42,42,-0.031715029761904656,-3.3989955357142856,-3.367280505952381,-0.031715029761904656,[3072],[1650],[21251],[4227],[21251],[4227],"[""Ġpopulation""]","[""Ġexample""]","[""Ġinhabitants""]","[""Ġinstance""]","[""Ġinhabitants""]","[""Ġinstance""]"
435,prolex,"In this particular example, furthermore, there is another very significant aspect which can be affirmed to support my thesis: it is about the relations, in those eastern countries, between the population and the territory where they live.","In this particular instance, furthermore, there is another very significant aspect which can be affirmed to support my thesis: it is about the relations, in those eastern countries, between the people and the territory where they live.",population,people,193,203,example,instance,19,26,-5.71875,-3.203125,-8.921875,-4.40625,-3.03125,-7.4375,-1.484375,-4.4375,-3.015625,-7.453125,-1.46875,3.3989955357142856,3.3534691220238093,142.7578125,140.845703125,42,42,-0.045526413690476275,-3.3989955357142856,-3.3534691220238093,-0.045526413690476275,[3072],[1650],[952],[4227],[952],[4227],"[""Ġpopulation""]","[""Ġexample""]","[""Ġpeople""]","[""Ġinstance""]","[""Ġpeople""]","[""Ġinstance""]"
436,prolex,"In this particular example, furthermore, there is another very significant aspect which can be affirmed to support my thesis: it is about the relations, in those eastern countries, between the population and the territory where they live.","In this particular instance, furthermore, there is another very significant aspect which can be affirmed to support my thesis: it is about the relations, in those eastern countries, between the citizens and the territory where they live.",population,citizens,193,203,example,instance,19,26,-5.71875,-3.203125,-8.921875,-5.90625,-3.03125,-8.9375,0.015625,-6.0625,-3.015625,-9.078125,0.15625,3.3989955357142856,3.4171316964285716,142.7578125,143.51953125,42,42,0.01813616071428603,-3.3989955357142856,-3.4171316964285716,0.01813616071428603,[3072],[1650],[7815],[4227],[7815],[4227],"[""Ġpopulation""]","[""Ġexample""]","[""Ġcitizens""]","[""Ġinstance""]","[""Ġcitizens""]","[""Ġinstance""]"
437,prolex,"In this particular example, furthermore, there is another very significant aspect which can be affirmed to support my thesis: it is about the relations, in those eastern countries, between the population and the territory where they live.","In this particular instance, furthermore, there is another very significant aspect which can be affirmed to support my thesis: it is about the relations, in those eastern countries, between the community and the territory where they live.",population,community,193,203,example,instance,19,26,-5.71875,-3.203125,-8.921875,-7.03125,-3.03125,-10.0625,1.140625,-6.9375,-3.015625,-9.953125,1.03125,3.3989955357142856,3.462704613095238,142.7578125,145.43359375,42,42,0.06370907738095255,-3.3989955357142856,-3.462704613095238,0.06370907738095255,[3072],[1650],[3114],[4227],[3114],[4227],"[""Ġpopulation""]","[""Ġexample""]","[""Ġcommunity""]","[""Ġinstance""]","[""Ġcommunity""]","[""Ġinstance""]"
438,prolex,Here the people's living conditions are low as compared to the developed countries.,Here the people's living standards are low as compared to the developed nations.,conditions,standards,25,35,countries,nations,73,82,-1.6875,-0.400390625,-2.087890625,-1.8203125,-2.40625,-4.2265625,2.138671875,-1.8125,-2.296875,-4.109375,2.021484375,3.339076450892857,3.2548828125,46.7470703125,45.568359375,14,14,-0.0841936383928572,-3.339076450892857,-3.2548828125,-0.0841936383928572,[2515],[4343],[7465],[12390],[7465],[12390],"[""Ġconditions""]","[""Ġcountries""]","[""Ġstandards""]","[""Ġnations""]","[""Ġstandards""]","[""Ġnations""]"
439,prolex,This tendency will be enforced because the price of oil is rapidly rising.,This tendency will be enforced because the cost of oil is quickly rising.,rapidly,quickly,59,66,price,cost,43,48,-6.875,-6.0625,-12.9375,-7.5625,-6.09375,-13.65625,0.71875,-6.6875,-6.0625,-12.75,-0.1875,3.9193209134615383,4.150691105769231,50.951171875,53.958984375,13,13,0.2313701923076925,-3.9193209134615383,-4.150691105769231,0.2313701923076925,[9086],[4376],[4541],[2105],[4541],[2105],"[""Ġrapidly""]","[""Ġprice""]","[""Ġquickly""]","[""Ġcost""]","[""Ġquickly""]","[""Ġcost""]"
440,prolex,This tendency will be enforced because the price of oil is rapidly rising.,This tendency will be enforced because the cost of oil is swiftly rising.,rapidly,swiftly,59,66,price,cost,43,48,-6.875,-6.0625,-12.9375,-11.1875,-6.09375,-17.28125,4.34375,-10.5625,-6.0625,-16.625,3.6875,3.9193209134615383,4.437950721153846,50.951171875,57.693359375,13,13,0.5186298076923075,-3.9193209134615383,-4.437950721153846,0.5186298076923075,[9086],[4376],[34304],[2105],[34304],[2105],"[""Ġrapidly""]","[""Ġprice""]","[""Ġswiftly""]","[""Ġcost""]","[""Ġswiftly""]","[""Ġcost""]"
442,prolex,I also think that the people have had another familiar surroundings in which they lived and worked.,I also believe that the people have had another familiar environment in which they lived and worked.,surroundings,environment,55,67,think,believe,7,12,-10.3125,-3.328125,-13.640625,-8.125,-4.34375,-12.46875,-1.171875,-8.375,-4.34375,-12.71875,-0.921875,4.289981617647059,4.074908088235294,72.9296875,69.2734375,17,17,-0.2150735294117645,-4.289981617647059,-4.074908088235294,-0.2150735294117645,[27762],[1158],[3126],[2868],[3126],[2868],"[""Ġsurroundings""]","[""Ġthink""]","[""Ġenvironment""]","[""Ġbelieve""]","[""Ġenvironment""]","[""Ġbelieve""]"
443,prolex,I also think that the people have had another familiar surroundings in which they lived and worked.,I also believe that the people have had another familiar setting in which they lived and worked.,surroundings,setting,55,67,think,believe,7,12,-10.3125,-3.328125,-13.640625,-7.8125,-4.34375,-12.15625,-1.484375,-8.375,-4.34375,-12.71875,-0.921875,4.289981617647059,4.0661764705882355,72.9296875,69.125,17,17,-0.22380514705882337,-4.289981617647059,-4.0661764705882355,-0.22380514705882337,[27762],[1158],[4758],[2868],[4758],[2868],"[""Ġsurroundings""]","[""Ġthink""]","[""Ġsetting""]","[""Ġbelieve""]","[""Ġsetting""]","[""Ġbelieve""]"
444,prolex,I also think that the people have had another familiar surroundings in which they lived and worked.,I also believe that the people have had another familiar locale in which they lived and worked.,surroundings,locale,55,67,think,believe,7,12,-10.3125,-3.328125,-13.640625,-11.8125,-4.34375,-16.15625,2.515625,-11.875,-4.34375,-16.21875,2.578125,4.289981617647059,4.3708639705882355,72.9296875,74.3046875,17,17,0.08088235294117663,-4.289981617647059,-4.3708639705882355,0.08088235294117663,[27762],[1158],[32099],[2868],[32099],[2868],"[""Ġsurroundings""]","[""Ġthink""]","[""Ġlocale""]","[""Ġbelieve""]","[""Ġlocale""]","[""Ġbelieve""]"
446,prolex,I think that we should make a rule to decrease the use of our cars as a global standard.,I believe that we should make a rule to diminish the use of our cars as a global standard.,decrease,diminish,38,46,think,believe,2,7,-10.0,-3.15625,-13.15625,-11.6875,-5.125,-16.8125,3.65625,-10.8125,-5.09375,-15.90625,2.75,3.7046476665296053,3.7715743215460527,70.3883056640625,71.659912109375,19,19,0.06692665501644735,-3.7046476665296053,-3.7715743215460527,0.06692665501644735,[6379],[1158],[37856],[2868],[37856],[2868],"[""Ġdecrease""]","[""Ġthink""]","[""Ġdiminish""]","[""Ġbelieve""]","[""Ġdiminish""]","[""Ġbelieve""]"
447,prolex,I think that we should make a rule to decrease the use of our cars as a global standard.,I believe that we should make a rule to lower the use of our cars as a global standard.,decrease,lower,38,46,think,believe,2,7,-10.0,-3.15625,-13.15625,-8.75,-5.125,-13.875,0.71875,-8.125,-5.09375,-13.21875,0.0625,3.7046476665296053,3.7379471628289473,70.3883056640625,71.02099609375,19,19,0.033299496299342035,-3.7046476665296053,-3.7379471628289473,0.033299496299342035,[6379],[1158],[2406],[2868],[2406],[2868],"[""Ġdecrease""]","[""Ġthink""]","[""Ġlower""]","[""Ġbelieve""]","[""Ġlower""]","[""Ġbelieve""]"
448,prolex,"In conclusion, although now in many places, the number of cars is still increasing at a fast pace, I hold fast to my position that the number of cars will diminish considerably in the next twenty years, with the increase in civilised and technological methods.","In conclusion, although now in many places, the number of automobiles is still increasing at a fast pace, I cling fast to my position that the number of cars will diminish considerably in the next twenty years, with the increase in civilised and technological methods.",hold,cling,101,105,cars,automobiles,58,62,-9.5,-4.8125,-14.3125,-13.9375,-7.28125,-21.21875,6.90625,-14.0625,-7.3125,-21.375,7.0625,3.0924267578125,3.3030712890625,154.621337890625,165.153564453125,50,50,0.21064453124999982,-3.0924267578125,-3.3030712890625,0.21064453124999982,[2186],[8458],[49196],[45056],[49196],[45056],"[""Ġhold""]","[""Ġcars""]","[""Ġcling""]","[""Ġautomobiles""]","[""Ġcling""]","[""Ġautomobiles""]"
449,prolex,"In conclusion, although now in many places, the number of cars is still increasing at a fast pace, I hold fast to my position that the number of cars will diminish considerably in the next twenty years, with the increase in civilised and technological methods.","In conclusion, although now in many places, the number of automobiles is still increasing at a fast pace, I stick fast to my position that the number of cars will diminish considerably in the next twenty years, with the increase in civilised and technological methods.",hold,stick,101,105,cars,automobiles,58,62,-9.5,-4.8125,-14.3125,-10.5625,-7.28125,-17.84375,3.53125,-11.0,-7.3125,-18.3125,4.0,3.0924267578125,3.2194189453125,154.621337890625,160.970947265625,50,50,0.12699218749999996,-3.0924267578125,-3.2194189453125,0.12699218749999996,[2186],[8458],[7356],[45056],[7356],[45056],"[""Ġhold""]","[""Ġcars""]","[""Ġstick""]","[""Ġautomobiles""]","[""Ġstick""]","[""Ġautomobiles""]"
452,prolex,"Actually, young people can find so many different sports activities that can build them up where cardio work would be covert, also all the muscles of their bodies.","Actually, youthful people can find so many different athletic activities that can build them up where cardio work would be covert, also all the muscles of their bodies.",sports,athletic,50,56,young,youthful,10,15,-6.875,-9.9375,-16.8125,-11.125,-14.9375,-26.0625,9.25,-10.0625,-15.0,-25.0625,8.25,4.336588541666667,4.669010416666667,130.09765625,140.0703125,30,30,0.33242187499999964,-4.336588541666667,-4.669010416666667,0.33242187499999964,[9001],[2872],[24122],[44098],[24122],[44098],"[""Ġsports""]","[""Ġyoung""]","[""Ġathletic""]","[""Ġyouthful""]","[""Ġathletic""]","[""Ġyouthful""]"
453,prolex,"Actually, young people can find so many different sports activities that can build them up where cardio work would be covert, also all the muscles of their bodies.","Actually, youthful people can find so many different fitness activities that can build them up where cardio work would be covert, also all the muscles of their bodies.",sports,fitness,50,56,young,youthful,10,15,-6.875,-9.9375,-16.8125,-9.8125,-14.9375,-24.75,7.9375,-8.6875,-15.0,-23.6875,6.875,4.336588541666667,4.6578125,130.09765625,139.734375,30,30,0.3212239583333334,-4.336588541666667,-4.6578125,0.3212239583333334,[9001],[2872],[14601],[44098],[14601],[44098],"[""Ġsports""]","[""Ġyoung""]","[""Ġfitness""]","[""Ġyouthful""]","[""Ġfitness""]","[""Ġyouthful""]"
454,prolex,"Actually, young people can find so many different sports activities that can build them up where cardio work would be covert, also all the muscles of their bodies.","Actually, youthful people can find so many different exercise activities that can build them up where cardio work would be covert, also all the muscles of their bodies.",sports,exercise,50,56,young,youthful,10,15,-6.875,-9.9375,-16.8125,-10.375,-14.9375,-25.3125,8.5,-9.375,-15.0,-24.375,7.5625,4.336588541666667,4.704166666666667,130.09765625,141.125,30,30,0.36757812499999964,-4.336588541666667,-4.704166666666667,0.36757812499999964,[9001],[2872],[5763],[44098],[5763],[44098],"[""Ġsports""]","[""Ġyoung""]","[""Ġexercise""]","[""Ġyouthful""]","[""Ġexercise""]","[""Ġyouthful""]"
455,prolex,"Actually, young people can find so many different sports activities that can build them up where cardio work would be covert, also all the muscles of their bodies.","Actually, youthful people can find so many different physical activities that can build them up where cardio work would be covert, also all the muscles of their bodies.",sports,physical,50,56,young,youthful,10,15,-6.875,-9.9375,-16.8125,-9.4375,-14.9375,-24.375,7.5625,-9.0,-15.0,-24.0,7.1875,4.336588541666667,4.627864583333333,130.09765625,138.8359375,30,30,0.29127604166666643,-4.336588541666667,-4.627864583333333,0.29127604166666643,[9001],[2872],[3520],[44098],[3520],[44098],"[""Ġsports""]","[""Ġyoung""]","[""Ġphysical""]","[""Ġyouthful""]","[""Ġphysical""]","[""Ġyouthful""]"
456,prolex,"Actually, young people can find so many different sports activities that can build them up where cardio work would be covert, also all the muscles of their bodies.","Actually, youthful people can find so many different recreational activities that can build them up where cardio work would be covert, also all the muscles of their bodies.",sports,recreational,50,56,young,youthful,10,15,-6.875,-9.9375,-16.8125,-8.75,-14.9375,-23.6875,6.875,-9.25,-15.0,-24.25,7.4375,4.336588541666667,4.777604166666666,130.09765625,143.328125,30,30,0.44101562499999947,-4.336588541666667,-4.777604166666666,0.44101562499999947,[9001],[2872],[28977],[44098],[28977],[44098],"[""Ġsports""]","[""Ġyoung""]","[""Ġrecreational""]","[""Ġyouthful""]","[""Ġrecreational""]","[""Ġyouthful""]"
457,prolex,"for example, if the students study business at school, after they finish school.","for instance, if the students study business at university, after they finish school.",school,university,47,53,example,instance,4,11,-1.4140625,-4.3125,-5.7265625,-1.6953125,-3.4375,-5.1328125,-0.59375,-2.0,-3.25,-5.25,-0.4765625,3.5673177083333334,3.7505208333333333,53.509765625,56.2578125,15,15,0.1832031249999999,-3.5673177083333334,-3.7505208333333333,0.1832031249999999,[2143],[1650],[9835],[4227],[9835],[4227],"[""Ġschool""]","[""Ġexample""]","[""Ġuniversity""]","[""Ġinstance""]","[""Ġuniversity""]","[""Ġinstance""]"
458,prolex,"for example, if the students study business at school, after they finish school.","for instance, if the students study business at college, after they finish school.",school,college,47,53,example,instance,4,11,-1.4140625,-4.3125,-5.7265625,-2.9375,-3.4375,-6.375,0.6484375,-2.75,-3.25,-6.0,0.2734375,3.5673177083333334,3.740364583333333,53.509765625,56.10546875,15,15,0.17304687499999982,-3.5673177083333334,-3.740364583333333,0.17304687499999982,[2143],[1650],[6831],[4227],[6831],[4227],"[""Ġschool""]","[""Ġexample""]","[""Ġcollege""]","[""Ġinstance""]","[""Ġcollege""]","[""Ġinstance""]"
459,prolex,And I will also continue to try new things.,And I will likewise proceed to try new things.,continue,proceed,16,24,also,likewise,11,15,-5.6875,-3.59375,-9.28125,-9.25,-8.75,-18.0,8.71875,-7.625,-8.75,-16.375,7.09375,3.201171875,4.483072916666667,28.810546875,40.34765625,9,9,1.281901041666667,-3.201171875,-4.483072916666667,1.281901041666667,[4035],[671],[4262],[21223],[4262],[21223],"[""Ġcontinue""]","[""Ġalso""]","[""Ġproceed""]","[""Ġlikewise""]","[""Ġproceed""]","[""Ġlikewise""]"
465,prolex,"You can hardly tell whether the concepts and the ideals are true or false,because everyone had his or her own observations.","You can hardly say whether the concepts and the values are true or false,because everyone had his or her own observations.",ideals,values,49,55,tell,say,15,19,-7.6875,-3.578125,-11.265625,-5.875,-4.3125,-10.1875,-1.078125,-5.40625,-4.3125,-9.71875,-1.546875,3.894759468410326,3.836797299592391,89.5794677734375,88.246337890625,23,23,-0.057962168817935034,-3.894759468410326,-3.836797299592391,-0.057962168817935034,[26784],[2028],[2193],[1333],[2193],[1333],"[""Ġideals""]","[""Ġtell""]","[""Ġvalues""]","[""Ġsay""]","[""Ġvalues""]","[""Ġsay""]"
466,prolex,"You can hardly tell whether the concepts and the ideals are true or false,because everyone had his or her own observations.","You can hardly say whether the concepts and the principles are true or false,because everyone had his or her own observations.",ideals,principles,49,55,tell,say,15,19,-7.6875,-3.578125,-11.265625,-5.1875,-4.3125,-9.5,-1.765625,-4.53125,-4.3125,-8.84375,-2.421875,3.894759468410326,3.7313657014266304,89.5794677734375,85.8214111328125,23,23,-0.1633937669836958,-3.894759468410326,-3.7313657014266304,-0.1633937669836958,[26784],[2028],[9241],[1333],[9241],[1333],"[""Ġideals""]","[""Ġtell""]","[""Ġprinciples""]","[""Ġsay""]","[""Ġprinciples""]","[""Ġsay""]"
467,prolex,"You can hardly tell whether the concepts and the ideals are true or false,because everyone had his or her own observations.","You can hardly say whether the concepts and the beliefs are true or false,because everyone had his or her own observations.",ideals,beliefs,49,55,tell,say,15,19,-7.6875,-3.578125,-11.265625,-7.6875,-4.3125,-12.0,0.734375,-7.59375,-4.3125,-11.90625,0.640625,3.894759468410326,3.800537109375,89.5794677734375,87.412353515625,23,23,-0.09422235903532616,-3.894759468410326,-3.800537109375,-0.09422235903532616,[26784],[2028],[13379],[1333],[13379],[1333],"[""Ġideals""]","[""Ġtell""]","[""Ġbeliefs""]","[""Ġsay""]","[""Ġbeliefs""]","[""Ġsay""]"
468,prolex,"You can hardly tell whether the concepts and the ideals are true or false,because everyone had his or her own observations.","You can hardly say whether the concepts and the standards are true or false,because everyone had his or her own observations.",ideals,standards,49,55,tell,say,15,19,-7.6875,-3.578125,-11.265625,-8.0,-4.3125,-12.3125,1.046875,-7.34375,-4.3125,-11.65625,0.390625,3.894759468410326,3.960953422214674,89.5794677734375,91.1019287109375,23,23,0.06619395380434767,-3.894759468410326,-3.960953422214674,0.06619395380434767,[26784],[2028],[7465],[1333],[7465],[1333],"[""Ġideals""]","[""Ġtell""]","[""Ġstandards""]","[""Ġsay""]","[""Ġstandards""]","[""Ġsay""]"
469,prolex,"because, doing so prevents them developing their knowledge and finding more rational facts.","because, performing so prevents them developing their knowledge and finding more logical facts.",rational,logical,76,84,doing,performing,9,14,-7.75,-10.3125,-18.0625,-6.4375,-15.1875,-21.625,3.5625,-7.1875,-15.1875,-22.375,4.3125,5.356863839285714,6.024274553571429,74.99609375,84.33984375,14,14,0.6674107142857144,-5.356863839285714,-6.024274553571429,0.6674107142857144,[8870],[2509],[13760],[9591],[13760],[9591],"[""Ġrational""]","[""Ġdoing""]","[""Ġlogical""]","[""Ġperforming""]","[""Ġlogical""]","[""Ġperforming""]"
470,prolex,"because, doing so prevents them developing their knowledge and finding more rational facts.","because, performing so prevents them developing their knowledge and finding more sensible facts.",rational,sensible,76,84,doing,performing,9,14,-7.75,-10.3125,-18.0625,-8.3125,-15.1875,-23.5,5.4375,-7.125,-15.1875,-22.3125,4.25,5.356863839285714,6.059151785714286,74.99609375,84.828125,14,14,0.7022879464285712,-5.356863839285714,-6.059151785714286,0.7022879464285712,[8870],[2509],[24600],[9591],[24600],[9591],"[""Ġrational""]","[""Ġdoing""]","[""Ġsensible""]","[""Ġperforming""]","[""Ġsensible""]","[""Ġperforming""]"
471,prolex,"because, doing so prevents them developing their knowledge and finding more rational facts.","because, performing so prevents them developing their knowledge and finding more reasonable facts.",rational,reasonable,76,84,doing,performing,9,14,-7.75,-10.3125,-18.0625,-7.4375,-15.1875,-22.625,4.5625,-7.8125,-15.1875,-23.0,4.9375,5.356863839285714,6.092912946428571,74.99609375,85.30078125,14,14,0.7360491071428568,-5.356863839285714,-6.092912946428571,0.7360491071428568,[8870],[2509],[5272],[9591],[5272],[9591],"[""Ġrational""]","[""Ġdoing""]","[""Ġreasonable""]","[""Ġperforming""]","[""Ġreasonable""]","[""Ġperforming""]"
472,prolex,"because, doing so prevents them developing their knowledge and finding more rational facts.","because, performing so prevents them developing their knowledge and finding more coherent facts.",rational,coherent,76,84,doing,performing,9,14,-7.75,-10.3125,-18.0625,-8.875,-15.1875,-24.0625,6.0,-9.8125,-15.1875,-25.0,6.9375,5.356863839285714,6.271205357142857,74.99609375,87.796875,14,14,0.9143415178571423,-5.356863839285714,-6.271205357142857,0.9143415178571423,[8870],[2509],[18893],[9591],[18893],[9591],"[""Ġrational""]","[""Ġdoing""]","[""Ġcoherent""]","[""Ġperforming""]","[""Ġcoherent""]","[""Ġperforming""]"
473,prolex,I agree with this idea that changing new things and not caring about fault.,I agree with this thought that changing new things and not caring about mistake.,fault,mistake,69,74,idea,thought,18,22,-11.9375,-5.625,-17.5625,-12.125,-6.5625,-18.6875,1.125,-11.75,-6.625,-18.375,0.8125,4.926339285714286,5.046037946428571,68.96875,70.64453125,14,14,0.11969866071428559,-4.926339285714286,-5.046037946428571,0.11969866071428559,[9331],[2934],[10551],[1869],[10551],[1869],"[""Ġfault""]","[""Ġidea""]","[""Ġmistake""]","[""Ġthought""]","[""Ġmistake""]","[""Ġthought""]"
474,prolex,I agree with this idea that changing new things and not caring about fault.,I agree with this thought that changing new things and not caring about error.,fault,error,69,74,idea,thought,18,22,-11.9375,-5.625,-17.5625,-10.8125,-6.5625,-17.375,-0.1875,-11.375,-6.625,-18.0,0.4375,4.926339285714286,5.008091517857143,68.96875,70.11328125,14,14,0.08175223214285765,-4.926339285714286,-5.008091517857143,0.08175223214285765,[9331],[2934],[2228],[1869],[2228],[1869],"[""Ġfault""]","[""Ġidea""]","[""Ġerror""]","[""Ġthought""]","[""Ġerror""]","[""Ġthought""]"
476,prolex,"In conclusion, both understanding ideas and concepts and learning facts are critical in learning.","In conclusion, both understanding thoughts and concepts and learning facts are essential in learning.",critical,essential,76,84,ideas,thoughts,34,39,-4.40625,-10.5,-14.90625,-2.796875,-10.5,-13.296875,-1.609375,-2.875,-10.5,-13.375,-1.53125,4.064290364583333,4.034602864583333,60.96435546875,60.51904296875,15,15,-0.029687499999999645,-4.064290364583333,-4.034602864583333,-0.029687499999999645,[4619],[5697],[5667],[7906],[5667],[7906],"[""Ġcritical""]","[""Ġideas""]","[""Ġessential""]","[""Ġthoughts""]","[""Ġessential""]","[""Ġthoughts""]"
477,prolex,"In conclusion, both understanding ideas and concepts and learning facts are critical in learning.","In conclusion, both understanding thoughts and concepts and learning facts are vital in learning.",critical,vital,76,84,ideas,thoughts,34,39,-4.40625,-10.5,-14.90625,-4.15625,-10.5,-14.65625,-0.25,-4.25,-10.5,-14.75,-0.15625,4.064290364583333,4.147102864583333,60.96435546875,62.20654296875,15,15,0.08281250000000018,-4.064290364583333,-4.147102864583333,0.08281250000000018,[4619],[5697],[12232],[7906],[12232],[7906],"[""Ġcritical""]","[""Ġideas""]","[""Ġvital""]","[""Ġthoughts""]","[""Ġvital""]","[""Ġthoughts""]"
478,prolex,"In conclusion, both understanding ideas and concepts and learning facts are critical in learning.","In conclusion, both understanding thoughts and concepts and learning facts are crucial in learning.",critical,crucial,76,84,ideas,thoughts,34,39,-4.40625,-10.5,-14.90625,-3.921875,-10.5,-14.421875,-0.484375,-4.125,-10.5,-14.625,-0.28125,4.064290364583333,4.114290364583334,60.96435546875,61.71435546875,15,15,0.05000000000000071,-4.064290364583333,-4.114290364583334,0.05000000000000071,[4619],[5697],[9560],[7906],[9560],[7906],"[""Ġcritical""]","[""Ġideas""]","[""Ġcrucial""]","[""Ġthoughts""]","[""Ġcrucial""]","[""Ġthoughts""]"
479,prolex,"In conclusion, both understanding ideas and concepts and learning facts are critical in learning.","In conclusion, both understanding thoughts and concepts and learning facts are imperative in learning.",critical,imperative,76,84,ideas,thoughts,34,39,-4.40625,-10.5,-14.90625,-6.71875,-10.5,-17.21875,2.3125,-6.6875,-10.5,-17.1875,2.28125,4.064290364583333,4.306998697916667,60.96435546875,64.60498046875,15,15,0.24270833333333375,-4.064290364583333,-4.306998697916667,0.24270833333333375,[4619],[5697],[30048],[7906],[30048],[7906],"[""Ġcritical""]","[""Ġideas""]","[""Ġimperative""]","[""Ġthoughts""]","[""Ġimperative""]","[""Ġthoughts""]"
480,prolex,"In conclusion, both understanding ideas and concepts and learning facts are critical in learning.","In conclusion, both understanding thoughts and concepts and learning facts are important in learning.",critical,important,76,84,ideas,thoughts,34,39,-4.40625,-10.5,-14.90625,-1.171875,-10.5,-11.671875,-3.234375,-1.125,-10.5,-11.625,-3.28125,4.064290364583333,3.881477864583333,60.96435546875,58.22216796875,15,15,-0.18281249999999982,-4.064290364583333,-3.881477864583333,-0.18281249999999982,[4619],[5697],[1774],[7906],[1774],[7906],"[""Ġcritical""]","[""Ġideas""]","[""Ġimportant""]","[""Ġthoughts""]","[""Ġimportant""]","[""Ġthoughts""]"
482,prolex,"For others is more likely the approach of trying just to understand the concept without reviewing or analysing the facts, making it very difficult to get a full understanding of the concept and even making it very difficult to apply it in real situations.","For others is more likely the approach of attempting just to understand the concept without examining or analysing the facts, making it very difficult to get a full understanding of the concept and even making it very difficult to apply it in real situations.",reviewing,examining,88,97,trying,attempting,42,48,-9.25,-5.40625,-14.65625,-7.0625,-7.40625,-14.46875,-0.1875,-6.625,-7.40625,-14.03125,-0.625,3.182005840799083,3.132449025693147,146.3722686767578,144.09265518188477,46,46,-0.049556815105936014,-3.182005840799083,-3.132449025693147,-0.049556815105936014,[16725],[2820],[17565],[13756],[17565],[13756],"[""Ġreviewing""]","[""Ġtrying""]","[""Ġexamining""]","[""Ġattempting""]","[""Ġexamining""]","[""Ġattempting""]"
483,prolex,"For others is more likely the approach of trying just to understand the concept without reviewing or analysing the facts, making it very difficult to get a full understanding of the concept and even making it very difficult to apply it in real situations.","For others is more likely the approach of attempting just to understand the concept without assessing or analysing the facts, making it very difficult to get a full understanding of the concept and even making it very difficult to apply it in real situations.",reviewing,assessing,88,97,trying,attempting,42,48,-9.25,-5.40625,-14.65625,-7.75,-7.40625,-15.15625,0.5,-7.4375,-7.40625,-14.84375,0.1875,3.182005840799083,3.1672712408978008,146.3722686767578,145.69447708129883,46,46,-0.01473459990128223,-3.182005840799083,-3.1672712408978008,-0.01473459990128223,[16725],[2820],[18005],[13756],[18005],[13756],"[""Ġreviewing""]","[""Ġtrying""]","[""Ġassessing""]","[""Ġattempting""]","[""Ġassessing""]","[""Ġattempting""]"
484,prolex,"For others is more likely the approach of trying just to understand the concept without reviewing or analysing the facts, making it very difficult to get a full understanding of the concept and even making it very difficult to apply it in real situations.","For others is more likely the approach of attempting just to understand the concept without evaluating or analysing the facts, making it very difficult to get a full understanding of the concept and even making it very difficult to apply it in real situations.",reviewing,evaluating,88,97,trying,attempting,42,48,-9.25,-5.40625,-14.65625,-6.1875,-7.40625,-13.59375,-1.0625,-6.0,-7.40625,-13.40625,-1.25,3.182005840799083,3.123039660246476,146.3722686767578,143.6598243713379,46,46,-0.05896618055260694,-3.182005840799083,-3.123039660246476,-0.05896618055260694,[16725],[2820],[16344],[13756],[16344],[13756],"[""Ġreviewing""]","[""Ġtrying""]","[""Ġevaluating""]","[""Ġattempting""]","[""Ġevaluating""]","[""Ġattempting""]"
486,prolex,"For others is more likely the approach of trying just to understand the concept without reviewing or analysing the facts, making it very difficult to get a full understanding of the concept and even making it very difficult to apply it in real situations.","For others is more likely the approach of attempting just to understand the concept without studying or analysing the facts, making it very difficult to get a full understanding of the concept and even making it very difficult to apply it in real situations.",reviewing,studying,88,97,trying,attempting,42,48,-9.25,-5.40625,-14.65625,-7.4375,-7.40625,-14.84375,0.1875,-7.1875,-7.40625,-14.59375,-0.0625,3.182005840799083,3.1269335539444634,146.3722686767578,143.8389434814453,46,46,-0.05507228685461962,-3.182005840799083,-3.1269335539444634,-0.05507228685461962,[16725],[2820],[12392],[13756],[12392],[13756],"[""Ġreviewing""]","[""Ġtrying""]","[""Ġstudying""]","[""Ġattempting""]","[""Ġstudying""]","[""Ġattempting""]"
487,prolex,"not belong to you , can you imagine a boss will fire a good helper that he can help do verything?","not belong to you , can you imagine a boss will dismiss a good helper that he can assist do verything?",fire,dismiss,48,52,help,assist,79,83,-5.9375,-6.0,-11.9375,-8.1875,-9.875,-18.0625,6.125,-8.25,-9.0625,-17.3125,5.375,5.228604403409091,5.4430930397727275,115.029296875,119.748046875,22,22,0.2144886363636367,-5.228604403409091,-5.4430930397727275,0.2144886363636367,[3289],[1361],[5597],[10073],[5597],[10073],"[""Ġfire""]","[""Ġhelp""]","[""Ġdismiss""]","[""Ġassist""]","[""Ġdismiss""]","[""Ġassist""]"
488,prolex,"not belong to you , can you imagine a boss will fire a good helper that he can help do verything?","not belong to you , can you imagine a boss will sack a good helper that he can assist do verything?",fire,sack,48,52,help,assist,79,83,-5.9375,-6.0,-11.9375,-8.625,-9.875,-18.5,6.5625,-8.625,-10.0625,-18.6875,6.75,5.228604403409091,5.564541903409091,115.029296875,122.419921875,22,22,0.3359375,-5.228604403409091,-5.564541903409091,0.3359375,[3289],[1361],[34707],[10073],[34707],[10073],"[""Ġfire""]","[""Ġhelp""]","[""Ġsack""]","[""Ġassist""]","[""Ġsack""]","[""Ġassist""]"
489,prolex,"not belong to you , can you imagine a boss will fire a good helper that he can help do verything?","not belong to you , can you imagine a boss will terminate a good helper that he can assist do verything?",fire,terminate,48,52,help,assist,79,83,-5.9375,-6.0,-11.9375,-9.5,-9.875,-19.375,7.4375,-9.5,-8.9375,-18.4375,6.5,5.228604403409091,5.586558948863637,115.029296875,122.904296875,22,22,0.35795454545454586,-5.228604403409091,-5.586558948863637,0.35795454545454586,[3289],[1361],[24174],[10073],[24174],[10073],"[""Ġfire""]","[""Ġhelp""]","[""Ġterminate""]","[""Ġassist""]","[""Ġterminate""]","[""Ġassist""]"
490,prolex,"So when we think about making an advertisement, we must think about our budget, the field of our product and our sources for reserving customer demand.","So when we think about making an ad, we must think about our budget, the field of our product and our sources for reserving customer interest.",demand,interest,144,150,advertisement,ad,33,46,-5.84375,-7.65625,-13.5,-4.90625,-6.59375,-11.5,-2.0,-5.125,-6.65625,-11.78125,-1.71875,3.6353465113146552,3.721856478987069,105.425048828125,107.933837890625,29,29,0.0865099676724137,-3.6353465113146552,-3.721856478987069,0.0865099676724137,[4831],[28064],[1600],[519],[1600],[519],"[""Ġdemand""]","[""Ġadvertisement""]","[""Ġinterest""]","[""Ġad""]","[""Ġinterest""]","[""Ġad""]"
491,prolex,"So when we think about making an advertisement, we must think about our budget, the field of our product and our sources for reserving customer demand.","So when we think about making an ad, we must think about our budget, the field of our product and our sources for reserving customer need.",demand,need,144,150,advertisement,ad,33,46,-5.84375,-7.65625,-13.5,-7.40625,-6.59375,-14.0,0.5,-7.1875,-6.65625,-13.84375,0.34375,3.6353465113146552,3.7995100350215516,105.425048828125,110.185791015625,29,29,0.16416352370689635,-3.6353465113146552,-3.7995100350215516,0.16416352370689635,[4831],[28064],[878],[519],[878],[519],"[""Ġdemand""]","[""Ġadvertisement""]","[""Ġneed""]","[""Ġad""]","[""Ġneed""]","[""Ġad""]"
492,prolex,"So when we think about making an advertisement, we must think about our budget, the field of our product and our sources for reserving customer demand.","So when we think about making an ad, we must think about our budget, the field of our product and our sources for reserving customer desire.",demand,desire,144,150,advertisement,ad,33,46,-5.84375,-7.65625,-13.5,-9.1875,-6.59375,-15.78125,2.28125,-9.0,-6.65625,-15.65625,2.15625,3.6353465113146552,3.860595703125,105.425048828125,111.957275390625,29,29,0.22524919181034475,-3.6353465113146552,-3.860595703125,0.22524919181034475,[4831],[28064],[8327],[519],[8327],[519],"[""Ġdemand""]","[""Ġadvertisement""]","[""Ġdesire""]","[""Ġad""]","[""Ġdesire""]","[""Ġad""]"
493,prolex,The student cannot understand or develop the idea of changing the state of the water.,The pupil cannot understand or develop the idea of changing the condition of the water.,state,condition,66,71,student,pupil,4,11,-4.46875,-8.1875,-12.65625,-5.96875,-11.125,-17.09375,4.4375,-5.90625,-11.25,-17.15625,4.5,3.9721354166666667,4.269270833333334,59.58203125,64.0390625,15,15,0.2971354166666669,-3.9721354166666667,-4.269270833333334,0.2971354166666669,[1375],[5974],[1617],[35048],[1617],[35048],"[""Ġstate""]","[""Ġstudent""]","[""Ġcondition""]","[""Ġpupil""]","[""Ġcondition""]","[""Ġpupil""]"
494,prolex,"I think that companies or manufacturers are required to research the benefits of the products, even though they seemed much better.","I believe that companies or producers are required to research the benefits of the products, even though they seemed much better.",manufacturers,producers,26,39,think,believe,2,7,-5.90625,-3.15625,-9.0625,-6.90625,-5.125,-12.03125,2.96875,-7.625,-5.09375,-12.71875,3.65625,4.0246360085227275,4.064053622159091,88.5419921875,89.4091796875,22,22,0.03941761363636331,-4.0246360085227275,-4.064053622159091,0.03941761363636331,[16596],[1158],[18014],[2868],[18014],[2868],"[""Ġmanufacturers""]","[""Ġthink""]","[""Ġproducers""]","[""Ġbelieve""]","[""Ġproducers""]","[""Ġbelieve""]"
495,prolex,"When somebody spends a lot of power, time and effort, somebody becomes the rich guy.","When someone spends a lot of power, time and effort, somebody becomes the wealthy guy.",rich,wealthy,75,79,somebody,someone,5,13,-8.25,-8.1875,-16.4375,-9.3125,-5.53125,-14.84375,-1.59375,-9.5625,-5.53125,-15.09375,-1.34375,3.7705365349264706,3.9292853860294117,64.09912109375,66.7978515625,17,17,0.15874885110294112,-3.7705365349264706,-3.9292853860294117,0.15874885110294112,[6793],[11853],[20193],[3095],[20193],[3095],"[""Ġrich""]","[""Ġsomebody""]","[""Ġwealthy""]","[""Ġsomeone""]","[""Ġwealthy""]","[""Ġsomeone""]"
502,prolex,"So, young people seem to think that issue more exciting and enjoyable because they have not done it yet.","So, youthful people seem to think that issue more exciting and fun because they have not done it yet.",enjoyable,fun,60,69,young,youthful,4,9,-6.21875,-9.4375,-15.65625,-4.09375,-14.5,-18.59375,2.9375,-3.734375,-14.5,-18.234375,2.578125,3.978466796875,4.0568359375,79.5693359375,81.13671875,20,20,0.078369140625,-3.978466796875,-4.0568359375,0.078369140625,[30357],[2872],[794],[44098],[794],[44098],"[""Ġenjoyable""]","[""Ġyoung""]","[""Ġfun""]","[""Ġyouthful""]","[""Ġfun""]","[""Ġyouthful""]"
503,prolex,"So, young people seem to think that issue more exciting and enjoyable because they have not done it yet.","So, youthful people seem to think that issue more exciting and entertaining because they have not done it yet.",enjoyable,entertaining,60,69,young,youthful,4,9,-6.21875,-9.4375,-15.65625,-5.84375,-14.5,-20.34375,4.6875,-5.15625,-14.5,-19.65625,4.0,3.978466796875,4.16435546875,79.5693359375,83.287109375,20,20,0.18588867187500036,-3.978466796875,-4.16435546875,0.18588867187500036,[30357],[2872],[25945],[44098],[25945],[44098],"[""Ġenjoyable""]","[""Ġyoung""]","[""Ġentertaining""]","[""Ġyouthful""]","[""Ġentertaining""]","[""Ġyouthful""]"
504,prolex,"So, young people seem to think that issue more exciting and enjoyable because they have not done it yet.","So, youthful people seem to think that issue more exciting and amusing because they have not done it yet.",enjoyable,amusing,60,69,young,youthful,4,9,-6.21875,-9.4375,-15.65625,-7.96875,-14.5,-22.46875,6.8125,-6.46875,-14.5,-20.96875,5.3125,3.978466796875,4.2076171875,79.5693359375,84.15234375,20,20,0.22915039062500053,-3.978466796875,-4.2076171875,0.22915039062500053,[30357],[2872],[38420],[44098],[38420],[44098],"[""Ġenjoyable""]","[""Ġyoung""]","[""Ġamusing""]","[""Ġyouthful""]","[""Ġamusing""]","[""Ġyouthful""]"
507,prolex,The owner wants to earn money and the advertisements are always decorated and exaggerated.,The owner wants to earn money and the ads are always enhanced and exaggerated.,decorated,enhanced,64,73,advertisements,ads,38,52,-13.0,-10.1875,-23.1875,-10.0625,-8.875,-18.9375,-4.25,-10.5625,-8.8125,-19.375,-3.8125,5.057477678571429,4.744977678571429,70.8046875,66.4296875,14,14,-0.3125,-5.057477678571429,-4.744977678571429,-0.3125,[25701],[32933],[8655],[16557],[8655],[16557],"[""Ġdecorated""]","[""Ġadvertisements""]","[""Ġenhanced""]","[""Ġads""]","[""Ġenhanced""]","[""Ġads""]"
508,prolex,"In that case, I think it is better to ask someone who knows about the place a lot to guide us to avoid a dangerous situation.","In that case, I believe it is better to ask someone who knows about the place a lot to guide us to avoid a hazardous situation.",dangerous,hazardous,105,114,think,believe,16,21,-5.25,-2.65625,-7.90625,-9.375,-4.53125,-13.90625,6.0,-9.25,-4.59375,-13.84375,5.9375,2.716435185185185,2.9620949074074074,73.34375,79.9765625,27,27,0.24565972222222232,-2.716435185185185,-2.9620949074074074,0.24565972222222232,[8312],[1158],[30561],[2868],[30561],[2868],"[""Ġdangerous""]","[""Ġthink""]","[""Ġhazardous""]","[""Ġbelieve""]","[""Ġhazardous""]","[""Ġbelieve""]"
510,prolex,"In that case, I think it is better to ask someone who knows about the place a lot to guide us to avoid a dangerous situation.","In that case, I believe it is better to ask someone who knows about the place a lot to guide us to avoid a risky situation.",dangerous,risky,105,114,think,believe,16,21,-5.25,-2.65625,-7.90625,-7.34375,-4.53125,-11.875,3.96875,-7.21875,-4.59375,-11.8125,3.90625,2.716435185185185,2.896990740740741,73.34375,78.21875,27,27,0.1805555555555558,-2.716435185185185,-2.896990740740741,0.1805555555555558,[8312],[1158],[29198],[2868],[29198],[2868],"[""Ġdangerous""]","[""Ġthink""]","[""Ġrisky""]","[""Ġbelieve""]","[""Ġrisky""]","[""Ġbelieve""]"
511,prolex,"In that case, I think it is better to ask someone who knows about the place a lot to guide us to avoid a dangerous situation.","In that case, I believe it is better to ask someone who knows about the place a lot to guide us to avoid a threatening situation.",dangerous,threatening,105,114,think,believe,16,21,-5.25,-2.65625,-7.90625,-13.0625,-4.53125,-17.59375,9.6875,-13.0,-4.59375,-17.59375,9.6875,2.716435185185185,3.089337384259259,73.34375,83.412109375,27,27,0.37290219907407396,-2.716435185185185,-3.089337384259259,0.37290219907407396,[8312],[1158],[18844],[2868],[18844],[2868],"[""Ġdangerous""]","[""Ġthink""]","[""Ġthreatening""]","[""Ġbelieve""]","[""Ġthreatening""]","[""Ġbelieve""]"
512,prolex,The result of this activity affects the atmosphere a lot.,The outcome of this activity influences the atmosphere a lot.,affects,influences,28,35,result,outcome,4,10,-8.625,-7.25,-15.875,-9.25,-9.1875,-18.4375,2.5625,-7.6875,-9.25,-16.9375,1.0625,3.99375,4.309765625,39.9375,43.09765625,10,10,0.3160156249999999,-3.99375,-4.309765625,0.3160156249999999,[11852],[906],[16178],[6454],[16178],[6454],"[""Ġaffects""]","[""Ġresult""]","[""Ġinfluences""]","[""Ġoutcome""]","[""Ġinfluences""]","[""Ġoutcome""]"
513,prolex,The result of this activity affects the atmosphere a lot.,The outcome of this activity impacts the atmosphere a lot.,affects,impacts,28,35,result,outcome,4,10,-8.625,-7.25,-15.875,-9.5,-9.1875,-18.6875,2.8125,-7.9375,-9.25,-17.1875,1.3125,3.99375,4.318359375,39.9375,43.18359375,10,10,0.3246093750000001,-3.99375,-4.318359375,0.3246093750000001,[11852],[906],[16274],[6454],[16274],[6454],"[""Ġaffects""]","[""Ġresult""]","[""Ġimpacts""]","[""Ġoutcome""]","[""Ġimpacts""]","[""Ġoutcome""]"
514,prolex,The result of this activity affects the atmosphere a lot.,The outcome of this activity changes the atmosphere a lot.,affects,changes,28,35,result,outcome,4,10,-8.625,-7.25,-15.875,-8.375,-9.1875,-17.5625,1.6875,-8.0625,-9.25,-17.3125,1.4375,3.99375,4.437109375,39.9375,44.37109375,10,10,0.44335937500000044,-3.99375,-4.437109375,0.44335937500000044,[11852],[906],[2544],[6454],[2544],[6454],"[""Ġaffects""]","[""Ġresult""]","[""Ġchanges""]","[""Ġoutcome""]","[""Ġchanges""]","[""Ġoutcome""]"
516,prolex,"I would explain with an example,when i am doing my first semester of my undergraduate studies i usually do my assignments with out understanding them and with out any clear idea about the topic given. i used to submit my assignments in this way only . when","I would explain with an instance,when i am doing my first semester of my undergraduate studies i usually do my homework with out understanding them and with out any clear idea about the topic given. i used to submit my assignments in this way only . when",assignments,homework,110,121,example,instance,24,31,-2.265625,-0.33984375,-2.60546875,-2.765625,-6.15625,-8.921875,6.31640625,-2.46875,-6.15625,-8.625,6.01953125,3.414206991390306,3.653943120216837,167.296142578125,179.043212890625,49,49,0.23973612882653095,-3.414206991390306,-3.653943120216837,0.23973612882653095,[23768],[1650],[32110],[4227],[32110],[4227],"[""Ġassignments""]","[""Ġexample""]","[""Ġhomework""]","[""Ġinstance""]","[""Ġhomework""]","[""Ġinstance""]"
517,prolex,and you dont have to spend time trying to prove if a thing works right or wrong . One of the major reasons developed countries teach facts,and you dont have to spend time attempting to demonstrate if a thing works right or wrong . One of the major reasons developed countries teach facts,prove,demonstrate,42,47,trying,attempting,32,38,-7.4375,-3.9375,-11.375,-10.8125,-7.84375,-18.65625,7.28125,-9.625,-7.875,-17.5,6.125,4.277813251201923,4.6385028545673075,111.22314453125,120.60107421875,26,26,0.36068960336538414,-4.277813251201923,-4.6385028545673075,0.36068960336538414,[5276],[2820],[7568],[13756],[7568],[13756],"[""Ġprove""]","[""Ġtrying""]","[""Ġdemonstrate""]","[""Ġattempting""]","[""Ġdemonstrate""]","[""Ġattempting""]"
518,prolex,and you dont have to spend time trying to prove if a thing works right or wrong . One of the major reasons developed countries teach facts,and you dont have to spend time attempting to confirm if a thing works right or wrong . One of the major reasons developed countries teach facts,prove,confirm,42,47,trying,attempting,32,38,-7.4375,-3.9375,-11.375,-8.25,-7.84375,-16.09375,4.71875,-8.0,-7.875,-15.875,4.5,4.277813251201923,4.7010028545673075,111.22314453125,122.22607421875,26,26,0.42318960336538414,-4.277813251201923,-4.7010028545673075,0.42318960336538414,[5276],[2820],[6583],[13756],[6583],[13756],"[""Ġprove""]","[""Ġtrying""]","[""Ġconfirm""]","[""Ġattempting""]","[""Ġconfirm""]","[""Ġattempting""]"
519,prolex,and you dont have to spend time trying to prove if a thing works right or wrong . One of the major reasons developed countries teach facts,and you dont have to spend time attempting to validate if a thing works right or wrong . One of the major reasons developed countries teach facts,prove,validate,42,47,trying,attempting,32,38,-7.4375,-3.9375,-11.375,-8.9375,-7.84375,-16.78125,5.40625,-8.8125,-7.875,-16.6875,5.3125,4.277813251201923,4.611083984375,111.22314453125,119.88818359375,26,26,0.33327073317307665,-4.277813251201923,-4.611083984375,0.33327073317307665,[5276],[2820],[17813],[13756],[17813],[13756],"[""Ġprove""]","[""Ġtrying""]","[""Ġvalidate""]","[""Ġattempting""]","[""Ġvalidate""]","[""Ġattempting""]"
520,prolex,"For example, a company sold 100000 units of a product with some fake advertisement, but by the time their next product the public get clever and even if it is a great product they will not buy it and that is way more important than 100000 sales of the previous item.","For instance, a company sold 100000 units of a product with some fraudulent advertisement, but by the time their next product the public get clever and even if it is a great product they will not buy it and that is way more important than 100000 sales of the previous item.",fake,fraudulent,64,68,example,instance,4,11,-8.625,-3.703125,-12.328125,-11.0,-3.671875,-14.671875,2.34375,-10.75,-3.765625,-14.515625,2.1875,3.6410119398584904,3.6668447818396226,192.9736328125,194.3427734375,53,53,0.025832841981132226,-3.6410119398584904,-3.6668447818396226,0.025832841981132226,[15223],[1650],[25447],[4227],[25447],[4227],"[""Ġfake""]","[""Ġexample""]","[""Ġfraudulent""]","[""Ġinstance""]","[""Ġfraudulent""]","[""Ġinstance""]"
522,prolex,"For example, a company sold 100000 units of a product with some fake advertisement, but by the time their next product the public get clever and even if it is a great product they will not buy it and that is way more important than 100000 sales of the previous item.","For instance, a company sold 100000 units of a product with some FALSE advertisement, but by the time their next product the public get clever and even if it is a great product they will not buy it and that is way more important than 100000 sales of the previous item.",fake,FALSE,64,68,example,instance,4,11,-8.625,-3.703125,-12.328125,-14.25,-3.671875,-17.921875,5.59375,-14.1875,-3.765625,-17.953125,5.625,3.6410119398584904,3.7482864091981134,192.9736328125,198.6591796875,53,53,0.10727446933962304,-3.6410119398584904,-3.7482864091981134,0.10727446933962304,[15223],[1650],[26194],[4227],[26194],[4227],"[""Ġfake""]","[""Ġexample""]","[""ĠFALSE""]","[""Ġinstance""]","[""ĠFALSE""]","[""Ġinstance""]"
523,prolex,"In my experience, i worked for a company, and i saw how important it is to buy products.","In my experience, i worked for a company, and i saw how significant it is to purchase products.",buy,purchase,75,78,important,significant,56,65,-7.0,-5.59375,-12.59375,-9.5,-10.75,-20.25,7.65625,-8.5,-10.75,-19.25,6.65625,3.27333984375,3.67578125,65.466796875,73.515625,20,20,0.4024414062499999,-3.27333984375,-3.67578125,0.4024414062499999,[4489],[1774],[7471],[1534],[7471],[1534],"[""Ġbuy""]","[""Ġimportant""]","[""Ġpurchase""]","[""Ġsignificant""]","[""Ġpurchase""]","[""Ġsignificant""]"
524,prolex,"In my experience, i worked for a company, and i saw how important it is to buy products.","In my experience, i worked for a company, and i saw how significant it is to acquire products.",buy,acquire,75,78,important,significant,56,65,-7.0,-5.59375,-12.59375,-8.3125,-10.75,-19.0625,6.46875,-7.5,-10.75,-18.25,5.65625,3.27333984375,3.72265625,65.466796875,74.453125,20,20,0.4493164062499999,-3.27333984375,-3.72265625,0.4493164062499999,[4489],[1774],[16270],[1534],[16270],[1534],"[""Ġbuy""]","[""Ġimportant""]","[""Ġacquire""]","[""Ġsignificant""]","[""Ġacquire""]","[""Ġsignificant""]"
525,prolex,"In my experience, i worked for a company, and i saw how important it is to buy products.","In my experience, i worked for a company, and i saw how significant it is to procure products.",buy,procure,75,78,important,significant,56,65,-7.0,-5.59375,-12.59375,-11.4375,-10.75,-22.1875,9.59375,-10.375,-10.75,-21.125,8.53125,3.27333984375,3.76015625,65.466796875,75.203125,20,20,0.48681640625,-3.27333984375,-3.76015625,0.48681640625,[4489],[1774],[29877],[1534],[29877],[1534],"[""Ġbuy""]","[""Ġimportant""]","[""Ġprocure""]","[""Ġsignificant""]","[""Ġprocure""]","[""Ġsignificant""]"
526,prolex,"In my experience, i worked for a company, and i saw how important it is to buy products.","In my experience, i worked for a company, and i saw how significant it is to obtain products.",buy,obtain,75,78,important,significant,56,65,-7.0,-5.59375,-12.59375,-8.25,-10.75,-19.0,6.40625,-7.3125,-10.75,-18.0625,5.46875,3.27333984375,3.78046875,65.466796875,75.609375,20,20,0.5071289062499997,-3.27333984375,-3.78046875,0.5071289062499997,[4489],[1774],[4044],[1534],[4044],[1534],"[""Ġbuy""]","[""Ġimportant""]","[""Ġobtain""]","[""Ġsignificant""]","[""Ġobtain""]","[""Ġsignificant""]"
527,prolex,"In my experience, i worked for a company, and i saw how important it is to buy products.","In my experience, i worked for a company, and i saw how significant it is to secure products.",buy,secure,75,78,important,significant,56,65,-7.0,-5.59375,-12.59375,-8.0625,-10.75,-18.8125,6.21875,-7.875,-10.75,-18.625,6.03125,3.27333984375,3.698046875,65.466796875,73.9609375,20,20,0.4247070312500001,-3.27333984375,-3.698046875,0.4247070312500001,[4489],[1774],[7895],[1534],[7895],[1534],"[""Ġbuy""]","[""Ġimportant""]","[""Ġsecure""]","[""Ġsignificant""]","[""Ġsecure""]","[""Ġsignificant""]"
528,prolex,"In twenty years there will be fewer cars in use than there are today, since the population is increasing, and that will cause a lot of traffic problems such as crowded streets , and the way of transportation.","In twenty years there will be fewer automobiles in use than there are today, since the population is rising, and that will cause a lot of traffic problems such as crowded streets , and the way of transportation.",increasing,rising,94,104,cars,automobiles,36,40,-2.71875,-4.53125,-7.25,-3.59375,-7.71875,-11.3125,4.0625,-3.28125,-7.71875,-11.0,3.75,3.11412353515625,3.186083984375,124.56494140625,127.443359375,40,40,0.07196044921875,-3.11412353515625,-3.186083984375,0.07196044921875,[3629],[8458],[11002],[45056],[11002],[45056],"[""Ġincreasing""]","[""Ġcars""]","[""Ġrising""]","[""Ġautomobiles""]","[""Ġrising""]","[""Ġautomobiles""]"
529,prolex,"In twenty years there will be fewer cars in use than there are today, since the population is increasing, and that will cause a lot of traffic problems such as crowded streets , and the way of transportation.","In twenty years there will be fewer automobiles in use than there are today, since the population is growing, and that will cause a lot of traffic problems such as crowded streets , and the way of transportation.",increasing,growing,94,104,cars,automobiles,36,40,-2.71875,-4.53125,-7.25,-1.34375,-7.71875,-9.0625,1.8125,-1.2890625,-7.71875,-9.0078125,1.7578125,3.11412353515625,3.1265594482421877,124.56494140625,125.0623779296875,40,40,0.0124359130859375,-3.11412353515625,-3.1265594482421877,0.0124359130859375,[3629],[8458],[5675],[45056],[5675],[45056],"[""Ġincreasing""]","[""Ġcars""]","[""Ġgrowing""]","[""Ġautomobiles""]","[""Ġgrowing""]","[""Ġautomobiles""]"
531,prolex,"First of all, if a man proceeds to focus on only one subject in his academic life, he may become a proffessional or master about that topic.","First of all, if a man proceeds to concentrate on only one subject in his educational life, he may become a proffessional or master about that topic.",academic,educational,68,76,focus,concentrate,35,40,-7.46875,-9.0,-16.46875,-8.4375,-10.5625,-19.0,2.53125,-7.75,-10.5625,-18.3125,1.84375,3.3210067749023438,3.3257675170898438,106.272216796875,106.424560546875,32,32,0.0047607421875,-3.3210067749023438,-3.3257675170898438,0.0047607421875,[11073],[2770],[11331],[21364],[11331],[21364],"[""Ġacademic""]","[""Ġfocus""]","[""Ġeducational""]","[""Ġconcentrate""]","[""Ġeducational""]","[""Ġconcentrate""]"
532,prolex,"First of all, if a man proceeds to focus on only one subject in his academic life, he may become a proffessional or master about that topic.","First of all, if a man proceeds to concentrate on only one subject in his school life, he may become a proffessional or master about that topic.",academic,school,68,76,focus,concentrate,35,40,-7.46875,-9.0,-16.46875,-9.125,-10.5625,-19.6875,3.21875,-8.0625,-10.5625,-18.625,2.15625,3.3210067749023438,3.3547286987304688,106.272216796875,107.351318359375,32,32,0.033721923828125,-3.3210067749023438,-3.3547286987304688,0.033721923828125,[11073],[2770],[2143],[21364],[2143],[21364],"[""Ġacademic""]","[""Ġfocus""]","[""Ġschool""]","[""Ġconcentrate""]","[""Ġschool""]","[""Ġconcentrate""]"
533,prolex,"First of all, if a man proceeds to focus on only one subject in his academic life, he may become a proffessional or master about that topic.","First of all, if a man proceeds to concentrate on only one subject in his intellectual life, he may become a proffessional or master about that topic.",academic,intellectual,68,76,focus,concentrate,35,40,-7.46875,-9.0,-16.46875,-9.4375,-10.5625,-20.0,3.53125,-8.5,-10.5625,-19.0625,2.59375,3.3210067749023438,3.4381332397460938,106.272216796875,110.020263671875,32,32,0.11712646484375,-3.3210067749023438,-3.4381332397460938,0.11712646484375,[11073],[2770],[12720],[21364],[12720],[21364],"[""Ġacademic""]","[""Ġfocus""]","[""Ġintellectual""]","[""Ġconcentrate""]","[""Ġintellectual""]","[""Ġconcentrate""]"
538,prolex,"What is necessary for the students is to grasp the precise information, that means, to get the concept clear, to understand the main idea and aboveall, the student must be able to transmit that knowledge to other people.","What is necessary for the pupils is to grasp the precise information, that means, to get the concept clear, to understand the main idea and aboveall, the student must be able to convey that knowledge to other people.",transmit,convey,180,188,students,pupils,26,34,-7.34375,-6.25,-13.59375,-4.96875,-8.75,-13.71875,0.125,-4.6875,-8.75,-13.4375,-0.15625,3.15137570403343,3.4275526889534884,135.5091552734375,147.384765625,43,43,0.2761769849200584,-3.15137570403343,-3.4275526889534884,0.2761769849200584,[13185],[3484],[12709],[30980],[12709],[30980],"[""Ġtransmit""]","[""Ġstudents""]","[""Ġconvey""]","[""Ġpupils""]","[""Ġconvey""]","[""Ġpupils""]"
539,prolex,"What is necessary for the students is to grasp the precise information, that means, to get the concept clear, to understand the main idea and aboveall, the student must be able to transmit that knowledge to other people.","What is necessary for the pupils is to grasp the precise information, that means, to get the concept clear, to understand the main idea and aboveall, the student must be able to communicate that knowledge to other people.",transmit,communicate,180,188,students,pupils,26,34,-7.34375,-6.25,-13.59375,-4.40625,-8.75,-13.15625,-0.4375,-5.4375,-8.75,-14.1875,0.59375,3.15137570403343,3.4356831395348837,135.5091552734375,147.734375,43,43,0.28430743550145365,-3.15137570403343,-3.4356831395348837,0.28430743550145365,[13185],[3484],[13791],[30980],[13791],[30980],"[""Ġtransmit""]","[""Ġstudents""]","[""Ġcommunicate""]","[""Ġpupils""]","[""Ġcommunicate""]","[""Ġpupils""]"
540,prolex,"What is necessary for the students is to grasp the precise information, that means, to get the concept clear, to understand the main idea and aboveall, the student must be able to transmit that knowledge to other people.","What is necessary for the pupils is to grasp the precise information, that means, to get the concept clear, to understand the main idea and aboveall, the student must be able to deliver that knowledge to other people.",transmit,deliver,180,188,students,pupils,26,34,-7.34375,-6.25,-13.59375,-5.65625,-8.75,-14.40625,0.8125,-5.5625,-8.75,-14.3125,0.71875,3.15137570403343,3.5198492005813953,135.5091552734375,151.353515625,43,43,0.36847349654796524,-3.15137570403343,-3.5198492005813953,0.36847349654796524,[13185],[3484],[7257],[30980],[7257],[30980],"[""Ġtransmit""]","[""Ġstudents""]","[""Ġdeliver""]","[""Ġpupils""]","[""Ġdeliver""]","[""Ġpupils""]"
541,prolex,"What is necessary for the students is to grasp the precise information, that means, to get the concept clear, to understand the main idea and aboveall, the student must be able to transmit that knowledge to other people.","What is necessary for the pupils is to grasp the precise information, that means, to get the concept clear, to understand the main idea and aboveall, the student must be able to relay that knowledge to other people.",transmit,relay,180,188,students,pupils,26,34,-7.34375,-6.25,-13.59375,-7.03125,-8.75,-15.78125,2.1875,-7.25,-8.75,-16.0,2.40625,3.15137570403343,3.4686137354651163,135.5091552734375,149.150390625,43,43,0.3172380314316863,-3.15137570403343,-3.4686137354651163,0.3172380314316863,[13185],[3484],[26276],[30980],[26276],[30980],"[""Ġtransmit""]","[""Ġstudents""]","[""Ġrelay""]","[""Ġpupils""]","[""Ġrelay""]","[""Ġpupils""]"
542,prolex,"These abilities open the doors of enthusiasm to young people, young people will have a chance to do interesting activities but older people may not.","These abilities open the doors of enthusiasm to youthful people, young people will have a chance to do interesting tasks but older people may not.",activities,tasks,112,122,young,youthful,48,53,-2.703125,-6.03125,-8.734375,-4.84375,-8.875,-13.71875,4.984375,-4.5,-8.875,-13.375,4.640625,3.9759427584134617,4.163724459134615,103.37451171875,108.2568359375,26,26,0.1877817007211533,-3.9759427584134617,-4.163724459134615,0.1877817007211533,[4712],[2872],[8892],[44098],[8892],[44098],"[""Ġactivities""]","[""Ġyoung""]","[""Ġtasks""]","[""Ġyouthful""]","[""Ġtasks""]","[""Ġyouthful""]"
546,prolex,"As is expected, instead of insisting on, young people tend to give up doing something that they are not successful  at.","As is expected, instead of pressing on, youthful people tend to give up doing something that they are not successful  at.",insisting,pressing,27,36,young,youthful,41,46,-8.625,-10.3125,-18.9375,-7.75,-15.125,-22.875,3.9375,-7.75,-13.5,-21.25,2.3125,3.989654541015625,3.9358011881510415,95.751708984375,94.459228515625,24,24,-0.05385335286458348,-3.989654541015625,-3.9358011881510415,-0.05385335286458348,[40694],[2872],[17178],[44098],[17178],[44098],"[""Ġinsisting""]","[""Ġyoung""]","[""Ġpressing""]","[""Ġyouthful""]","[""Ġpressing""]","[""Ġyouthful""]"
547,prolex,One good example is the franchising phenomenon that keeps on spreading around the fast food restaurant services.,One good instance is the franchising phenomenon that continues on spreading around the fast food restaurant services.,keeps,continues,52,57,example,instance,9,16,-7.375,-1.984375,-9.359375,-5.03125,-7.3125,-12.34375,2.984375,-5.21875,-7.34375,-12.5625,3.203125,4.118977864583333,4.89794921875,74.1416015625,88.1630859375,18,18,0.778971354166667,-4.118977864583333,-4.89794921875,0.778971354166667,[11359],[1650],[7788],[4227],[7788],[4227],"[""Ġkeeps""]","[""Ġexample""]","[""Ġcontinues""]","[""Ġinstance""]","[""Ġcontinues""]","[""Ġinstance""]"
548,prolex,One good example is the franchising phenomenon that keeps on spreading around the fast food restaurant services.,One good instance is the franchising phenomenon that persists on spreading around the fast food restaurant services.,keeps,persists,52,57,example,instance,9,16,-7.375,-1.984375,-9.359375,-8.125,-7.3125,-15.4375,6.078125,-8.5,-7.34375,-15.84375,6.484375,4.118977864583333,5.222873263888889,74.1416015625,94.01171875,18,18,1.1038953993055562,-4.118977864583333,-5.222873263888889,1.1038953993055562,[11359],[1650],[42575],[4227],[42575],[4227],"[""Ġkeeps""]","[""Ġexample""]","[""Ġpersists""]","[""Ġinstance""]","[""Ġpersists""]","[""Ġinstance""]"
549,prolex,Maybe when young people have a problem they can ask for help from their parents without having fear of them.,Maybe when youthful people have a problem they can ask for assistance from their parents without having fear of them.,help,assistance,56,60,young,youthful,11,16,-0.5234375,-9.4375,-9.9609375,-5.40625,-14.6875,-20.09375,10.1328125,-4.71875,-14.75,-19.46875,9.5078125,3.49599609375,4.0619140625,69.919921875,81.23828125,20,20,0.5659179687499996,-3.49599609375,-4.0619140625,0.5659179687499996,[1361],[2872],[8385],[44098],[8385],[44098],"[""Ġhelp""]","[""Ġyoung""]","[""Ġassistance""]","[""Ġyouthful""]","[""Ġassistance""]","[""Ġyouthful""]"
550,prolex,Maybe when young people have a problem they can ask for help from their parents without having fear of them.,Maybe when youthful people have a problem they can ask for aid from their parents without having fear of them.,help,aid,56,60,young,youthful,11,16,-0.5234375,-9.4375,-9.9609375,-8.75,-14.6875,-23.4375,13.4765625,-7.71875,-14.75,-22.46875,12.5078125,3.49599609375,4.1265625,69.919921875,82.53125,20,20,0.6305664062500003,-3.49599609375,-4.1265625,0.6305664062500003,[1361],[2872],[8596],[44098],[8596],[44098],"[""Ġhelp""]","[""Ġyoung""]","[""Ġaid""]","[""Ġyouthful""]","[""Ġaid""]","[""Ġyouthful""]"
551,prolex,Maybe when young people have a problem they can ask for help from their parents without having fear of them.,Maybe when youthful people have a problem they can ask for support from their parents without having fear of them.,help,support,56,60,young,youthful,11,16,-0.5234375,-9.4375,-9.9609375,-4.65625,-14.6875,-19.34375,9.3828125,-4.84375,-14.75,-19.59375,9.6328125,3.49599609375,4.098046875,69.919921875,81.9609375,20,20,0.6020507812499996,-3.49599609375,-4.098046875,0.6020507812499996,[1361],[2872],[1329],[44098],[1329],[44098],"[""Ġhelp""]","[""Ġyoung""]","[""Ġsupport""]","[""Ġyouthful""]","[""Ġsupport""]","[""Ġyouthful""]"
552,prolex,Maybe when young people have a problem they can ask for help from their parents without having fear of them.,Maybe when youthful people have a problem they can ask for guidance from their parents without having fear of them.,help,guidance,56,60,young,youthful,11,16,-0.5234375,-9.4375,-9.9609375,-4.78125,-14.6875,-19.46875,9.5078125,-4.40625,-14.75,-19.15625,9.1953125,3.49599609375,4.1005859375,69.919921875,82.01171875,20,20,0.6045898437499999,-3.49599609375,-4.1005859375,0.6045898437499999,[1361],[2872],[12925],[44098],[12925],[44098],"[""Ġhelp""]","[""Ġyoung""]","[""Ġguidance""]","[""Ġyouthful""]","[""Ġguidance""]","[""Ġyouthful""]"
553,prolex,Maybe when young people have a problem they can ask for help from their parents without having fear of them.,Maybe when youthful people have a problem they can ask for advice from their parents without having fear of them.,help,advice,56,60,young,youthful,11,16,-0.5234375,-9.4375,-9.9609375,-2.40625,-14.6875,-17.09375,7.1328125,-1.9765625,-14.75,-16.7265625,6.765625,3.49599609375,3.9873046875,69.919921875,79.74609375,20,20,0.4913085937499999,-3.49599609375,-3.9873046875,0.4913085937499999,[1361],[2872],[7535],[44098],[7535],[44098],"[""Ġhelp""]","[""Ġyoung""]","[""Ġadvice""]","[""Ġyouthful""]","[""Ġadvice""]","[""Ġyouthful""]"
554,prolex,It is also an achievement to do the work on the existing thing.,It is likewise an achievement to do the work on the current thing.,existing,current,48,56,also,likewise,6,10,-6.90625,-3.15625,-10.0625,-6.59375,-7.78125,-14.375,4.3125,-7.125,-7.78125,-14.90625,4.84375,3.9891826923076925,4.416466346153846,51.859375,57.4140625,13,13,0.4272836538461533,-3.9891826923076925,-4.416466346153846,0.4272836538461533,[5368],[671],[1655],[21223],[1655],[21223],"[""Ġexisting""]","[""Ġalso""]","[""Ġcurrent""]","[""Ġlikewise""]","[""Ġcurrent""]","[""Ġlikewise""]"
555,prolex,It is also an achievement to do the work on the existing thing.,It is likewise an achievement to do the work on the present thing.,existing,present,48,56,also,likewise,6,10,-6.90625,-3.15625,-10.0625,-7.90625,-7.78125,-15.6875,5.625,-7.125,-7.78125,-14.90625,4.84375,3.9891826923076925,4.407451923076923,51.859375,57.296875,13,13,0.41826923076923084,-3.9891826923076925,-4.407451923076923,0.41826923076923084,[5368],[671],[1246],[21223],[1246],[21223],"[""Ġexisting""]","[""Ġalso""]","[""Ġpresent""]","[""Ġlikewise""]","[""Ġpresent""]","[""Ġlikewise""]"
556,prolex,It is also an achievement to do the work on the existing thing.,It is likewise an achievement to do the work on the established thing.,existing,established,48,56,also,likewise,6,10,-6.90625,-3.15625,-10.0625,-10.5625,-7.78125,-18.34375,8.28125,-9.375,-7.78125,-17.15625,7.09375,3.9891826923076925,4.573918269230769,51.859375,59.4609375,13,13,0.5847355769230766,-3.9891826923076925,-4.573918269230769,0.5847355769230766,[5368],[671],[4232],[21223],[4232],[21223],"[""Ġexisting""]","[""Ġalso""]","[""Ġestablished""]","[""Ġlikewise""]","[""Ġestablished""]","[""Ġlikewise""]"
557,prolex,It is also an achievement to do the work on the existing thing.,It is likewise an achievement to do the work on the prevailing thing.,existing,prevailing,48,56,also,likewise,6,10,-6.90625,-3.15625,-10.0625,-11.5,-7.78125,-19.28125,9.21875,-10.875,-7.78125,-18.65625,8.59375,3.9891826923076925,4.698918269230769,51.859375,61.0859375,13,13,0.7097355769230766,-3.9891826923076925,-4.698918269230769,0.7097355769230766,[5368],[671],[27274],[21223],[27274],[21223],"[""Ġexisting""]","[""Ġalso""]","[""Ġprevailing""]","[""Ġlikewise""]","[""Ġprevailing""]","[""Ġlikewise""]"
558,prolex,the ideas not only give us the solution but also a perfect meaning to the problem.every problem,the thoughts not only give us the answer but also a perfect meaning to the problem.every problem,solution,answer,31,39,ideas,thoughts,4,9,-4.65625,-9.875,-14.53125,-4.71875,-9.4375,-14.15625,-0.375,-4.71875,-9.4375,-14.15625,-0.375,4.139322916666667,4.127170138888889,74.5078125,74.2890625,18,18,-0.012152777777777679,-4.139322916666667,-4.127170138888889,-0.012152777777777679,[2900],[5697],[3662],[7906],[3662],[7906],"[""Ġsolution""]","[""Ġideas""]","[""Ġanswer""]","[""Ġthoughts""]","[""Ġanswer""]","[""Ġthoughts""]"
559,prolex,This is the reason why I believe that understanding concepts is more effective than memorized facts.,This is the reason why I believe that understanding constructs is more beneficial than memorized facts.,effective,beneficial,69,78,concepts,constructs,52,60,-4.59375,-7.71875,-12.3125,-4.46875,-12.3125,-16.78125,4.46875,-4.1875,-12.3125,-16.5,4.1875,2.958639705882353,3.538373161764706,50.296875,60.15234375,17,17,0.5797334558823533,-2.958639705882353,-3.538373161764706,0.5797334558823533,[3576],[12342],[12912],[21031],[12912],[21031],"[""Ġeffective""]","[""Ġconcepts""]","[""Ġbeneficial""]","[""Ġconstructs""]","[""Ġbeneficial""]","[""Ġconstructs""]"
560,prolex,This is the reason why I believe that understanding concepts is more effective than memorized facts.,This is the reason why I believe that understanding constructs is more useful than memorized facts.,effective,useful,69,78,concepts,constructs,52,60,-4.59375,-7.71875,-12.3125,-4.34375,-12.3125,-16.65625,4.34375,-3.578125,-12.3125,-15.890625,3.578125,2.958639705882353,3.5567555147058822,50.296875,60.46484375,17,17,0.5981158088235294,-2.958639705882353,-3.5567555147058822,0.5981158088235294,[3576],[12342],[4217],[21031],[4217],[21031],"[""Ġeffective""]","[""Ġconcepts""]","[""Ġuseful""]","[""Ġconstructs""]","[""Ġuseful""]","[""Ġconstructs""]"
561,prolex,This is the reason why I believe that understanding concepts is more effective than memorized facts.,This is the reason why I believe that understanding constructs is more productive than memorized facts.,effective,productive,69,78,concepts,constructs,52,60,-4.59375,-7.71875,-12.3125,-6.78125,-12.3125,-19.09375,6.78125,-6.375,-12.3125,-18.6875,6.375,2.958639705882353,3.6986443014705883,50.296875,62.876953125,17,17,0.7400045955882355,-2.958639705882353,-3.6986443014705883,0.7400045955882355,[3576],[12342],[19303],[21031],[19303],[21031],"[""Ġeffective""]","[""Ġconcepts""]","[""Ġproductive""]","[""Ġconstructs""]","[""Ġproductive""]","[""Ġconstructs""]"
562,prolex,This is the reason why I believe that understanding concepts is more effective than memorized facts.,This is the reason why I believe that understanding constructs is more efficient than memorized facts.,effective,efficient,69,78,concepts,constructs,52,60,-4.59375,-7.71875,-12.3125,-6.65625,-12.3125,-18.96875,6.65625,-6.0,-12.3125,-18.3125,6.0,2.958639705882353,3.6900275735294117,50.296875,62.73046875,17,17,0.7313878676470589,-2.958639705882353,-3.6900275735294117,0.7313878676470589,[3576],[12342],[5919],[21031],[5919],[21031],"[""Ġeffective""]","[""Ġconcepts""]","[""Ġefficient""]","[""Ġconstructs""]","[""Ġefficient""]","[""Ġconstructs""]"
563,prolex,This is the reason why I believe that understanding concepts is more effective than memorized facts.,This is the reason why I believe that understanding constructs is more advantageous than memorized facts.,effective,advantageous,69,78,concepts,constructs,52,60,-4.59375,-7.71875,-12.3125,-7.84375,-12.3125,-20.15625,7.84375,-6.625,-12.3125,-18.9375,6.625,2.958639705882353,3.6932444852941178,50.296875,62.78515625,17,17,0.7346047794117649,-2.958639705882353,-3.6932444852941178,0.7346047794117649,[3576],[12342],[24400],[21031],[24400],[21031],"[""Ġeffective""]","[""Ġconcepts""]","[""Ġadvantageous""]","[""Ġconstructs""]","[""Ġadvantageous""]","[""Ġconstructs""]"
564,prolex,In example I like to study the chemical compositions of the materials and I can specialize in what I like instead of studying a lot of subjects that I don't like.,In instance I like to study the chemical compositions of the materials and I can specialize in what I like instead of studying a slew of subjects that I don't like.,lot,slew,128,131,example,instance,3,10,-2.203125,-9.25,-11.453125,-9.625,-9.1875,-18.8125,7.359375,-9.8125,-9.3125,-19.125,7.671875,3.1748342803030303,3.3697953657670454,104.76953125,111.2032470703125,33,33,0.19496108546401514,-3.1748342803030303,-3.3697953657670454,0.19496108546401514,[2257],[1650],[48602],[4227],[48602],[4227],"[""Ġlot""]","[""Ġexample""]","[""Ġslew""]","[""Ġinstance""]","[""Ġslew""]","[""Ġinstance""]"
565,prolex,In example I like to study the chemical compositions of the materials and I can specialize in what I like instead of studying a lot of subjects that I don't like.,In instance I like to study the chemical compositions of the materials and I can specialize in what I like instead of studying a variety of subjects that I don't like.,lot,variety,128,131,example,instance,3,10,-2.203125,-9.25,-11.453125,-3.734375,-9.1875,-12.921875,1.46875,-3.75,-9.3125,-13.0625,1.609375,3.1748342803030303,3.1983753551136362,104.76953125,105.54638671875,33,33,0.023541074810605966,-3.1748342803030303,-3.1983753551136362,0.023541074810605966,[2257],[1650],[5235],[4227],[5235],[4227],"[""Ġlot""]","[""Ġexample""]","[""Ġvariety""]","[""Ġinstance""]","[""Ġvariety""]","[""Ġinstance""]"
566,prolex,In example I like to study the chemical compositions of the materials and I can specialize in what I like instead of studying a lot of subjects that I don't like.,In instance I like to study the chemical compositions of the materials and I can specialize in what I like instead of studying a multitude of subjects that I don't like.,lot,multitude,128,131,example,instance,3,10,-2.203125,-9.25,-11.453125,-5.46875,-9.1875,-14.65625,3.203125,-5.4375,-9.3125,-14.75,3.296875,3.1748342803030303,3.2566583806818183,104.76953125,107.4697265625,33,33,0.08182410037878807,-3.1748342803030303,-3.2566583806818183,0.08182410037878807,[2257],[1650],[30408],[4227],[30408],[4227],"[""Ġlot""]","[""Ġexample""]","[""Ġmultitude""]","[""Ġinstance""]","[""Ġmultitude""]","[""Ġinstance""]"
567,prolex,In example I like to study the chemical compositions of the materials and I can specialize in what I like instead of studying a lot of subjects that I don't like.,In instance I like to study the chemical compositions of the materials and I can specialize in what I like instead of studying a range of subjects that I don't like.,lot,range,128,131,example,instance,3,10,-2.203125,-9.25,-11.453125,-4.71875,-9.1875,-13.90625,2.453125,-4.8125,-9.3125,-14.125,2.671875,3.1748342803030303,3.245516690340909,104.76953125,107.10205078125,33,33,0.0706824100378789,-3.1748342803030303,-3.245516690340909,0.0706824100378789,[2257],[1650],[2491],[4227],[2491],[4227],"[""Ġlot""]","[""Ġexample""]","[""Ġrange""]","[""Ġinstance""]","[""Ġrange""]","[""Ġinstance""]"
568,prolex,In example I like to study the chemical compositions of the materials and I can specialize in what I like instead of studying a lot of subjects that I don't like.,In instance I like to study the chemical compositions of the materials and I can specialize in what I like instead of studying a plethora of subjects that I don't like.,lot,plethora,128,131,example,instance,3,10,-2.203125,-9.25,-11.453125,-6.71875,-9.1875,-15.90625,4.453125,-6.8125,-9.3125,-16.125,4.671875,3.1748342803030303,3.2850082859848486,104.76953125,108.4052734375,33,33,0.11017400568181834,-3.1748342803030303,-3.2850082859848486,0.11017400568181834,[2257],[1650],[48541],[4227],[48541],[4227],"[""Ġlot""]","[""Ġexample""]","[""Ġplethora""]","[""Ġinstance""]","[""Ġplethora""]","[""Ġinstance""]"
571,prolex,"When the advertisers make advertisements, which advertisement is able to attract hearts of consumuer products seem very good or not so much?","When the advertisers make ads, which advertisement is able to engage hearts of consumuer products seem very good or not so much?",attract,engage,73,80,advertisements,ads,26,40,-1.9375,-6.4375,-8.375,-5.5625,-5.15625,-10.71875,2.34375,-5.65625,-5.125,-10.78125,2.40625,5.3733266194661455,5.393068949381511,128.9598388671875,129.43365478515625,24,24,0.019742329915365175,-5.3733266194661455,-5.393068949381511,0.019742329915365175,[6427],[32933],[11377],[16557],[11377],[16557],"[""Ġattract""]","[""Ġadvertisements""]","[""Ġengage""]","[""Ġads""]","[""Ġengage""]","[""Ġads""]"
573,prolex,But she has to try it and produce new songs in a different way,But she has to try it and produce new tracks in a dissimilar way,songs,tracks,38,43,different,dissimilar,49,58,-5.875,-2.671875,-8.546875,-7.625,-11.5,-19.125,10.578125,-7.625,-11.1875,-18.8125,10.265625,4.177584134615385,5.048677884615385,54.30859375,65.6328125,13,13,0.87109375,-4.177584134615385,-5.048677884615385,0.87109375,[9575],[1027],[11411],[43110],[11411],[43110],"[""Ġsongs""]","[""Ġdifferent""]","[""Ġtracks""]","[""Ġdissimilar""]","[""Ġtracks""]","[""Ġdissimilar""]"
574,prolex,But she has to try it and produce new songs in a different way,But she has to try it and produce new compositions in a dissimilar way,songs,compositions,38,43,different,dissimilar,49,58,-5.875,-2.671875,-8.546875,-7.5625,-11.5,-19.0625,10.515625,-7.625,-10.625,-18.25,9.703125,4.177584134615385,4.993990384615385,54.30859375,64.921875,13,13,0.81640625,-4.177584134615385,-4.993990384615385,0.81640625,[9575],[1027],[16672],[43110],[16672],[43110],"[""Ġsongs""]","[""Ġdifferent""]","[""Ġcompositions""]","[""Ġdissimilar""]","[""Ġcompositions""]","[""Ġdissimilar""]"
579,prolex,I think that there are exceptions to my view because there are old people who enjoy life much more than young people and young people hate life more than old people,I believe that there are exceptions to my view because there are old people who enjoy life much more than young people and young people resent life more than old people,hate,resent,134,138,think,believe,2,7,-8.0,-3.234375,-11.234375,-9.0625,-5.125,-14.1875,2.953125,-9.375,-5.125,-14.5,3.265625,2.903521728515625,3.0601521809895833,87.10565185546875,91.8045654296875,30,30,0.15663045247395813,-2.903521728515625,-3.0601521809895833,0.15663045247395813,[9239],[1158],[23381],[2868],[23381],[2868],"[""Ġhate""]","[""Ġthink""]","[""Ġresent""]","[""Ġbelieve""]","[""Ġresent""]","[""Ġbelieve""]"
580,prolex,"But if you decide to become a manager, this is different.","But if you choose to become a manager, this is dissimilar.",decide,choose,11,17,different,dissimilar,47,56,-5.5625,-7.59375,-13.15625,-5.25,-15.75,-21.0,7.84375,-5.25,-15.375,-20.625,7.46875,2.9972330729166665,3.8430989583333335,35.966796875,46.1171875,12,12,0.845865885416667,-2.9972330729166665,-3.8430989583333335,0.845865885416667,[7617],[1027],[5206],[43110],[5206],[43110],"[""Ġdecide""]","[""Ġdifferent""]","[""Ġchoose""]","[""Ġdissimilar""]","[""Ġchoose""]","[""Ġdissimilar""]"
581,prolex,"But if you decide to become a manager, this is different.","But if you opt to become a manager, this is dissimilar.",decide,opt,11,17,different,dissimilar,47,56,-5.5625,-7.59375,-13.15625,-7.1875,-15.75,-22.9375,9.78125,-7.25,-14.375,-21.625,8.46875,2.9972330729166665,4.027994791666667,35.966796875,48.3359375,12,12,1.0307617187500004,-2.9972330729166665,-4.027994791666667,1.0307617187500004,[7617],[1027],[1478],[43110],[1478],[43110],"[""Ġdecide""]","[""Ġdifferent""]","[""Ġopt""]","[""Ġdissimilar""]","[""Ġopt""]","[""Ġdissimilar""]"
582,prolex,"But if you decide to become a manager, this is different.","But if you elect to become a manager, this is dissimilar.",decide,elect,11,17,different,dissimilar,47,56,-5.5625,-7.59375,-13.15625,-9.1875,-15.75,-24.9375,11.78125,-9.1875,-15.0625,-24.25,11.09375,2.9972330729166665,4.171549479166667,35.966796875,50.05859375,12,12,1.1743164062500004,-2.9972330729166665,-4.171549479166667,1.1743164062500004,[7617],[1027],[1516],[43110],[1516],[43110],"[""Ġdecide""]","[""Ġdifferent""]","[""Ġelect""]","[""Ġdissimilar""]","[""Ġelect""]","[""Ġdissimilar""]"
583,prolex,"But if you decide to become a manager, this is different.","But if you resolve to become a manager, this is dissimilar.",decide,resolve,11,17,different,dissimilar,47,56,-5.5625,-7.59375,-13.15625,-10.4375,-15.75,-26.1875,13.03125,-10.4375,-14.6875,-25.125,11.96875,2.9972330729166665,4.18896484375,35.966796875,50.267578125,12,12,1.1917317708333335,-2.9972330729166665,-4.18896484375,1.1917317708333335,[7617],[1027],[11322],[43110],[11322],[43110],"[""Ġdecide""]","[""Ġdifferent""]","[""Ġresolve""]","[""Ġdissimilar""]","[""Ġresolve""]","[""Ġdissimilar""]"
587,prolex,"well, i have looked over the statement several times and thought of it so well until things became so clear in my mind, and i read scenes from my personal life and found out that it isn't true, because i have seen my grandmother, who lives her life enjoying every moment, and has everything she loves around her.","well, i have looked over the assertion several times and thought of it so well until things became so clear in my mind, and i read scenes from my personal life and found out that it isn't true, because i have seen my grandmother, who lives her life enjoying every moment, and has everything she treasures around her.",loves,treasures,295,300,statement,assertion,29,38,-5.28125,-8.75,-14.03125,-10.875,-13.5,-24.375,10.34375,-10.6875,-13.5625,-24.25,10.21875,3.449748992919922,3.636821746826172,220.783935546875,232.756591796875,64,64,0.18707275390625,-3.449748992919922,-3.636821746826172,0.18707275390625,[14528],[3908],[43469],[17077],[43469],[17077],"[""Ġloves""]","[""Ġstatement""]","[""Ġtreasures""]","[""Ġassertion""]","[""Ġtreasures""]","[""Ġassertion""]"
589,prolex,"well, i have looked over the statement several times and thought of it so well until things became so clear in my mind, and i read scenes from my personal life and found out that it isn't true, because i have seen my grandmother, who lives her life enjoying every moment, and has everything she loves around her.","well, i have looked over the assertion several times and thought of it so well until things became so clear in my mind, and i read scenes from my personal life and found out that it isn't true, because i have seen my grandmother, who lives her life enjoying every moment, and has everything she values around her.",loves,values,295,300,statement,assertion,29,38,-5.28125,-8.75,-14.03125,-9.375,-13.5,-22.875,8.84375,-9.125,-13.5625,-22.6875,8.65625,3.449748992919922,3.6224098205566406,220.783935546875,231.834228515625,64,64,0.17266082763671875,-3.449748992919922,-3.6224098205566406,0.17266082763671875,[14528],[3908],[2193],[17077],[2193],[17077],"[""Ġloves""]","[""Ġstatement""]","[""Ġvalues""]","[""Ġassertion""]","[""Ġvalues""]","[""Ġassertion""]"
590,prolex,"In my view people with aim can achieve more success than people withoutaim,life with aim is a challenging thing and in that life there is a thrill and enjoyment and then life will never get embarrassed. According to this passage the successful person will always try new things and take risks rather than only doing what they already know and how to do well that work ,so that they can do the work in a new way.","In my view people with purpose can attain more success than people withoutaim,life with aim is a challenging thing and in that life there is a thrill and enjoyment and then life will never get embarrassed. According to this passage the successful person will always try new things and take risks rather than only doing what they already know and how to do well that work ,so that they can do the work in a new way.",aim,purpose,23,26,achieve,attain,31,38,-10.5625,-5.375,-15.9375,-8.5625,-8.6875,-17.25,1.3125,-8.5625,-7.625,-16.1875,0.25,3.715534489329268,3.8722042921112805,304.673828125,317.520751953125,82,82,0.15666980278201237,-3.715534489329268,-3.8722042921112805,0.15666980278201237,[4388],[5115],[4096],[20685],[4096],[20685],"[""Ġaim""]","[""Ġachieve""]","[""Ġpurpose""]","[""Ġattain""]","[""Ġpurpose""]","[""Ġattain""]"
591,prolex,"In my view people with aim can achieve more success than people withoutaim,life with aim is a challenging thing and in that life there is a thrill and enjoyment and then life will never get embarrassed. According to this passage the successful person will always try new things and take risks rather than only doing what they already know and how to do well that work ,so that they can do the work in a new way.","In my view people with ambition can attain more success than people withoutaim,life with aim is a challenging thing and in that life there is a thrill and enjoyment and then life will never get embarrassed. According to this passage the successful person will always try new things and take risks rather than only doing what they already know and how to do well that work ,so that they can do the work in a new way.",aim,ambition,23,26,achieve,attain,31,38,-10.5625,-5.375,-15.9375,-8.1875,-8.6875,-16.875,0.9375,-8.25,-7.09375,-15.34375,-0.59375,3.715534489329268,3.8290241520579267,304.673828125,313.97998046875,82,82,0.11348966272865857,-3.715534489329268,-3.8290241520579267,0.11348966272865857,[4388],[5115],[30385],[20685],[30385],[20685],"[""Ġaim""]","[""Ġachieve""]","[""Ġambition""]","[""Ġattain""]","[""Ġambition""]","[""Ġattain""]"
592,prolex,"To end my paper i want to describe my advertisement for a tour guide vacation, you spend more and enjoy less.","To end my paper i want to describe my ad for a tour guide trip, you spend more and enjoy less.",vacation,trip,69,77,advertisement,ad,38,51,-9.4375,-10.9375,-20.375,-8.125,-9.125,-17.25,-3.125,-8.5,-9.125,-17.625,-2.75,4.831986860795454,4.8351828835227275,106.3037109375,106.3740234375,22,22,0.0031960227272733732,-4.831986860795454,-4.8351828835227275,0.0031960227272733732,[18125],[28064],[7408],[519],[7408],[519],"[""Ġvacation""]","[""Ġadvertisement""]","[""Ġtrip""]","[""Ġad""]","[""Ġtrip""]","[""Ġad""]"
593,prolex,"To end my paper i want to describe my advertisement for a tour guide vacation, you spend more and enjoy less.","To end my paper i want to describe my ad for a tour guide holiday, you spend more and enjoy less.",vacation,holiday,69,77,advertisement,ad,38,51,-9.4375,-10.9375,-20.375,-9.5,-9.125,-18.625,-1.75,-10.0625,-9.125,-19.1875,-1.1875,4.831986860795454,4.890935724431818,106.3037109375,107.6005859375,22,22,0.0589488636363642,-4.831986860795454,-4.890935724431818,0.0589488636363642,[18125],[28064],[13319],[519],[13319],[519],"[""Ġvacation""]","[""Ġadvertisement""]","[""Ġholiday""]","[""Ġad""]","[""Ġholiday""]","[""Ġad""]"
594,prolex,"To end my paper i want to describe my advertisement for a tour guide vacation, you spend more and enjoy less.","To end my paper i want to describe my ad for a tour guide tour, you spend more and enjoy less.",vacation,tour,69,77,advertisement,ad,38,51,-9.4375,-10.9375,-20.375,-7.03125,-9.125,-16.15625,-4.21875,-7.125,-9.125,-16.25,-4.125,4.831986860795454,4.791148792613637,106.3037109375,105.4052734375,22,22,-0.040838068181817455,-4.831986860795454,-4.791148792613637,-0.040838068181817455,[18125],[28064],[4892],[519],[4892],[519],"[""Ġvacation""]","[""Ġadvertisement""]","[""Ġtour""]","[""Ġad""]","[""Ġtour""]","[""Ġad""]"
595,prolex,For example if we want to create a research project we motivate our studies due to the knowledge that we obtain from books or past research.,For instance if we want to establish a research project we motivate our studies due to the knowledge that we obtain from books or past research.,create,establish,26,32,example,instance,4,11,-3.265625,-3.625,-6.890625,-7.5,-3.671875,-11.171875,4.28125,-7.03125,-3.6875,-10.71875,3.828125,4.056415264423077,4.084707406850962,105.466796875,106.202392578125,26,26,0.028292142427885025,-4.056415264423077,-4.084707406850962,0.028292142427885025,[2794],[1650],[5100],[4227],[5100],[4227],"[""Ġcreate""]","[""Ġexample""]","[""Ġestablish""]","[""Ġinstance""]","[""Ġestablish""]","[""Ġinstance""]"
596,prolex,For example if we want to create a research project we motivate our studies due to the knowledge that we obtain from books or past research.,For instance if we want to develop a research project we motivate our studies due to the knowledge that we obtain from books or past research.,create,develop,26,32,example,instance,4,11,-3.265625,-3.625,-6.890625,-6.125,-3.671875,-9.796875,2.90625,-5.65625,-3.6875,-9.34375,2.453125,4.056415264423077,3.938532902644231,105.466796875,102.40185546875,26,26,-0.11788236177884581,-4.056415264423077,-3.938532902644231,-0.11788236177884581,[2794],[1650],[1287],[4227],[1287],[4227],"[""Ġcreate""]","[""Ġexample""]","[""Ġdevelop""]","[""Ġinstance""]","[""Ġdevelop""]","[""Ġinstance""]"
597,prolex,For example if we want to create a research project we motivate our studies due to the knowledge that we obtain from books or past research.,For instance if we want to design a research project we motivate our studies due to the knowledge that we obtain from books or past research.,create,design,26,32,example,instance,4,11,-3.265625,-3.625,-6.890625,-6.5,-3.671875,-10.171875,3.28125,-6.28125,-3.6875,-9.96875,3.078125,4.056415264423077,3.960529033954327,105.466796875,102.9737548828125,26,26,-0.09588623046874956,-4.056415264423077,-3.960529033954327,-0.09588623046874956,[2794],[1650],[2216],[4227],[2216],[4227],"[""Ġcreate""]","[""Ġexample""]","[""Ġdesign""]","[""Ġinstance""]","[""Ġdesign""]","[""Ġinstance""]"
598,prolex,For example if we want to create a research project we motivate our studies due to the knowledge that we obtain from books or past research.,For instance if we want to formulate a research project we motivate our studies due to the knowledge that we obtain from books or past research.,create,formulate,26,32,example,instance,4,11,-3.265625,-3.625,-6.890625,-10.1875,-3.671875,-13.859375,6.96875,-9.8125,-3.6875,-13.5,6.609375,4.056415264423077,4.101712740384615,105.466796875,106.64453125,26,26,0.045297475961538325,-4.056415264423077,-4.101712740384615,0.045297475961538325,[2794],[1650],[36803],[4227],[36803],[4227],"[""Ġcreate""]","[""Ġexample""]","[""Ġformulate""]","[""Ġinstance""]","[""Ġformulate""]","[""Ġinstance""]"
599,prolex,For example if we want to create a research project we motivate our studies due to the knowledge that we obtain from books or past research.,For instance if we want to devise a research project we motivate our studies due to the knowledge that we obtain from books or past research.,create,devise,26,32,example,instance,4,11,-3.265625,-3.625,-6.890625,-10.8125,-3.671875,-14.484375,7.59375,-10.3125,-3.6875,-14.0,7.109375,4.056415264423077,4.070889986478365,105.466796875,105.8431396484375,26,26,0.014474722055288325,-4.056415264423077,-4.070889986478365,0.014474722055288325,[2794],[1650],[45018],[4227],[45018],[4227],"[""Ġcreate""]","[""Ġexample""]","[""Ġdevise""]","[""Ġinstance""]","[""Ġdevise""]","[""Ġinstance""]"
600,prolex,"These people hide some important attributes of the product that can cause a bad image of it, for example, some customers want to buy a car that they saw in some media, the announcement says that the car has a special guide to localize it globally, and the person who is moving around the USA, for instance, desires that car because it has this special item.","These people conceal some significant attributes of the product that can cause a bad image of it, for example, some customers want to buy a car that they saw in some media, the announcement says that the car has a special guide to localize it globally, and the person who is moving around the USA, for instance, desires that car because it has this special item.",hide,conceal,13,17,important,significant,23,32,-9.1875,-4.125,-13.3125,-11.3125,-6.3125,-17.625,4.3125,-11.25,-5.5,-16.75,3.4375,3.6257959653253424,3.7686650524400687,264.68310546875,275.112548828125,73,73,0.14286908711472623,-3.6257959653253424,-3.7686650524400687,0.14286908711472623,[10507],[1774],[26037],[1534],[26037],[1534],"[""Ġhide""]","[""Ġimportant""]","[""Ġconceal""]","[""Ġsignificant""]","[""Ġconceal""]","[""Ġsignificant""]"
601,prolex,"These people hide some important attributes of the product that can cause a bad image of it, for example, some customers want to buy a car that they saw in some media, the announcement says that the car has a special guide to localize it globally, and the person who is moving around the USA, for instance, desires that car because it has this special item.","These people disguise some significant attributes of the product that can cause a bad image of it, for example, some customers want to buy a car that they saw in some media, the announcement says that the car has a special guide to localize it globally, and the person who is moving around the USA, for instance, desires that car because it has this special item.",hide,disguise,13,17,important,significant,23,32,-9.1875,-4.125,-13.3125,-11.75,-6.3125,-18.0625,4.75,-11.625,-6.59375,-18.21875,4.90625,3.6257959653253424,3.7421757946275687,264.68310546875,273.1788330078125,73,73,0.11637982930222623,-3.6257959653253424,-3.7421757946275687,0.11637982930222623,[10507],[1774],[40646],[1534],[40646],[1534],"[""Ġhide""]","[""Ġimportant""]","[""Ġdisguise""]","[""Ġsignificant""]","[""Ġdisguise""]","[""Ġsignificant""]"
602,prolex,"These people hide some important attributes of the product that can cause a bad image of it, for example, some customers want to buy a car that they saw in some media, the announcement says that the car has a special guide to localize it globally, and the person who is moving around the USA, for instance, desires that car because it has this special item.","These people mask some significant attributes of the product that can cause a bad image of it, for example, some customers want to buy a car that they saw in some media, the announcement says that the car has a special guide to localize it globally, and the person who is moving around the USA, for instance, desires that car because it has this special item.",hide,mask,13,17,important,significant,23,32,-9.1875,-4.125,-13.3125,-11.5625,-6.3125,-17.875,4.5625,-11.5,-6.21875,-17.71875,4.40625,3.6257959653253424,3.729712917380137,264.68310546875,272.26904296875,73,73,0.10391695205479445,-3.6257959653253424,-3.729712917380137,0.10391695205479445,[10507],[1774],[8989],[1534],[8989],[1534],"[""Ġhide""]","[""Ġimportant""]","[""Ġmask""]","[""Ġsignificant""]","[""Ġmask""]","[""Ġsignificant""]"
603,prolex,"These people hide some important attributes of the product that can cause a bad image of it, for example, some customers want to buy a car that they saw in some media, the announcement says that the car has a special guide to localize it globally, and the person who is moving around the USA, for instance, desires that car because it has this special item.","These people veil some significant attributes of the product that can cause a bad image of it, for example, some customers want to buy a car that they saw in some media, the announcement says that the car has a special guide to localize it globally, and the person who is moving around the USA, for instance, desires that car because it has this special item.",hide,veil,13,17,important,significant,23,32,-9.1875,-4.125,-13.3125,-14.8125,-6.3125,-21.125,7.8125,-14.8125,-6.0625,-20.875,7.5625,3.6257959653253424,3.7959285370291096,264.68310546875,277.102783203125,73,73,0.17013257170376717,-3.6257959653253424,-3.7959285370291096,0.17013257170376717,[10507],[1774],[34378],[1534],[34378],[1534],"[""Ġhide""]","[""Ġimportant""]","[""Ġveil""]","[""Ġsignificant""]","[""Ġveil""]","[""Ġsignificant""]"
604,prolex,"These people hide some important attributes of the product that can cause a bad image of it, for example, some customers want to buy a car that they saw in some media, the announcement says that the car has a special guide to localize it globally, and the person who is moving around the USA, for instance, desires that car because it has this special item.","These people obscure some significant attributes of the product that can cause a bad image of it, for example, some customers want to buy a car that they saw in some media, the announcement says that the car has a special guide to localize it globally, and the person who is moving around the USA, for instance, desires that car because it has this special item.",hide,obscure,13,17,important,significant,23,32,-9.1875,-4.125,-13.3125,-13.375,-6.3125,-19.6875,6.375,-13.3125,-5.90625,-19.21875,5.90625,3.6257959653253424,3.7189673854880136,264.68310546875,271.484619140625,73,73,0.09317142016267121,-3.6257959653253424,-3.7189673854880136,0.09317142016267121,[10507],[1774],[26591],[1534],[26591],[1534],"[""Ġhide""]","[""Ġimportant""]","[""Ġobscure""]","[""Ġsignificant""]","[""Ġobscure""]","[""Ġsignificant""]"
605,prolex,"I think that by knowing more things about the world and what is around you, people have a better image of how you are and you can have a better conversation.","I believe that by knowing more things about the world and what is around you, people have a better image of how you are and you can have a better discussion.",conversation,discussion,144,156,think,believe,2,7,-3.171875,-3.15625,-6.328125,-4.90625,-5.125,-10.03125,3.703125,-5.09375,-4.96875,-10.0625,3.734375,2.7430419921875,2.85260009765625,87.77734375,91.283203125,32,32,0.10955810546875,-2.7430419921875,-2.85260009765625,0.10955810546875,[7827],[1158],[5955],[2868],[5955],[2868],"[""Ġconversation""]","[""Ġthink""]","[""Ġdiscussion""]","[""Ġbelieve""]","[""Ġdiscussion""]","[""Ġbelieve""]"
607,prolex,"What im saying is that it will take a much longer period of time for mankind to move on and give up on the cars we use,probably allot more than a hundred years if not more.","What im stating is that it will take a much longer period of time for humanity to move on and give up on the cars we use,probably allot more than a hundred years if not more.",mankind,humanity,69,76,saying,stating,8,14,-8.625,-3.390625,-12.015625,-7.5625,-9.4375,-17.0,4.984375,-12.3125,-9.4375,-21.75,9.734375,3.2100736177884617,3.606864733573718,125.19287109375,140.667724609375,39,39,0.3967911157852564,-3.2100736177884617,-3.606864733573718,0.3967911157852564,[28473],[3981],[16457],[14851],[16457],[14851],"[""Ġmankind""]","[""Ġsaying""]","[""Ġhumanity""]","[""Ġstating""]","[""Ġhumanity""]","[""Ġstating""]"
608,prolex,"What im saying is that it will take a much longer period of time for mankind to move on and give up on the cars we use,probably allot more than a hundred years if not more.","What im stating is that it will take a much longer period of time for people to move on and give up on the cars we use,probably allot more than a hundred years if not more.",mankind,people,69,76,saying,stating,8,14,-8.625,-3.390625,-12.015625,-4.0,-9.4375,-13.4375,1.421875,-4.8125,-9.4375,-14.25,2.234375,3.2100736177884617,3.7613494090544872,125.19287109375,146.692626953125,39,39,0.5512757912660255,-3.2100736177884617,-3.7613494090544872,0.5512757912660255,[28473],[3981],[952],[14851],[952],[14851],"[""Ġmankind""]","[""Ġsaying""]","[""Ġpeople""]","[""Ġstating""]","[""Ġpeople""]","[""Ġstating""]"
609,prolex,"What im saying is that it will take a much longer period of time for mankind to move on and give up on the cars we use,probably allot more than a hundred years if not more.","What im stating is that it will take a much longer period of time for humans to move on and give up on the cars we use,probably allot more than a hundred years if not more.",mankind,humans,69,76,saying,stating,8,14,-8.625,-3.390625,-12.015625,-6.75,-9.4375,-16.1875,4.171875,-10.6875,-9.4375,-20.125,8.109375,3.2100736177884617,3.625469501201923,125.19287109375,141.393310546875,39,39,0.41539588341346123,-3.2100736177884617,-3.625469501201923,0.41539588341346123,[28473],[3981],[7497],[14851],[7497],[14851],"[""Ġmankind""]","[""Ġsaying""]","[""Ġhumans""]","[""Ġstating""]","[""Ġhumans""]","[""Ġstating""]"
610,prolex,"What im saying is that it will take a much longer period of time for mankind to move on and give up on the cars we use,probably allot more than a hundred years if not more.","What im stating is that it will take a much longer period of time for society to move on and give up on the cars we use,probably allot more than a hundred years if not more.",mankind,society,69,76,saying,stating,8,14,-8.625,-3.390625,-12.015625,-7.6875,-9.4375,-17.125,5.109375,-10.125,-9.4375,-19.5625,7.546875,3.2100736177884617,3.5423865685096154,125.19287109375,138.153076171875,39,39,0.33231295072115374,-3.2100736177884617,-3.5423865685096154,0.33231295072115374,[28473],[3981],[5948],[14851],[5948],[14851],"[""Ġmankind""]","[""Ġsaying""]","[""Ġsociety""]","[""Ġstating""]","[""Ġsociety""]","[""Ġstating""]"
611,prolex,"For example, when a person who works as a technician, with a basic formation only in the development of procedures in the field to determine soil or water samples, will not be able to determine what is the real importance to take and manage these samples with a specific protocol.","For instance, when a person who works as a technician, with a basic formation only in the development of methods in the field to determine soil or water samples, will not be able to determine what is the real importance to take and manage these samples with a specific protocol.",procedures,methods,104,114,example,instance,4,11,-7.5,-3.703125,-11.203125,-7.75,-3.671875,-11.421875,0.21875,-8.0625,-3.765625,-11.828125,0.625,3.54442668410967,3.5894959647700473,187.8546142578125,190.2432861328125,53,53,0.04506928066037741,-3.54442668410967,-3.5894959647700473,0.04506928066037741,[7259],[1650],[3082],[4227],[3082],[4227],"[""Ġprocedures""]","[""Ġexample""]","[""Ġmethods""]","[""Ġinstance""]","[""Ġmethods""]","[""Ġinstance""]"
612,prolex,"For example, when a person who works as a technician, with a basic formation only in the development of procedures in the field to determine soil or water samples, will not be able to determine what is the real importance to take and manage these samples with a specific protocol.","For instance, when a person who works as a technician, with a basic formation only in the development of techniques in the field to determine soil or water samples, will not be able to determine what is the real importance to take and manage these samples with a specific protocol.",procedures,techniques,104,114,example,instance,4,11,-7.5,-3.703125,-11.203125,-5.5625,-3.671875,-9.234375,-1.96875,-5.8125,-3.765625,-9.578125,-1.625,3.54442668410967,3.5864580262382075,187.8546142578125,190.082275390625,53,53,0.04203134212853765,-3.54442668410967,-3.5864580262382075,0.04203134212853765,[7259],[1650],[5609],[4227],[5609],[4227],"[""Ġprocedures""]","[""Ġexample""]","[""Ġtechniques""]","[""Ġinstance""]","[""Ġtechniques""]","[""Ġinstance""]"
613,prolex,"For example, when a person who works as a technician, with a basic formation only in the development of procedures in the field to determine soil or water samples, will not be able to determine what is the real importance to take and manage these samples with a specific protocol.","For instance, when a person who works as a technician, with a basic formation only in the development of practices in the field to determine soil or water samples, will not be able to determine what is the real importance to take and manage these samples with a specific protocol.",procedures,practices,104,114,example,instance,4,11,-7.5,-3.703125,-11.203125,-8.0625,-3.671875,-11.734375,0.53125,-8.3125,-3.765625,-12.078125,0.875,3.54442668410967,3.6246337890625,187.8546142578125,192.1055908203125,53,53,0.08020710495283012,-3.54442668410967,-3.6246337890625,0.08020710495283012,[7259],[1650],[8333],[4227],[8333],[4227],"[""Ġprocedures""]","[""Ġexample""]","[""Ġpractices""]","[""Ġinstance""]","[""Ġpractices""]","[""Ġinstance""]"
614,prolex,"First of all, If people just learnt facts they would think just result and they would care only about facts besides any processing.","First of all, If people merely learnt facts they would think just result and they would worry only about facts besides any processing.",care,worry,86,90,just,merely,24,28,-7.09375,-5.65625,-12.75,-8.1875,-10.5,-18.6875,5.9375,-8.1875,-10.4375,-18.625,5.875,5.092885335286458,5.272735595703125,122.229248046875,126.545654296875,24,24,0.17985026041666696,-5.092885335286458,-5.272735595703125,0.17985026041666696,[1557],[816],[7664],[7960],[7664],[7960],"[""Ġcare""]","[""Ġjust""]","[""Ġworry""]","[""Ġmerely""]","[""Ġworry""]","[""Ġmerely""]"
615,prolex,There maybe one or two advantages to old people enjoying life more than young people.,There maybe one or two benefits to old people enjoying life more than youthful people.,advantages,benefits,23,33,young,youthful,72,77,-8.0,-1.390625,-9.390625,-8.5,-6.15625,-14.65625,5.265625,-8.4375,-6.28125,-14.71875,5.328125,3.7885416666666667,4.241796875,56.828125,63.626953125,15,15,0.45325520833333366,-3.7885416666666667,-4.241796875,0.45325520833333366,[11361],[2872],[5373],[44098],[5373],[44098],"[""Ġadvantages""]","[""Ġyoung""]","[""Ġbenefits""]","[""Ġyouthful""]","[""Ġbenefits""]","[""Ġyouthful""]"
617,prolex,There maybe one or two advantages to old people enjoying life more than young people.,There maybe one or two merits to old people enjoying life more than youthful people.,advantages,merits,23,33,young,youthful,72,77,-8.0,-1.390625,-9.390625,-11.5,-6.15625,-17.65625,8.265625,-11.5,-6.15625,-17.65625,8.265625,3.7885416666666667,4.499609375,56.828125,67.494140625,15,15,0.7110677083333337,-3.7885416666666667,-4.499609375,0.7110677083333337,[11361],[2872],[16108],[44098],[16108],[44098],"[""Ġadvantages""]","[""Ġyoung""]","[""Ġmerits""]","[""Ġyouthful""]","[""Ġmerits""]","[""Ġyouthful""]"
618,prolex,There maybe one or two advantages to old people enjoying life more than young people.,There maybe one or two pros to old people enjoying life more than youthful people.,advantages,pros,23,33,young,youthful,72,77,-8.0,-1.390625,-9.390625,-9.25,-6.15625,-15.40625,6.015625,-9.1875,-6.875,-16.0625,6.671875,3.7885416666666667,4.682682291666667,56.828125,70.240234375,15,15,0.8941406249999999,-3.7885416666666667,-4.682682291666667,0.8941406249999999,[11361],[2872],[5847],[44098],[5847],[44098],"[""Ġadvantages""]","[""Ġyoung""]","[""Ġpros""]","[""Ġyouthful""]","[""Ġpros""]","[""Ġyouthful""]"
619,prolex,"As one of our professors says, to be successful one need not do different things but do the same thing differently.","As one of our professors says, to be successful one need not do dissimilar things but do the same thing uniquely.",differently,uniquely,103,114,different,dissimilar,64,73,-2.5625,-7.625,-10.1875,-8.5625,-13.875,-22.4375,12.25,-8.0625,-13.875,-21.9375,11.75,3.0660511363636362,3.6753373579545454,67.453125,80.857421875,22,22,0.6092862215909092,-3.0660511363636362,-3.6753373579545454,0.6092862215909092,[13359],[1027],[22506],[43110],[22506],[43110],"[""Ġdifferently""]","[""Ġdifferent""]","[""Ġuniquely""]","[""Ġdissimilar""]","[""Ġuniquely""]","[""Ġdissimilar""]"
622,prolex,"for example 2 companies make the same product, then there is a great competition among makers.","for instance 2 companies make the same product, then there is a great competition among manufacturers.",makers,manufacturers,87,93,example,instance,4,11,-9.1875,-4.34375,-13.53125,-5.40625,-3.4375,-8.84375,-4.6875,-5.3125,-3.328125,-8.640625,-4.890625,3.795209099264706,3.544002757352941,64.5185546875,60.248046875,17,17,-0.25120634191176494,-3.795209099264706,-3.544002757352941,-0.25120634191176494,[22741],[1650],[16596],[4227],[16596],[4227],"[""Ġmakers""]","[""Ġexample""]","[""Ġmanufacturers""]","[""Ġinstance""]","[""Ġmanufacturers""]","[""Ġinstance""]"
623,prolex,"for example 2 companies make the same product, then there is a great competition among makers.","for instance 2 companies make the same product, then there is a great competition among producers.",makers,producers,87,93,example,instance,4,11,-9.1875,-4.34375,-13.53125,-6.09375,-3.4375,-9.53125,-4.0,-6.125,-3.328125,-9.453125,-4.078125,3.795209099264706,3.594094669117647,64.5185546875,61.099609375,17,17,-0.20111443014705888,-3.795209099264706,-3.594094669117647,-0.20111443014705888,[22741],[1650],[18014],[4227],[18014],[4227],"[""Ġmakers""]","[""Ġexample""]","[""Ġproducers""]","[""Ġinstance""]","[""Ġproducers""]","[""Ġinstance""]"
624,prolex,he or she should take up a course which involves understanding the concepts and ideas .For,he or she should take up a class which involves understanding the constructs and ideas .For,course,class,27,33,concepts,constructs,67,75,-4.21875,-3.96875,-8.1875,-5.84375,-10.5,-16.34375,8.15625,-5.84375,-10.75,-16.59375,8.40625,4.37646484375,5.06103515625,70.0234375,80.9765625,16,16,0.6845703125,-4.37646484375,-5.06103515625,0.6845703125,[2282],[12342],[966],[21031],[966],[21031],"[""Ġcourse""]","[""Ġconcepts""]","[""Ġclass""]","[""Ġconstructs""]","[""Ġclass""]","[""Ġconstructs""]"
625,prolex,"He should have his own ideas on specialization course,i think specialization is mainly for graduate students.","He should have his own thoughts on specialization course,i think specialization is primarily for graduate students.",mainly,primarily,80,86,ideas,thoughts,23,28,-7.75,-7.0,-14.75,-10.6875,-5.9375,-16.625,1.875,-10.5,-5.875,-16.375,1.625,4.578993055555555,4.791666666666667,82.421875,86.25,18,18,0.2126736111111116,-4.578993055555555,-4.791666666666667,0.2126736111111116,[7194],[5697],[8558],[7906],[8558],[7906],"[""Ġmainly""]","[""Ġideas""]","[""Ġprimarily""]","[""Ġthoughts""]","[""Ġprimarily""]","[""Ġthoughts""]"
626,prolex,"He should have his own ideas on specialization course,i think specialization is mainly for graduate students.","He should have his own thoughts on specialization course,i think specialization is predominantly for graduate students.",mainly,predominantly,80,86,ideas,thoughts,23,28,-7.75,-7.0,-14.75,-13.5625,-5.9375,-19.5,4.75,-13.375,-5.875,-19.25,4.5,4.578993055555555,4.963975694444445,82.421875,89.3515625,18,18,0.3849826388888893,-4.578993055555555,-4.963975694444445,0.3849826388888893,[7194],[5697],[18705],[7906],[18705],[7906],"[""Ġmainly""]","[""Ġideas""]","[""Ġpredominantly""]","[""Ġthoughts""]","[""Ġpredominantly""]","[""Ġthoughts""]"
627,prolex,"He should have his own ideas on specialization course,i think specialization is mainly for graduate students.","He should have his own thoughts on specialization course,i think specialization is chiefly for graduate students.",mainly,chiefly,80,86,ideas,thoughts,23,28,-7.75,-7.0,-14.75,-13.625,-5.9375,-19.5625,4.8125,-13.8125,-5.875,-19.6875,4.9375,4.578993055555555,4.985677083333333,82.421875,89.7421875,18,18,0.4066840277777777,-4.578993055555555,-4.985677083333333,0.4066840277777777,[7194],[5697],[40699],[7906],[40699],[7906],"[""Ġmainly""]","[""Ġideas""]","[""Ġchiefly""]","[""Ġthoughts""]","[""Ġchiefly""]","[""Ġthoughts""]"
628,prolex,"He should have his own ideas on specialization course,i think specialization is mainly for graduate students.","He should have his own thoughts on specialization course,i think specialization is principally for graduate students.",mainly,principally,80,86,ideas,thoughts,23,28,-7.75,-7.0,-14.75,-13.625,-5.9375,-19.5625,4.8125,-13.5625,-5.875,-19.4375,4.6875,4.578993055555555,4.991753472222222,82.421875,89.8515625,18,18,0.41276041666666696,-4.578993055555555,-4.991753472222222,0.41276041666666696,[7194],[5697],[39288],[7906],[39288],[7906],"[""Ġmainly""]","[""Ġideas""]","[""Ġprincipally""]","[""Ġthoughts""]","[""Ġprincipally""]","[""Ġthoughts""]"
629,prolex,But  I have to  say that  things are different when you already have  a precise knowledge of some thing.,But  I have to  say that  things are dissimilar when you already have  a specific knowledge of some thing.,precise,specific,72,79,different,dissimilar,37,46,-11.625,-3.984375,-15.609375,-7.46875,-15.25,-22.71875,7.109375,-6.5625,-15.25,-21.8125,6.203125,3.604874320652174,3.9453125,82.912109375,90.7421875,23,23,0.34043817934782616,-3.604874320652174,-3.9453125,0.34043817934782616,[10799],[1027],[2173],[43110],[2173],[43110],"[""Ġprecise""]","[""Ġdifferent""]","[""Ġspecific""]","[""Ġdissimilar""]","[""Ġspecific""]","[""Ġdissimilar""]"
630,prolex,But  I have to  say that  things are different when you already have  a precise knowledge of some thing.,But  I have to  say that  things are dissimilar when you already have  a detailed knowledge of some thing.,precise,detailed,72,79,different,dissimilar,37,46,-11.625,-3.984375,-15.609375,-8.875,-15.25,-24.125,8.515625,-8.25,-15.25,-23.5,7.890625,3.604874320652174,3.9279891304347827,82.912109375,90.34375,23,23,0.32311480978260887,-3.604874320652174,-3.9279891304347827,0.32311480978260887,[10799],[1027],[7000],[43110],[7000],[43110],"[""Ġprecise""]","[""Ġdifferent""]","[""Ġdetailed""]","[""Ġdissimilar""]","[""Ġdetailed""]","[""Ġdissimilar""]"
631,prolex,The teacher must give the students instruments to arrive at the comprehension of the facts.,The teacher must give the pupils instruments to arrive at the understanding of the facts.,comprehension,understanding,64,77,students,pupils,26,34,-7.90625,-1.6640625,-9.5703125,-5.34375,-4.78125,-10.125,0.5546875,-5.03125,-4.78125,-9.8125,0.2421875,4.033072916666667,3.9764973958333334,60.49609375,59.6474609375,15,15,-0.05657552083333339,-4.033072916666667,-3.9764973958333334,-0.05657552083333339,[35380],[3484],[4685],[30980],[4685],[30980],"[""Ġcomprehension""]","[""Ġstudents""]","[""Ġunderstanding""]","[""Ġpupils""]","[""Ġunderstanding""]","[""Ġpupils""]"
632,prolex,You can't also explain about it deeply inclass.,You can't likewise explain about it thoroughly inclass.,deeply,thoroughly,32,38,also,likewise,10,14,-10.25,-8.25,-18.5,-9.4375,-13.9375,-23.375,4.875,-8.875,-13.9375,-22.8125,4.3125,6.2703125,6.4953125,62.703125,64.953125,10,10,0.22499999999999964,-6.2703125,-6.4953125,0.22499999999999964,[11617],[671],[16575],[21223],[16575],[21223],"[""Ġdeeply""]","[""Ġalso""]","[""Ġthoroughly""]","[""Ġlikewise""]","[""Ġthoroughly""]","[""Ġlikewise""]"
633,prolex,You can't also explain about it deeply inclass.,You can't likewise explain about it extensively inclass.,deeply,extensively,32,38,also,likewise,10,14,-10.25,-8.25,-18.5,-10.8125,-13.9375,-24.75,6.25,-9.4375,-13.9375,-23.375,4.875,6.2703125,6.50546875,62.703125,65.0546875,10,10,0.23515625000000018,-6.2703125,-6.50546875,0.23515625000000018,[11617],[671],[18171],[21223],[18171],[21223],"[""Ġdeeply""]","[""Ġalso""]","[""Ġextensively""]","[""Ġlikewise""]","[""Ġextensively""]","[""Ġlikewise""]"
634,prolex,You can't also explain about it deeply inclass.,You can't likewise explain about it fully inclass.,deeply,fully,32,38,also,likewise,10,14,-10.25,-8.25,-18.5,-7.65625,-13.9375,-21.59375,3.09375,-8.625,-13.9375,-22.5625,4.0625,6.2703125,6.5078125,62.703125,65.078125,10,10,0.23749999999999982,-6.2703125,-6.5078125,0.23749999999999982,[11617],[671],[4751],[21223],[4751],[21223],"[""Ġdeeply""]","[""Ġalso""]","[""Ġfully""]","[""Ġlikewise""]","[""Ġfully""]","[""Ġlikewise""]"
636,prolex,"If a new vehicle or machine is invented in the near future, people might change their way of moving, but this invention must be more convenient and cheaper than cars.","If a new vehicle or machine is devised in the near future, people might change their way of moving, but this invention must be more practical and cheaper than cars.",convenient,practical,133,143,invented,devised,31,39,-2.703125,-8.0625,-10.765625,-3.578125,-11.0625,-14.640625,3.875,-3.515625,-10.9375,-14.453125,3.6875,3.296985626220703,3.5484237670898438,105.5035400390625,113.549560546875,32,32,0.2514381408691406,-3.296985626220703,-3.5484237670898438,0.2514381408691406,[11638],[23179],[8542],[32434],[8542],[32434],"[""Ġconvenient""]","[""Ġinvented""]","[""Ġpractical""]","[""Ġdevised""]","[""Ġpractical""]","[""Ġdevised""]"
637,prolex,"If a new vehicle or machine is invented in the near future, people might change their way of moving, but this invention must be more convenient and cheaper than cars.","If a new vehicle or machine is devised in the near future, people might change their way of moving, but this invention must be more accessible and cheaper than cars.",convenient,accessible,133,143,invented,devised,31,39,-2.703125,-8.0625,-10.765625,-4.625,-11.0625,-15.6875,4.921875,-4.125,-10.9375,-15.0625,4.296875,3.296985626220703,3.5600204467773438,105.5035400390625,113.920654296875,32,32,0.2630348205566406,-3.296985626220703,-3.5600204467773438,0.2630348205566406,[11638],[23179],[12482],[32434],[12482],[32434],"[""Ġconvenient""]","[""Ġinvented""]","[""Ġaccessible""]","[""Ġdevised""]","[""Ġaccessible""]","[""Ġdevised""]"
638,prolex,After twenty years there may be any other advanced invention which may replace cars.,After twenty years there may be any other sophisticated invention which may replace automobiles.,advanced,sophisticated,42,50,cars,automobiles,79,83,-9.125,-8.875,-18.0,-10.25,-9.1875,-19.4375,1.4375,-10.25,-9.1875,-19.4375,1.4375,5.099748883928571,5.107003348214286,71.396484375,71.498046875,14,14,0.007254464285714413,-5.099748883928571,-5.107003348214286,0.007254464285714413,[7269],[8458],[18144],[45056],[18144],[45056],"[""Ġadvanced""]","[""Ġcars""]","[""Ġsophisticated""]","[""Ġautomobiles""]","[""Ġsophisticated""]","[""Ġautomobiles""]"
639,prolex,After twenty years there may be any other advanced invention which may replace cars.,After twenty years there may be any other innovative invention which may replace automobiles.,advanced,innovative,42,50,cars,automobiles,79,83,-9.125,-8.875,-18.0,-9.5625,-9.1875,-18.75,0.75,-9.5625,-9.8125,-19.375,1.375,5.099748883928571,4.968052455357143,71.396484375,69.552734375,14,14,-0.13169642857142794,-5.099748883928571,-4.968052455357143,-0.13169642857142794,[7269],[8458],[16694],[45056],[16694],[45056],"[""Ġadvanced""]","[""Ġcars""]","[""Ġinnovative""]","[""Ġautomobiles""]","[""Ġinnovative""]","[""Ġautomobiles""]"
640,prolex,On this condition the statement is unacceptable.,On this condition the assertion is unsatisfactory.,unacceptable,unsatisfactory,35,47,statement,assertion,22,31,-7.4375,-8.625,-16.0625,-10.0,-10.625,-20.625,4.5625,-10.3125,-10.625,-20.9375,4.875,4.823660714285714,5.53125,33.765625,38.71875,7,7,0.7075892857142856,-4.823660714285714,-5.53125,0.7075892857142856,[28536],[3908],[49770],[17077],[49770],[17077],"[""Ġunacceptable""]","[""Ġstatement""]","[""Ġunsatisfactory""]","[""Ġassertion""]","[""Ġunsatisfactory""]","[""Ġassertion""]"
641,prolex,If you are very smart you will do it very soon .If,If you are very intelligent you will do it very shortly .If,smart,intelligent,16,21,soon,shortly,42,46,-6.71875,-2.953125,-9.671875,-7.3125,-6.71875,-14.03125,4.359375,-7.34375,-6.75,-14.09375,4.421875,3.93115234375,4.31787109375,47.173828125,51.814453125,12,12,0.38671875,-3.93115234375,-4.31787109375,0.38671875,[7060],[3517],[17497],[13515],[17497],[13515],"[""Ġsmart""]","[""Ġsoon""]","[""Ġintelligent""]","[""Ġshortly""]","[""Ġintelligent""]","[""Ġshortly""]"
642,prolex,If you are very smart you will do it very soon .If,If you are very clever you will do it very shortly .If,smart,clever,16,21,soon,shortly,42,46,-6.71875,-2.953125,-9.671875,-7.125,-6.71875,-13.84375,4.171875,-7.09375,-6.96875,-14.0625,4.390625,3.93115234375,4.36083984375,47.173828125,52.330078125,12,12,0.4296875,-3.93115234375,-4.36083984375,0.4296875,[7060],[3517],[19080],[13515],[19080],[13515],"[""Ġsmart""]","[""Ġsoon""]","[""Ġclever""]","[""Ġshortly""]","[""Ġclever""]","[""Ġshortly""]"
643,prolex,If you are very smart you will do it very soon .If,If you are very bright you will do it very shortly .If,smart,bright,16,21,soon,shortly,42,46,-6.71875,-2.953125,-9.671875,-7.625,-6.71875,-14.34375,4.671875,-7.59375,-6.90625,-14.5,4.828125,3.93115234375,4.352376302083333,47.173828125,52.228515625,12,12,0.42122395833333304,-3.93115234375,-4.352376302083333,0.42122395833333304,[7060],[3517],[6627],[13515],[6627],[13515],"[""Ġsmart""]","[""Ġsoon""]","[""Ġbright""]","[""Ġshortly""]","[""Ġbright""]","[""Ġshortly""]"
644,prolex,If you are very smart you will do it very soon .If,If you are very wise you will do it very shortly .If,smart,wise,16,21,soon,shortly,42,46,-6.71875,-2.953125,-9.671875,-7.625,-6.71875,-14.34375,4.671875,-7.59375,-5.84375,-13.4375,3.765625,3.93115234375,4.17333984375,47.173828125,50.080078125,12,12,0.2421875,-3.93115234375,-4.17333984375,0.2421875,[7060],[3517],[15822],[13515],[15822],[13515],"[""Ġsmart""]","[""Ġsoon""]","[""Ġwise""]","[""Ġshortly""]","[""Ġwise""]","[""Ġshortly""]"
645,prolex,The next day we went to the store and told the sales person that the perfume wasnt good and the boss told us that the seller who gave us the perfume was a bad person,The next day we went to the store and told the sales individual that the fragrance wasnt good and the boss told us that the seller who gave us the perfume was a bad person,perfume,fragrance,69,76,person,individual,53,59,-8.75,-2.75,-11.5,-9.3125,-11.125,-20.4375,8.9375,-7.96875,-11.125,-19.09375,7.59375,2.9194754464285713,3.246763392857143,102.181640625,113.63671875,35,35,0.3272879464285716,-2.9194754464285713,-3.246763392857143,0.3272879464285716,[44221],[1436],[48339],[2060],[48339],[2060],"[""Ġperfume""]","[""Ġperson""]","[""Ġfragrance""]","[""Ġindividual""]","[""Ġfragrance""]","[""Ġindividual""]"
646,prolex,The next day we went to the store and told the sales person that the perfume wasnt good and the boss told us that the seller who gave us the perfume was a bad person,The next day we went to the store and told the sales individual that the scent wasnt good and the boss told us that the seller who gave us the perfume was a bad person,perfume,scent,69,76,person,individual,53,59,-8.75,-2.75,-11.5,-9.25,-11.125,-20.375,8.875,-8.125,-11.125,-19.25,7.75,2.9194754464285713,3.259765625,102.181640625,114.091796875,35,35,0.34029017857142874,-2.9194754464285713,-3.259765625,0.34029017857142874,[44221],[1436],[26710],[2060],[26710],[2060],"[""Ġperfume""]","[""Ġperson""]","[""Ġscent""]","[""Ġindividual""]","[""Ġscent""]","[""Ġindividual""]"
647,prolex,"Some owners are afraid of doing new things, they think that if I cannot sell it, I will lose my company.","Some owners are scared of performing new things, they think that if I cannot sell it, I will lose my company.",afraid,scared,16,22,doing,performing,26,31,-4.90625,-5.03125,-9.9375,-6.28125,-8.125,-14.40625,4.46875,-6.28125,-8.1875,-14.46875,4.53125,3.199388586956522,3.6311141304347827,73.5859375,83.515625,23,23,0.43172554347826075,-3.199388586956522,-3.6311141304347827,0.43172554347826075,[9202],[2509],[16060],[9591],[16060],[9591],"[""Ġafraid""]","[""Ġdoing""]","[""Ġscared""]","[""Ġperforming""]","[""Ġscared""]","[""Ġperforming""]"
648,prolex,"Some owners are afraid of doing new things, they think that if I cannot sell it, I will lose my company.","Some owners are fearful of performing new things, they think that if I cannot sell it, I will lose my company.",afraid,fearful,16,22,doing,performing,26,31,-4.90625,-5.03125,-9.9375,-6.71875,-8.125,-14.84375,4.90625,-6.71875,-7.75,-14.46875,4.53125,3.199388586956522,3.744735054347826,73.5859375,86.12890625,23,23,0.5453464673913042,-3.199388586956522,-3.744735054347826,0.5453464673913042,[9202],[2509],[35268],[9591],[35268],[9591],"[""Ġafraid""]","[""Ġdoing""]","[""Ġfearful""]","[""Ġperforming""]","[""Ġfearful""]","[""Ġperforming""]"
649,prolex,"Some owners are afraid of doing new things, they think that if I cannot sell it, I will lose my company.","Some owners are nervous of performing new things, they think that if I cannot sell it, I will lose my company.",afraid,nervous,16,22,doing,performing,26,31,-4.90625,-5.03125,-9.9375,-6.78125,-8.125,-14.90625,4.96875,-6.71875,-7.875,-14.59375,4.65625,3.199388586956522,3.8700747282608696,73.5859375,89.01171875,23,23,0.6706861413043477,-3.199388586956522,-3.8700747282608696,0.6706861413043477,[9202],[2509],[11219],[9591],[11219],[9591],"[""Ġafraid""]","[""Ġdoing""]","[""Ġnervous""]","[""Ġperforming""]","[""Ġnervous""]","[""Ġperforming""]"
651,prolex,"Some owners are afraid of doing new things, they think that if I cannot sell it, I will lose my company.","Some owners are anxious of performing new things, they think that if I cannot sell it, I will lose my company.",afraid,anxious,16,22,doing,performing,26,31,-4.90625,-5.03125,-9.9375,-6.84375,-8.125,-14.96875,5.03125,-6.84375,-7.4375,-14.28125,4.34375,3.199388586956522,3.881963315217391,73.5859375,89.28515625,23,23,0.6825747282608692,-3.199388586956522,-3.881963315217391,0.6825747282608692,[9202],[2509],[20138],[9591],[20138],[9591],"[""Ġafraid""]","[""Ġdoing""]","[""Ġanxious""]","[""Ġperforming""]","[""Ġanxious""]","[""Ġperforming""]"
652,prolex,He has the confidence and he is the first person in india to buy stakes for such a high price.,He has the confidence and he is the first individual in india to buy shares for such a high price.,stakes,shares,65,71,person,individual,42,48,-11.0625,-2.0625,-13.125,-6.03125,-8.0625,-14.09375,0.96875,-5.53125,-8.0625,-13.59375,0.46875,3.776646205357143,3.617466517857143,79.3095703125,75.966796875,21,21,-0.1591796875,-3.776646205357143,-3.617466517857143,-0.1591796875,[36309],[1436],[10764],[2060],[10764],[2060],"[""Ġstakes""]","[""Ġperson""]","[""Ġshares""]","[""Ġindividual""]","[""Ġshares""]","[""Ġindividual""]"
653,prolex,He has the confidence and he is the first person in india to buy stakes for such a high price.,He has the confidence and he is the first individual in india to buy securities for such a high price.,stakes,securities,65,71,person,individual,42,48,-11.0625,-2.0625,-13.125,-12.0625,-8.0625,-20.125,7.0,-11.25,-8.0625,-19.3125,6.1875,3.776646205357143,3.8765811011904763,79.3095703125,81.408203125,21,21,0.09993489583333348,-3.776646205357143,-3.8765811011904763,0.09993489583333348,[36309],[1436],[23175],[2060],[23175],[2060],"[""Ġstakes""]","[""Ġperson""]","[""Ġsecurities""]","[""Ġindividual""]","[""Ġsecurities""]","[""Ġindividual""]"
654,prolex,if the student got a good mark in the class he probably liked the class.,if the pupil got a good score in the class he probably liked the class.,mark,score,26,30,student,pupil,7,14,-2.421875,-6.6875,-9.109375,-1.9140625,-9.5,-11.4140625,2.3046875,-3.21875,-9.5,-12.71875,3.609375,3.5708333333333333,4.179427083333334,53.5625,62.69140625,15,15,0.6085937500000003,-3.5708333333333333,-4.179427083333334,0.6085937500000003,[1616],[5974],[4868],[35048],[4868],[35048],"[""Ġmark""]","[""Ġstudent""]","[""Ġscore""]","[""Ġpupil""]","[""Ġscore""]","[""Ġpupil""]"
655,prolex,if the student got a good mark in the class he probably liked the class.,if the pupil got a good grade in the class he probably liked the class.,mark,grade,26,30,student,pupil,7,14,-2.421875,-6.6875,-9.109375,-0.91015625,-9.5,-10.41015625,1.30078125,-2.03125,-9.5,-11.53125,2.421875,3.5708333333333333,3.7953125,53.5625,56.9296875,15,15,0.22447916666666679,-3.5708333333333333,-3.7953125,0.22447916666666679,[1616],[5974],[9646],[35048],[9646],[35048],"[""Ġmark""]","[""Ġstudent""]","[""Ġgrade""]","[""Ġpupil""]","[""Ġgrade""]","[""Ġpupil""]"
656,prolex,"Actually, life has two great phases ; young and adult.","Actually, life has two great phases ; youthful and mature.",adult,mature,48,53,young,youthful,38,43,-6.6875,-6.625,-13.3125,-4.6875,-9.125,-13.8125,0.5,-2.4375,-9.0625,-11.5,-1.8125,5.056463068181818,4.941761363636363,55.62109375,54.359375,11,11,-0.11470170454545503,-5.056463068181818,-4.941761363636363,-0.11470170454545503,[6782],[2872],[14242],[44098],[14242],[44098],"[""Ġadult""]","[""Ġyoung""]","[""Ġmature""]","[""Ġyouthful""]","[""Ġmature""]","[""Ġyouthful""]"
657,prolex,In conclusion agree with the statement that tock about to specialize in one specific subjet because the factories want the worker to be specialized in a.sector job.,In conclusion agree with the assertion that tock about to specialize in one specific subjet because the industries want the worker to be specialized in a.sector job.,factories,industries,104,113,statement,assertion,29,38,-12.5625,-3.78125,-16.34375,-8.75,-6.84375,-15.59375,-0.75,-9.1875,-6.84375,-16.03125,-0.3125,5.1380615234375,5.2037353515625,164.41796875,166.51953125,32,32,0.065673828125,-5.1380615234375,-5.2037353515625,0.065673828125,[29492],[3908],[17057],[17077],[17057],[17077],"[""Ġfactories""]","[""Ġstatement""]","[""Ġindustries""]","[""Ġassertion""]","[""Ġindustries""]","[""Ġassertion""]"
658,prolex,"All successful people, like Edison, Einstein, have said few have always thought about different topics and concentrated on areas where little people have ventured out.","All successful people, like Edison, Einstein, have stated few have always thought about different topics and concentrated on areas where little people have stepped out.",ventured,stepped,154,162,said,stated,51,55,-7.125,-5.15625,-12.28125,-8.5,-7.46875,-15.96875,3.6875,-8.3125,-7.53125,-15.84375,3.5625,4.810128348214286,4.867536272321429,134.68359375,136.291015625,28,28,0.05740792410714324,-4.810128348214286,-4.867536272321429,0.05740792410714324,[50193],[753],[12293],[4767],[12293],[4767],"[""Ġventured""]","[""Ġsaid""]","[""Ġstepped""]","[""Ġstated""]","[""Ġstepped""]","[""Ġstated""]"
659,prolex,"To me, I think understanding ideas is more interesting than learning facts.","To me, I believe understanding ideas is more intriguing than learning facts.",interesting,intriguing,43,54,think,believe,9,14,-4.3125,-1.7734375,-6.0859375,-8.5625,-3.71875,-12.28125,6.1953125,-8.8125,-3.765625,-12.578125,6.4921875,3.4658954326923075,3.9789663461538463,45.056640625,51.7265625,13,13,0.5130709134615388,-3.4658954326923075,-3.9789663461538463,0.5130709134615388,[4722],[1158],[27807],[2868],[27807],[2868],"[""Ġinteresting""]","[""Ġthink""]","[""Ġintriguing""]","[""Ġbelieve""]","[""Ġintriguing""]","[""Ġbelieve""]"
660,prolex,"To me, I think understanding ideas is more interesting than learning facts.","To me, I believe understanding ideas is more engaging than learning facts.",interesting,engaging,43,54,think,believe,9,14,-4.3125,-1.7734375,-6.0859375,-7.59375,-3.71875,-11.3125,5.2265625,-7.78125,-3.765625,-11.546875,5.4609375,3.4658954326923075,3.8861177884615383,45.056640625,50.51953125,13,13,0.42022235576923084,-3.4658954326923075,-3.8861177884615383,0.42022235576923084,[4722],[1158],[15966],[2868],[15966],[2868],"[""Ġinteresting""]","[""Ġthink""]","[""Ġengaging""]","[""Ġbelieve""]","[""Ġengaging""]","[""Ġbelieve""]"
661,prolex,"To me, I think understanding ideas is more interesting than learning facts.","To me, I believe understanding ideas is more fascinating than learning facts.",interesting,fascinating,43,54,think,believe,9,14,-4.3125,-1.7734375,-6.0859375,-7.65625,-3.71875,-11.375,5.2890625,-7.90625,-3.765625,-11.671875,5.5859375,3.4658954326923075,3.8979867788461537,45.056640625,50.673828125,13,13,0.43209134615384626,-3.4658954326923075,-3.8979867788461537,0.43209134615384626,[4722],[1158],[20996],[2868],[20996],[2868],"[""Ġinteresting""]","[""Ġthink""]","[""Ġfascinating""]","[""Ġbelieve""]","[""Ġfascinating""]","[""Ġbelieve""]"
663,prolex,"To me, I think understanding ideas is more interesting than learning facts.","To me, I believe understanding ideas is more appealing than learning facts.",interesting,appealing,43,54,think,believe,9,14,-4.3125,-1.7734375,-6.0859375,-7.78125,-3.71875,-11.5,5.4140625,-8.125,-3.765625,-11.890625,5.8046875,3.4658954326923075,3.9705528846153846,45.056640625,51.6171875,13,13,0.5046574519230771,-3.4658954326923075,-3.9705528846153846,0.5046574519230771,[4722],[1158],[23176],[2868],[23176],[2868],"[""Ġinteresting""]","[""Ġthink""]","[""Ġappealing""]","[""Ġbelieve""]","[""Ġappealing""]","[""Ġbelieve""]"
664,prolex,"Second they can think differently about the stuff , where they came from , and starting to ask themselves a question is this clear, it is real , so in the end they can believe in it .","Second they can believe differently about the stuff , where they originated from , and starting to ask themselves a question is this clear, it is real , so in the end they can believe in it .",came,originated,63,67,think,believe,16,21,-6.15625,-7.3125,-13.46875,-11.3125,-8.25,-19.5625,6.09375,-9.75,-8.3125,-18.0625,4.59375,4.080309416118421,4.411287006578948,155.0517578125,167.62890625,38,38,0.33097759046052655,-4.080309416118421,-4.411287006578948,0.33097759046052655,[2210],[1158],[23923],[2868],[23923],[2868],"[""Ġcame""]","[""Ġthink""]","[""Ġoriginated""]","[""Ġbelieve""]","[""Ġoriginated""]","[""Ġbelieve""]"
667,prolex,Thus I agree with the statement and oppose aspecialize knowledge.,Thus I concur with the assertion and oppose aspecialize knowledge.,agree,concur,7,12,statement,assertion,22,31,-5.59375,-3.90625,-9.5,-7.90625,-6.03125,-13.9375,4.4375,-7.90625,-6.53125,-14.4375,4.9375,5.3916015625,5.9775390625,64.69921875,71.73046875,12,12,0.5859375,-5.3916015625,-5.9775390625,0.5859375,[5194],[3908],[15038],[17077],[15038],[17077],"[""Ġagree""]","[""Ġstatement""]","[""Ġconcur""]","[""Ġassertion""]","[""Ġconcur""]","[""Ġassertion""]"
668,prolex,Thus I agree with the statement and oppose aspecialize knowledge.,Thus I align with the assertion and oppose aspecialize knowledge.,agree,align,7,12,statement,assertion,22,31,-5.59375,-3.90625,-9.5,-12.5625,-6.03125,-18.59375,9.09375,-12.5,-6.4375,-18.9375,9.4375,5.3916015625,6.292317708333333,64.69921875,75.5078125,12,12,0.900716145833333,-5.3916015625,-6.292317708333333,0.900716145833333,[5194],[3908],[8495],[17077],[8495],[17077],"[""Ġagree""]","[""Ġstatement""]","[""Ġalign""]","[""Ġassertion""]","[""Ġalign""]","[""Ġassertion""]"
669,prolex,"For example, if you know what is happening in Iraq, if you don't have an understanding of it, you don't do anything about it.","For instance, if you know what is occurring in Iraq, if you don't have an understanding of it, you don't do anything about it.",happening,occurring,33,42,example,instance,4,11,-2.921875,-3.671875,-6.59375,-6.75,-3.671875,-10.421875,3.828125,-6.4375,-3.546875,-9.984375,3.390625,2.2410993904903016,2.4177204000538794,64.99188232421875,70.1138916015625,29,29,0.17662100956357785,-2.2410993904903016,-2.4177204000538794,0.17662100956357785,[9369],[1650],[12952],[4227],[12952],[4227],"[""Ġhappening""]","[""Ġexample""]","[""Ġoccurring""]","[""Ġinstance""]","[""Ġoccurring""]","[""Ġinstance""]"
671,prolex,"For example, if you know what is happening in Iraq, if you don't have an understanding of it, you don't do anything about it.","For instance, if you know what is unfolding in Iraq, if you don't have an understanding of it, you don't do anything about it.",happening,unfolding,33,42,example,instance,4,11,-2.921875,-3.671875,-6.59375,-11.0625,-3.671875,-14.734375,8.140625,-10.6875,-3.546875,-14.234375,7.640625,2.2410993904903016,2.513238314924569,64.99188232421875,72.8839111328125,29,29,0.27213892443426735,-2.2410993904903016,-2.513238314924569,0.27213892443426735,[9369],[1650],[40132],[4227],[40132],[4227],"[""Ġhappening""]","[""Ġexample""]","[""Ġunfolding""]","[""Ġinstance""]","[""Ġunfolding""]","[""Ġinstance""]"
672,prolex,"To save the world, a lot of countries will reduce the number of cars to stop global warming.","To save the world, a lot of nations will decrease the number of cars to stop global warming.",reduce,decrease,43,49,countries,nations,28,37,-10.1875,-7.0625,-17.25,-12.5625,-7.9375,-20.5,3.25,-11.75,-7.9375,-19.6875,2.4375,3.2120746813322367,3.404830129523026,61.0294189453125,64.6917724609375,19,19,0.19275544819078938,-3.2120746813322367,-3.404830129523026,0.19275544819078938,[4796],[4343],[6379],[12390],[6379],[12390],"[""Ġreduce""]","[""Ġcountries""]","[""Ġdecrease""]","[""Ġnations""]","[""Ġdecrease""]","[""Ġnations""]"
674,prolex,"To save the world, a lot of countries will reduce the number of cars to stop global warming.","To save the world, a lot of nations will lower the number of cars to stop global warming.",reduce,lower,43,49,countries,nations,28,37,-10.1875,-7.0625,-17.25,-11.25,-7.9375,-19.1875,1.9375,-10.8125,-7.9375,-18.75,1.5,3.2120746813322367,3.4365876850328947,61.0294189453125,65.295166015625,19,19,0.22451300370065796,-3.2120746813322367,-3.4365876850328947,0.22451300370065796,[4796],[4343],[2406],[12390],[2406],[12390],"[""Ġreduce""]","[""Ġcountries""]","[""Ġlower""]","[""Ġnations""]","[""Ġlower""]","[""Ġnations""]"
675,prolex,"Because television advertisements play a huge part in Japan, people who make the advertisements end up focusing on the ""side effects"" rather than the actual usefulness of the affection of a product.","Because television ads play a huge part in Japan, people who make the advertisements end up focusing on the ""side effects"" rather than the real usefulness of the affection of a product.",actual,real,150,156,advertisements,ads,19,33,-1.9921875,-5.9375,-7.9296875,-4.375,-5.3125,-9.6875,1.7578125,-4.40625,-5.25,-9.65625,1.7265625,3.7056204659598215,3.8832833426339284,129.69671630859375,135.9149169921875,35,35,0.17766287667410685,-3.7056204659598215,-3.8832833426339284,0.17766287667410685,[4588],[32933],[1524],[16557],[1524],[16557],"[""Ġactual""]","[""Ġadvertisements""]","[""Ġreal""]","[""Ġads""]","[""Ġreal""]","[""Ġads""]"
676,prolex,"Because television advertisements play a huge part in Japan, people who make the advertisements end up focusing on the ""side effects"" rather than the actual usefulness of the affection of a product.","Because television ads play a huge part in Japan, people who make the advertisements end up focusing on the ""side effects"" rather than the genuine usefulness of the affection of a product.",actual,genuine,150,156,advertisements,ads,19,33,-1.9921875,-5.9375,-7.9296875,-7.875,-5.3125,-13.1875,5.2578125,-7.90625,-5.25,-13.15625,5.2265625,3.7056204659598215,3.9367152622767856,129.69671630859375,137.7850341796875,35,35,0.23109479631696406,-3.7056204659598215,-3.9367152622767856,0.23109479631696406,[4588],[32933],[13241],[16557],[13241],[16557],"[""Ġactual""]","[""Ġadvertisements""]","[""Ġgenuine""]","[""Ġads""]","[""Ġgenuine""]","[""Ġads""]"
679,prolex,The groups usually visited fewer places,The groups normally explored fewer places,visited,explored,19,26,usually,normally,11,18,-7.28125,-7.09375,-14.375,-10.25,-8.9375,-19.1875,4.8125,-10.1875,-9.0,-19.1875,4.8125,7.134375,8.253125,35.671875,41.265625,5,5,1.1187500000000004,-7.134375,-8.253125,1.1187500000000004,[11580],[3798],[14859],[9403],[14859],[9403],"[""Ġvisited""]","[""Ġusually""]","[""Ġexplored""]","[""Ġnormally""]","[""Ġexplored""]","[""Ġnormally""]"
680,prolex,"A lot of people argue that nowadays, young people do not give enough time to helping their communities, to help people.","A lot of people claim that nowadays, youthful people do not give enough time to helping their communities, to help people.",argue,claim,16,21,young,youthful,37,42,-6.96875,-6.5625,-13.53125,-6.34375,-11.8125,-18.15625,4.625,-6.34375,-10.875,-17.21875,3.6875,3.141431725543478,3.5624787703804346,72.2529296875,81.93701171875,23,23,0.42104704483695654,-3.141431725543478,-3.5624787703804346,0.42104704483695654,[9059],[2872],[1750],[44098],[1750],[44098],"[""Ġargue""]","[""Ġyoung""]","[""Ġclaim""]","[""Ġyouthful""]","[""Ġclaim""]","[""Ġyouthful""]"
681,prolex,"A lot of people argue that nowadays, young people do not give enough time to helping their communities, to help people.","A lot of people contend that nowadays, youthful people do not give enough time to helping their communities, to help people.",argue,contend,16,21,young,youthful,37,42,-6.96875,-6.5625,-13.53125,-10.875,-11.8125,-22.6875,9.15625,-10.9375,-10.0,-20.9375,7.40625,3.141431725543478,3.683975883152174,72.2529296875,84.7314453125,23,23,0.5425441576086958,-3.141431725543478,-3.683975883152174,0.5425441576086958,[9059],[2872],[21244],[44098],[21244],[44098],"[""Ġargue""]","[""Ġyoung""]","[""Ġcontend""]","[""Ġyouthful""]","[""Ġcontend""]","[""Ġyouthful""]"
682,prolex,"A lot of people argue that nowadays, young people do not give enough time to helping their communities, to help people.","A lot of people assert that nowadays, youthful people do not give enough time to helping their communities, to help people.",argue,assert,16,21,young,youthful,37,42,-6.96875,-6.5625,-13.53125,-11.0,-11.8125,-22.8125,9.28125,-11.0,-10.1875,-21.1875,7.65625,3.141431725543478,3.7468580163043477,72.2529296875,86.177734375,23,23,0.6054262907608696,-3.141431725543478,-3.7468580163043477,0.6054262907608696,[9059],[2872],[4138],[44098],[4138],[44098],"[""Ġargue""]","[""Ġyoung""]","[""Ġassert""]","[""Ġyouthful""]","[""Ġassert""]","[""Ġyouthful""]"
683,prolex,The travelers who are also customers of a tour guide don't need to learn about the destination.,The travelers who are likewise customers of a tour guide don't need to learn about the location.,destination,location,83,94,also,likewise,22,26,-3.8125,-6.25,-10.0625,-4.9375,-11.375,-16.3125,6.25,-4.5625,-11.375,-15.9375,5.875,3.9452039930555554,4.271050347222222,71.013671875,76.87890625,18,18,0.32584635416666696,-3.9452039930555554,-4.271050347222222,0.32584635416666696,[12095],[671],[4328],[21223],[4328],[21223],"[""Ġdestination""]","[""Ġalso""]","[""Ġlocation""]","[""Ġlikewise""]","[""Ġlocation""]","[""Ġlikewise""]"
684,prolex,The travelers who are also customers of a tour guide don't need to learn about the destination.,The travelers who are likewise customers of a tour guide don't need to learn about the place.,destination,place,83,94,also,likewise,22,26,-3.8125,-6.25,-10.0625,-3.8125,-11.375,-15.1875,5.125,-4.125,-11.375,-15.5,5.4375,3.9452039930555554,4.242404513888889,71.013671875,76.36328125,18,18,0.2972005208333339,-3.9452039930555554,-4.242404513888889,0.2972005208333339,[12095],[671],[1659],[21223],[1659],[21223],"[""Ġdestination""]","[""Ġalso""]","[""Ġplace""]","[""Ġlikewise""]","[""Ġplace""]","[""Ġlikewise""]"
689,prolex,In conclusion i think commercials will not convey the complete and better information because they gain profits .,In conclusion i believe commercials will not convey the full and better information because they gain profits .,complete,full,54,62,think,believe,16,21,-5.6875,-2.375,-8.0625,-3.640625,-3.3125,-6.953125,-1.109375,-3.734375,-3.25,-6.984375,-1.078125,5.8986672794117645,5.768382352941177,100.27734375,98.0625,17,17,-0.13028492647058787,-5.8986672794117645,-5.768382352941177,-0.13028492647058787,[3426],[1158],[2120],[2868],[2120],[2868],"[""Ġcomplete""]","[""Ġthink""]","[""Ġfull""]","[""Ġbelieve""]","[""Ġfull""]","[""Ġbelieve""]"
690,prolex,"In conclusion, I definitely prefer specializing in one specific subject because it intensifies people's exciting studying environments and future occupation needs professional knowledge in one specific subject.","In conclusion, I definitely favor specializing in one specific subject because it intensifies people's stimulating studying environments and future occupation needs professional knowledge in one specific subject.",exciting,stimulating,104,112,prefer,favor,28,34,-13.875,-4.65625,-18.53125,-14.0,-8.625,-22.625,4.09375,-13.75,-8.5625,-22.3125,3.78125,4.961193453881048,5.005961756552419,153.7969970703125,155.184814453125,31,31,0.044768302671370996,-4.961193453881048,-5.005961756552419,0.044768302671370996,[12302],[4510],[28502],[3718],[28502],[3718],"[""Ġexciting""]","[""Ġprefer""]","[""Ġstimulating""]","[""Ġfavor""]","[""Ġstimulating""]","[""Ġfavor""]"
691,prolex,"In conclusion, I definitely prefer specializing in one specific subject because it intensifies people's exciting studying environments and future occupation needs professional knowledge in one specific subject.","In conclusion, I definitely favor specializing in one specific subject because it intensifies people's engaging studying environments and future occupation needs professional knowledge in one specific subject.",exciting,engaging,104,112,prefer,favor,28,34,-13.875,-4.65625,-18.53125,-11.6875,-8.625,-20.3125,1.78125,-11.5625,-8.5625,-20.125,1.59375,4.961193453881048,5.027383127520161,153.7969970703125,155.848876953125,31,31,0.06618967363911299,-4.961193453881048,-5.027383127520161,0.06618967363911299,[12302],[4510],[15966],[3718],[15966],[3718],"[""Ġexciting""]","[""Ġprefer""]","[""Ġengaging""]","[""Ġfavor""]","[""Ġengaging""]","[""Ġfavor""]"
692,prolex,"In conclusion, I definitely prefer specializing in one specific subject because it intensifies people's exciting studying environments and future occupation needs professional knowledge in one specific subject.","In conclusion, I definitely favor specializing in one specific subject because it intensifies people's thrilling studying environments and future occupation needs professional knowledge in one specific subject.",exciting,thrilling,104,112,prefer,favor,28,34,-13.875,-4.65625,-18.53125,-16.125,-8.625,-24.75,6.21875,-15.4375,-8.5625,-24.0,5.46875,4.961193453881048,5.097569619455645,153.7969970703125,158.024658203125,31,31,0.13637616557459697,-4.961193453881048,-5.097569619455645,0.13637616557459697,[12302],[4510],[47330],[3718],[47330],[3718],"[""Ġexciting""]","[""Ġprefer""]","[""Ġthrilling""]","[""Ġfavor""]","[""Ġthrilling""]","[""Ġfavor""]"
694,prolex,but if you are a man who isn't open to new ideas and you don't produce new things you are not a good employee or a good boss.,but if you are a man who isn't open to new thoughts and you don't produce new things you are not a good worker or a good boss.,employee,worker,101,109,ideas,thoughts,43,48,-5.59375,-2.0,-7.59375,-6.65625,-5.46875,-12.125,4.53125,-7.9375,-5.375,-13.3125,5.71875,2.889446512858073,3.1769012451171874,86.68339538574219,95.30703735351562,30,30,0.28745473225911455,-2.889446512858073,-3.1769012451171874,0.28745473225911455,[8183],[5697],[12954],[7906],[12954],[7906],"[""Ġemployee""]","[""Ġideas""]","[""Ġworker""]","[""Ġthoughts""]","[""Ġworker""]","[""Ġthoughts""]"
695,prolex,"What is important to say too, is that there are many pupils who help other pupils with their homework and learn with them for tests or other things like that.","What is significant to say too, is that there are many students who help other pupils with their homework and learn with them for tests or other things like that.",pupils,students,53,59,important,significant,8,17,-10.5625,-6.0,-16.5625,-6.53125,-9.0625,-15.59375,-0.96875,-6.34375,-9.0625,-15.40625,-1.15625,3.1751512096774195,3.418157762096774,98.4296875,105.962890625,31,31,0.24300655241935454,-3.1751512096774195,-3.418157762096774,0.24300655241935454,[30980],[1774],[3484],[1534],[3484],[1534],"[""Ġpupils""]","[""Ġimportant""]","[""Ġstudents""]","[""Ġsignificant""]","[""Ġstudents""]","[""Ġsignificant""]"
696,prolex,"What is important to say too, is that there are many pupils who help other pupils with their homework and learn with them for tests or other things like that.","What is significant to say too, is that there are many learners who help other pupils with their homework and learn with them for tests or other things like that.",pupils,learners,53,59,important,significant,8,17,-10.5625,-6.0,-16.5625,-10.0,-9.0625,-19.0625,2.5,-9.875,-9.0625,-18.9375,2.375,3.1751512096774195,3.455141129032258,98.4296875,107.109375,31,31,0.2799899193548385,-3.1751512096774195,-3.455141129032258,0.2799899193548385,[30980],[1774],[40390],[1534],[40390],[1534],"[""Ġpupils""]","[""Ġimportant""]","[""Ġlearners""]","[""Ġsignificant""]","[""Ġlearners""]","[""Ġsignificant""]"
697,prolex,"What is important to say too, is that there are many pupils who help other pupils with their homework and learn with them for tests or other things like that.","What is significant to say too, is that there are many classmates who help other pupils with their homework and learn with them for tests or other things like that.",pupils,classmates,53,59,important,significant,8,17,-10.5625,-6.0,-16.5625,-12.25,-9.0625,-21.3125,4.75,-11.9375,-9.0625,-21.0,4.4375,3.1751512096774195,3.509828629032258,98.4296875,108.8046875,31,31,0.3346774193548385,-3.1751512096774195,-3.509828629032258,0.3346774193548385,[30980],[1774],[47527],[1534],[47527],[1534],"[""Ġpupils""]","[""Ġimportant""]","[""Ġclassmates""]","[""Ġsignificant""]","[""Ġclassmates""]","[""Ġsignificant""]"
699,prolex,"I think I can make my trip meaningful, free from stress and of course fun.","I believe I can make my trip meaningful, free from pressure and of course fun.",stress,pressure,49,55,think,believe,2,7,-3.109375,-3.15625,-6.265625,-5.28125,-5.125,-10.40625,4.140625,-5.28125,-5.09375,-10.375,4.109375,3.8548583984375,4.14599609375,61.677734375,66.3359375,16,16,0.2911376953125,-3.8548583984375,-4.14599609375,0.2911376953125,[4073],[1158],[3473],[2868],[3473],[2868],"[""Ġstress""]","[""Ġthink""]","[""Ġpressure""]","[""Ġbelieve""]","[""Ġpressure""]","[""Ġbelieve""]"
700,prolex,"I think I can make my trip meaningful, free from stress and of course fun.","I believe I can make my trip meaningful, free from tension and of course fun.",stress,tension,49,55,think,believe,2,7,-3.109375,-3.15625,-6.265625,-6.78125,-5.125,-11.90625,5.640625,-6.21875,-5.09375,-11.3125,5.046875,3.8548583984375,4.197509765625,61.677734375,67.16015625,16,16,0.3426513671875,-3.8548583984375,-4.197509765625,0.3426513671875,[4073],[1158],[12415],[2868],[12415],[2868],"[""Ġstress""]","[""Ġthink""]","[""Ġtension""]","[""Ġbelieve""]","[""Ġtension""]","[""Ġbelieve""]"
701,prolex,"I think I can make my trip meaningful, free from stress and of course fun.","I believe I can make my trip meaningful, free from anxiety and of course fun.",stress,anxiety,49,55,think,believe,2,7,-3.109375,-3.15625,-6.265625,-4.15625,-5.125,-9.28125,3.015625,-3.90625,-5.09375,-9.0,2.734375,3.8548583984375,4.0623779296875,61.677734375,64.998046875,16,16,0.20751953125,-3.8548583984375,-4.0623779296875,0.20751953125,[4073],[1158],[10397],[2868],[10397],[2868],"[""Ġstress""]","[""Ġthink""]","[""Ġanxiety""]","[""Ġbelieve""]","[""Ġanxiety""]","[""Ġbelieve""]"
702,prolex,"I think I can make my trip meaningful, free from stress and of course fun.","I believe I can make my trip meaningful, free from strain and of course fun.",stress,strain,49,55,think,believe,2,7,-3.109375,-3.15625,-6.265625,-8.3125,-5.125,-13.4375,7.171875,-7.90625,-5.09375,-13.0,6.734375,3.8548583984375,4.32177734375,61.677734375,69.1484375,16,16,0.4669189453125,-3.8548583984375,-4.32177734375,0.4669189453125,[4073],[1158],[7372],[2868],[7372],[2868],"[""Ġstress""]","[""Ġthink""]","[""Ġstrain""]","[""Ġbelieve""]","[""Ġstrain""]","[""Ġbelieve""]"
703,prolex,"I think I can make my trip meaningful, free from stress and of course fun.","I believe I can make my trip meaningful, free from worry and of course fun.",stress,worry,49,55,think,believe,2,7,-3.109375,-3.15625,-6.265625,-4.71875,-5.125,-9.84375,3.578125,-4.40625,-5.09375,-9.5,3.234375,3.8548583984375,4.1328125,61.677734375,66.125,16,16,0.2779541015625,-3.8548583984375,-4.1328125,0.2779541015625,[4073],[1158],[7664],[2868],[7664],[2868],"[""Ġstress""]","[""Ġthink""]","[""Ġworry""]","[""Ġbelieve""]","[""Ġworry""]","[""Ġbelieve""]"
708,prolex,"and I know many other associations doing really great work especially by young people , not only in my country but all over the world.","and I know many other groups performing really great work especially by young people , not only in my country but all over the world.",associations,groups,22,34,doing,performing,35,40,-9.625,-6.59375,-16.21875,-5.875,-12.0625,-17.9375,1.71875,-5.875,-9.6875,-15.5625,-0.65625,3.43802734375,3.50171875,85.95068359375,87.54296875,25,25,0.06369140625000025,-3.43802734375,-3.50171875,0.06369140625000025,[12485],[2509],[2390],[9591],[2390],[9591],"[""Ġassociations""]","[""Ġdoing""]","[""Ġgroups""]","[""Ġperforming""]","[""Ġgroups""]","[""Ġperforming""]"
709,prolex,"and I know many other associations doing really great work especially by young people , not only in my country but all over the world.","and I know many other organizations performing really great work especially by young people , not only in my country but all over the world.",associations,organizations,22,34,doing,performing,35,40,-9.625,-6.59375,-16.21875,-6.3125,-12.0625,-18.375,2.15625,-6.3125,-10.4375,-16.75,0.53125,3.43802734375,3.43603515625,85.95068359375,85.90087890625,25,25,-0.0019921874999999645,-3.43802734375,-3.43603515625,-0.0019921874999999645,[12485],[2509],[8889],[9591],[8889],[9591],"[""Ġassociations""]","[""Ġdoing""]","[""Ġorganizations""]","[""Ġperforming""]","[""Ġorganizations""]","[""Ġperforming""]"
710,prolex,"I think understanding ideas and concepts are more importantthan learning facts for two reasons ; effectiveness in another problem , and making a considerateperson.","I believe grasping ideas and concepts are more importantthan learning facts for two reasons ; effectiveness in another problem , and making a considerateperson.",understanding,grasping,8,21,think,believe,2,7,-9.8125,-3.234375,-13.046875,-14.4375,-5.125,-19.5625,6.515625,-14.75,-5.125,-19.875,6.828125,5.123951099537037,5.330295138888889,138.3466796875,143.91796875,27,27,0.20634403935185208,-5.123951099537037,-5.330295138888889,0.20634403935185208,[4685],[1158],[48635],[2868],[48635],[2868],"[""Ġunderstanding""]","[""Ġthink""]","[""Ġgrasping""]","[""Ġbelieve""]","[""Ġgrasping""]","[""Ġbelieve""]"
712,prolex,"The two possibilities represent two kinds of ideas, and the use of the first one,in contrast to the use of the second one is different case by case.","The two possibilities represent two kinds of thoughts, and the use of the first one,in contrast to the use of the other one is different case by case.",second,other,111,117,ideas,thoughts,45,50,-0.158203125,-7.0625,-7.220703125,-2.765625,-7.625,-10.390625,3.169921875,-2.65625,-7.5625,-10.21875,2.998046875,3.314969954952117,3.465948289440524,102.76406860351562,107.44439697265625,31,31,0.15097833448840703,-3.314969954952117,-3.465948289440524,0.15097833448840703,[1273],[5697],[643],[7906],[643],[7906],"[""Ġsecond""]","[""Ġideas""]","[""Ġother""]","[""Ġthoughts""]","[""Ġother""]","[""Ġthoughts""]"
713,prolex,"The two possibilities represent two kinds of ideas, and the use of the first one,in contrast to the use of the second one is different case by case.","The two possibilities represent two kinds of thoughts, and the use of the first one,in contrast to the use of the next one is different case by case.",second,next,111,117,ideas,thoughts,45,50,-0.158203125,-7.0625,-7.220703125,-9.5,-7.625,-17.125,9.904296875,-9.125,-7.5625,-16.6875,9.466796875,3.314969954952117,3.6497881489415325,102.76406860351562,113.1434326171875,31,31,0.3348181939894155,-3.314969954952117,-3.6497881489415325,0.3348181939894155,[1273],[5697],[1735],[7906],[1735],[7906],"[""Ġsecond""]","[""Ġideas""]","[""Ġnext""]","[""Ġthoughts""]","[""Ġnext""]","[""Ġthoughts""]"
714,prolex,"So the reasons i think are studying, apartment and professionalizing of jobs.","So the reasons i believe are studying, flat and professionalizing of jobs.",apartment,flat,37,46,think,believe,17,22,-12.5625,-3.390625,-15.953125,-11.625,-4.71875,-16.34375,0.390625,-11.25,-4.75,-16.0,0.046875,6.095424107142857,6.096540178571429,85.3359375,85.3515625,14,14,0.001116071428572063,-6.095424107142857,-6.096540178571429,0.001116071428572063,[10230],[1158],[6507],[2868],[6507],[2868],"[""Ġapartment""]","[""Ġthink""]","[""Ġflat""]","[""Ġbelieve""]","[""Ġflat""]","[""Ġbelieve""]"
715,prolex,"-Finally, the best way for students to be efficient in their future jobs is to be able to justify their acts, to support their decisions with explanations.","-Finally, the best way for pupils to be efficient in their future jobs is to be able to justify their acts, to support their decisions with reasons.",explanations,reasons,142,154,students,pupils,27,35,-5.5625,-4.625,-10.1875,-3.4375,-8.75,-12.1875,2.0,-3.109375,-8.6875,-11.796875,1.609375,3.5484049479166666,3.6068522135416665,106.4521484375,108.20556640625,30,30,0.05844726562499991,-3.5484049479166666,-3.6068522135416665,0.05844726562499991,[22909],[3484],[4606],[30980],[4606],[30980],"[""Ġexplanations""]","[""Ġstudents""]","[""Ġreasons""]","[""Ġpupils""]","[""Ġreasons""]","[""Ġpupils""]"
718,prolex,"They no longer have the power they had, nor in their childhood not in their young days.","They no longer have the power they had, nor in their youth not in their youthful days.",childhood,youth,53,62,young,youthful,76,81,-8.375,-4.65625,-13.03125,-6.6875,-6.28125,-12.96875,-0.0625,-6.71875,-6.6875,-13.40625,0.375,3.747829861111111,3.7278645833333335,67.4609375,67.1015625,18,18,-0.01996527777777768,-3.747829861111111,-3.7278645833333335,-0.01996527777777768,[11948],[2872],[8920],[44098],[8920],[44098],"[""Ġchildhood""]","[""Ġyoung""]","[""Ġyouth""]","[""Ġyouthful""]","[""Ġyouth""]","[""Ġyouthful""]"
724,prolex,It is essential for a scientist that he must be patient and concentrate on something instead of trying new things and taking risks.,It is essential for a scientist that he must be patient and concentrate on something instead of attempting new things and embracing risks.,taking,embracing,118,124,trying,attempting,96,102,-4.71875,-4.5,-9.21875,-10.5,-7.46875,-17.96875,8.75,-10.1875,-7.4375,-17.625,8.40625,3.442940090013587,3.9875222911005435,79.1876220703125,91.7130126953125,23,23,0.5445822010869565,-3.442940090013587,-3.9875222911005435,0.5445822010869565,[3192],[2820],[41859],[13756],[41859],[13756],"[""Ġtaking""]","[""Ġtrying""]","[""Ġembracing""]","[""Ġattempting""]","[""Ġembracing""]","[""Ġattempting""]"
725,prolex,"It's a common opinion that people who learned a vast number of generic notions ""know everything and know nothing at the same time"".","It's a common view that people who learned a vast number of generic concepts ""know everything and know nothing at the same time"".",notions,concepts,71,78,opinion,view,14,21,-9.125,-6.4375,-15.5625,-5.375,-6.3125,-11.6875,-3.875,-5.34375,-6.3125,-11.65625,-3.90625,3.714793701171875,3.567979736328125,92.86984252929688,89.19949340820312,25,25,-0.1468139648437501,-3.714793701171875,-3.567979736328125,-0.1468139648437501,[27367],[4743],[12342],[1859],[12342],[1859],"[""Ġnotions""]","[""Ġopinion""]","[""Ġconcepts""]","[""Ġview""]","[""Ġconcepts""]","[""Ġview""]"
726,prolex,"It's a common opinion that people who learned a vast number of generic notions ""know everything and know nothing at the same time"".","It's a common view that people who learned a vast number of generic ideas ""know everything and know nothing at the same time"".",notions,ideas,71,78,opinion,view,14,21,-9.125,-6.4375,-15.5625,-6.875,-6.3125,-13.1875,-2.375,-6.78125,-6.3125,-13.09375,-2.46875,3.714793701171875,3.665308837890625,92.86984252929688,91.63272094726562,25,25,-0.049484863281250124,-3.714793701171875,-3.665308837890625,-0.049484863281250124,[27367],[4743],[5697],[1859],[5697],[1859],"[""Ġnotions""]","[""Ġopinion""]","[""Ġideas""]","[""Ġview""]","[""Ġideas""]","[""Ġview""]"
727,prolex,"The gamblers always try new plates, new food and that excites them.","The gamblers invariably try new dishes, new food and that excites them.",plates,dishes,28,34,always,invariably,13,19,-15.0,-6.25,-21.25,-11.5,-10.25,-21.75,0.5,-12.75,-10.1875,-22.9375,1.6875,4.358138020833334,4.865755208333334,65.3720703125,72.986328125,15,15,0.5076171875000002,-4.358138020833334,-4.865755208333334,0.5076171875000002,[10855],[1900],[17114],[37504],[17114],[37504],"[""Ġplates""]","[""Ġalways""]","[""Ġdishes""]","[""Ġinvariably""]","[""Ġdishes""]","[""Ġinvariably""]"
729,prolex,"The gamblers always try new plates, new food and that excites them.","The gamblers invariably try new meals, new food and that excites them.",plates,meals,28,34,always,invariably,13,19,-15.0,-6.25,-21.25,-14.3125,-10.25,-24.5625,3.3125,-14.6875,-10.1875,-24.875,3.625,4.358138020833334,5.136458333333334,65.3720703125,77.046875,15,15,0.7783203125,-4.358138020833334,-5.136458333333334,0.7783203125,[10855],[1900],[16961],[37504],[16961],[37504],"[""Ġplates""]","[""Ġalways""]","[""Ġmeals""]","[""Ġinvariably""]","[""Ġmeals""]","[""Ġinvariably""]"
731,prolex,This is very helpful not only in regular activities is helpfulin studies . If,This is very helpful not just in routine activities is helpfulin studies . If,regular,routine,33,40,only,just,25,29,-8.75,-0.455078125,-9.205078125,-8.5625,-1.453125,-10.015625,0.810546875,-8.5625,-1.453125,-10.015625,0.810546875,5.6904296875,5.70703125,79.666015625,79.8984375,14,14,0.0166015625,-5.6904296875,-5.70703125,0.0166015625,[3963],[760],[10934],[816],[10934],[816],"[""Ġregular""]","[""Ġonly""]","[""Ġroutine""]","[""Ġjust""]","[""Ġroutine""]","[""Ġjust""]"
732,prolex,This is very helpful not only in regular activities is helpfulin studies . If,This is very helpful not just in ordinary activities is helpfulin studies . If,regular,ordinary,33,40,only,just,25,29,-8.75,-0.455078125,-9.205078125,-10.6875,-1.453125,-12.140625,2.935546875,-10.5,-1.453125,-11.953125,2.748046875,5.6904296875,5.968191964285714,79.666015625,83.5546875,14,14,0.2777622767857144,-5.6904296875,-5.968191964285714,0.2777622767857144,[3963],[760],[9826],[816],[9826],[816],"[""Ġregular""]","[""Ġonly""]","[""Ġordinary""]","[""Ġjust""]","[""Ġordinary""]","[""Ġjust""]"
733,prolex,This is very helpful not only in regular activities is helpfulin studies . If,This is very helpful not just in standard activities is helpfulin studies . If,regular,standard,33,40,only,just,25,29,-8.75,-0.455078125,-9.205078125,-9.125,-1.453125,-10.578125,1.373046875,-9.0625,-1.453125,-10.515625,1.310546875,5.6904296875,6.073102678571429,79.666015625,85.0234375,14,14,0.3826729910714288,-5.6904296875,-6.073102678571429,0.3826729910714288,[3963],[760],[2629],[816],[2629],[816],"[""Ġregular""]","[""Ġonly""]","[""Ġstandard""]","[""Ġjust""]","[""Ġstandard""]","[""Ġjust""]"
734,prolex,This is very helpful not only in regular activities is helpfulin studies . If,This is very helpful not just in usual activities is helpfulin studies . If,regular,usual,33,40,only,just,25,29,-8.75,-0.455078125,-9.205078125,-11.5,-1.453125,-12.953125,3.748046875,-11.3125,-1.453125,-12.765625,3.560546875,5.6904296875,6.012834821428571,79.666015625,84.1796875,14,14,0.3224051339285712,-5.6904296875,-6.012834821428571,0.3224051339285712,[3963],[760],[7312],[816],[7312],[816],"[""Ġregular""]","[""Ġonly""]","[""Ġusual""]","[""Ġjust""]","[""Ġusual""]","[""Ġjust""]"
735,prolex,This is very helpful not only in regular activities is helpfulin studies . If,This is very helpful not just in daily activities is helpfulin studies . If,regular,daily,33,40,only,just,25,29,-8.75,-0.455078125,-9.205078125,-6.96875,-1.453125,-8.421875,-0.783203125,-7.34375,-1.453125,-8.796875,-0.408203125,5.6904296875,5.608816964285714,79.666015625,78.5234375,14,14,-0.08161272321428559,-5.6904296875,-5.608816964285714,-0.08161272321428559,[3963],[760],[5312],[816],[5312],[816],"[""Ġregular""]","[""Ġonly""]","[""Ġdaily""]","[""Ġjust""]","[""Ġdaily""]","[""Ġjust""]"
736,prolex,People will succeed because they are not afraid to try any ways to achieve their goal.,People will succeed because they are not scared to try any means to achieve their goal.,afraid,scared,41,47,ways,means,59,63,-2.34375,-6.0,-8.34375,-5.09375,-5.5,-10.59375,2.25,-5.09375,-6.40625,-11.5,3.15625,3.09716796875,3.2623291015625,49.5546875,52.197265625,16,16,0.1651611328125,-3.09716796875,-3.2623291015625,0.1651611328125,[9202],[4088],[16060],[2097],[16060],[2097],"[""Ġafraid""]","[""Ġways""]","[""Ġscared""]","[""Ġmeans""]","[""Ġscared""]","[""Ġmeans""]"
737,prolex,People will succeed because they are not afraid to try any ways to achieve their goal.,People will succeed because they are not fearful to try any means to achieve their goal.,afraid,fearful,41,47,ways,means,59,63,-2.34375,-6.0,-8.34375,-6.28125,-5.5,-11.78125,3.4375,-6.28125,-6.0625,-12.34375,4.0,3.09716796875,3.4453125,49.5546875,55.125,16,16,0.34814453125,-3.09716796875,-3.4453125,0.34814453125,[9202],[4088],[35268],[2097],[35268],[2097],"[""Ġafraid""]","[""Ġways""]","[""Ġfearful""]","[""Ġmeans""]","[""Ġfearful""]","[""Ġmeans""]"
739,prolex,People will succeed because they are not afraid to try any ways to achieve their goal.,People will succeed because they are not frightened to try any means to achieve their goal.,afraid,frightened,41,47,ways,means,59,63,-2.34375,-6.0,-8.34375,-7.28125,-5.5,-12.78125,4.4375,-7.28125,-5.9375,-13.21875,4.875,3.09716796875,3.3995361328125,49.5546875,54.392578125,16,16,0.3023681640625,-3.09716796875,-3.3995361328125,0.3023681640625,[9202],[4088],[27185],[2097],[27185],[2097],"[""Ġafraid""]","[""Ġways""]","[""Ġfrightened""]","[""Ġmeans""]","[""Ġfrightened""]","[""Ġmeans""]"
740,prolex,People will succeed because they are not afraid to try any ways to achieve their goal.,People will succeed because they are not terrified to try any means to achieve their goal.,afraid,terrified,41,47,ways,means,59,63,-2.34375,-6.0,-8.34375,-8.5625,-5.5,-14.0625,5.71875,-8.5625,-6.28125,-14.84375,6.5,3.09716796875,3.6175537109375,49.5546875,57.880859375,16,16,0.5203857421875,-3.09716796875,-3.6175537109375,0.5203857421875,[9202],[4088],[32052],[2097],[32052],[2097],"[""Ġafraid""]","[""Ġways""]","[""Ġterrified""]","[""Ġmeans""]","[""Ġterrified""]","[""Ġmeans""]"
741,prolex,Microsoft which invented the most useful and the most common computer system in the world had huge risks to make the company.,Microsoft which devised the most useful and the most common computer system in the world had significant risks to make the company.,huge,significant,94,98,invented,devised,16,24,-7.59375,-9.5,-17.09375,-9.8125,-12.25,-22.0625,4.96875,-9.6875,-12.1875,-21.875,4.78125,4.229314630681818,4.558771306818182,93.044921875,100.29296875,22,22,0.3294566761363633,-4.229314630681818,-4.558771306818182,0.3294566761363633,[5699],[23179],[1534],[32434],[1534],[32434],"[""Ġhuge""]","[""Ġinvented""]","[""Ġsignificant""]","[""Ġdevised""]","[""Ġsignificant""]","[""Ġdevised""]"
742,prolex,Microsoft which invented the most useful and the most common computer system in the world had huge risks to make the company.,Microsoft which devised the most useful and the most common computer system in the world had substantial risks to make the company.,huge,substantial,94,98,invented,devised,16,24,-7.59375,-9.5,-17.09375,-11.6875,-12.25,-23.9375,6.84375,-11.0625,-12.1875,-23.25,6.15625,4.229314630681818,4.6301491477272725,93.044921875,101.86328125,22,22,0.40083451704545414,-4.229314630681818,-4.6301491477272725,0.40083451704545414,[5699],[23179],[6832],[32434],[6832],[32434],"[""Ġhuge""]","[""Ġinvented""]","[""Ġsubstantial""]","[""Ġdevised""]","[""Ġsubstantial""]","[""Ġdevised""]"
743,prolex,Microsoft which invented the most useful and the most common computer system in the world had huge risks to make the company.,Microsoft which devised the most useful and the most common computer system in the world had enormous risks to make the company.,huge,enormous,94,98,invented,devised,16,24,-7.59375,-9.5,-17.09375,-9.0,-12.25,-21.25,4.15625,-8.8125,-12.1875,-21.0,3.90625,4.229314630681818,4.514026988636363,93.044921875,99.30859375,22,22,0.28471235795454497,-4.229314630681818,-4.514026988636363,0.28471235795454497,[5699],[23179],[14779],[32434],[14779],[32434],"[""Ġhuge""]","[""Ġinvented""]","[""Ġenormous""]","[""Ġdevised""]","[""Ġenormous""]","[""Ġdevised""]"
744,prolex,Microsoft which invented the most useful and the most common computer system in the world had huge risks to make the company.,Microsoft which devised the most useful and the most common computer system in the world had great risks to make the company.,huge,great,94,98,invented,devised,16,24,-7.59375,-9.5,-17.09375,-6.96875,-12.25,-19.21875,2.125,-7.3125,-12.1875,-19.5,2.40625,4.229314630681818,4.432705965909091,93.044921875,97.51953125,22,22,0.20339133522727249,-4.229314630681818,-4.432705965909091,0.20339133522727249,[5699],[23179],[1270],[32434],[1270],[32434],"[""Ġhuge""]","[""Ġinvented""]","[""Ġgreat""]","[""Ġdevised""]","[""Ġgreat""]","[""Ġdevised""]"
745,prolex,Microsoft which invented the most useful and the most common computer system in the world had huge risks to make the company.,Microsoft which devised the most useful and the most common computer system in the world had massive risks to make the company.,huge,massive,94,98,invented,devised,16,24,-7.59375,-9.5,-17.09375,-8.875,-12.25,-21.125,4.03125,-9.1875,-12.1875,-21.375,4.28125,4.229314630681818,4.590021306818182,93.044921875,100.98046875,22,22,0.3607066761363633,-4.229314630681818,-4.590021306818182,0.3607066761363633,[5699],[23179],[7863],[32434],[7863],[32434],"[""Ġhuge""]","[""Ġinvented""]","[""Ġmassive""]","[""Ġdevised""]","[""Ġmassive""]","[""Ġdevised""]"
746,prolex,"If we travel to an unknown place with only a map and are confused by it, will we have a lot of fun in that place?","If we travel to an unfamiliar place with just a map and are confused by it, will we have a lot of fun in that place?",unknown,unfamiliar,19,26,only,just,38,42,-3.03125,-4.21875,-7.25,-3.4375,-5.375,-8.8125,1.5625,-3.40625,-5.78125,-9.1875,1.9375,2.9730541087962963,3.1229383680555554,80.2724609375,84.3193359375,27,27,0.14988425925925908,-2.9730541087962963,-3.1229383680555554,0.14988425925925908,[7202],[760],[32139],[816],[32139],[816],"[""Ġunknown""]","[""Ġonly""]","[""Ġunfamiliar""]","[""Ġjust""]","[""Ġunfamiliar""]","[""Ġjust""]"
747,prolex,"If we look at the statistics to understand how the tendency of the numbers of cars in use is, we see clearly that there is a permanent increase in car usage.","If we look at the data to understand how the tendency of the numbers of automobiles in use is, we see clearly that there is a permanent increase in car usage.",statistics,data,18,28,cars,automobiles,78,82,-5.6875,-6.125,-11.8125,-4.5,-9.125,-13.625,1.8125,-4.5,-9.25,-13.75,1.9375,3.131500244140625,3.261474609375,100.2080078125,104.3671875,32,32,0.129974365234375,-3.131500244140625,-3.261474609375,0.129974365234375,[9990],[8458],[941],[45056],[941],[45056],"[""Ġstatistics""]","[""Ġcars""]","[""Ġdata""]","[""Ġautomobiles""]","[""Ġdata""]","[""Ġautomobiles""]"
748,prolex,"If we look at the statistics to understand how the tendency of the numbers of cars in use is, we see clearly that there is a permanent increase in car usage.","If we look at the metrics to understand how the tendency of the numbers of automobiles in use is, we see clearly that there is a permanent increase in car usage.",statistics,metrics,18,28,cars,automobiles,78,82,-5.6875,-6.125,-11.8125,-8.5625,-9.125,-17.6875,5.875,-8.5625,-9.8125,-18.375,6.5625,3.131500244140625,3.4425048828125,100.2080078125,110.16015625,32,32,0.311004638671875,-3.131500244140625,-3.4425048828125,0.311004638671875,[9990],[8458],[17082],[45056],[17082],[45056],"[""Ġstatistics""]","[""Ġcars""]","[""Ġmetrics""]","[""Ġautomobiles""]","[""Ġmetrics""]","[""Ġautomobiles""]"
749,prolex,"If we look at the statistics to understand how the tendency of the numbers of cars in use is, we see clearly that there is a permanent increase in car usage.","If we look at the numbers to understand how the tendency of the numbers of automobiles in use is, we see clearly that there is a permanent increase in car usage.",statistics,numbers,18,28,cars,automobiles,78,82,-5.6875,-6.125,-11.8125,-5.1875,-9.125,-14.3125,2.5,-5.1875,-10.5,-15.6875,3.875,3.131500244140625,3.4556884765625,100.2080078125,110.58203125,32,32,0.324188232421875,-3.131500244140625,-3.4556884765625,0.324188232421875,[9990],[8458],[3904],[45056],[3904],[45056],"[""Ġstatistics""]","[""Ġcars""]","[""Ġnumbers""]","[""Ġautomobiles""]","[""Ġnumbers""]","[""Ġautomobiles""]"
750,prolex,"If we look at the statistics to understand how the tendency of the numbers of cars in use is, we see clearly that there is a permanent increase in car usage.","If we look at the info to understand how the tendency of the numbers of automobiles in use is, we see clearly that there is a permanent increase in car usage.",statistics,info,18,28,cars,automobiles,78,82,-5.6875,-6.125,-11.8125,-10.25,-9.125,-19.375,7.5625,-10.25,-9.75,-20.0,8.1875,3.131500244140625,3.58123779296875,100.2080078125,114.599609375,32,32,0.449737548828125,-3.131500244140625,-3.58123779296875,0.449737548828125,[9990],[8458],[8692],[45056],[8692],[45056],"[""Ġstatistics""]","[""Ġcars""]","[""Ġinfo""]","[""Ġautomobiles""]","[""Ġinfo""]","[""Ġautomobiles""]"
751,prolex,I saw on television a very beautiful advertisement for a make upset.,I saw on television a very attractive ad for a make upset.,beautiful,attractive,27,36,advertisement,ad,37,50,-3.5625,-7.0,-10.5625,-5.5625,-8.0625,-13.625,3.0625,-5.5625,-8.1875,-13.75,3.1875,5.319010416666667,5.559244791666667,63.828125,66.7109375,12,12,0.240234375,-5.319010416666667,-5.559244791666667,0.240234375,[5389],[28064],[12994],[519],[12994],[519],"[""Ġbeautiful""]","[""Ġadvertisement""]","[""Ġattractive""]","[""Ġad""]","[""Ġattractive""]","[""Ġad""]"
752,prolex,I saw on television a very beautiful advertisement for a make upset.,I saw on television a very appealing ad for a make upset.,beautiful,appealing,27,36,advertisement,ad,37,50,-3.5625,-7.0,-10.5625,-7.8125,-8.0625,-15.875,5.3125,-7.75,-5.25,-13.0,2.4375,5.319010416666667,5.536458333333333,63.828125,66.4375,12,12,0.21744791666666607,-5.319010416666667,-5.536458333333333,0.21744791666666607,[5389],[28064],[23176],[519],[23176],[519],"[""Ġbeautiful""]","[""Ġadvertisement""]","[""Ġappealing""]","[""Ġad""]","[""Ġappealing""]","[""Ġad""]"
753,prolex,Something like the situation I've just described occurred to me.,Something like the situation I've merely outlined occurred to me.,described,outlined,39,48,just,merely,34,38,-0.26171875,-2.09375,-2.35546875,-4.625,-11.8125,-16.4375,14.08203125,-3.40625,-11.8125,-15.21875,12.86328125,2.844327059659091,4.174893465909091,31.28759765625,45.923828125,11,11,1.33056640625,-2.844327059659091,-4.174893465909091,1.33056640625,[2529],[816],[18627],[7960],[18627],[7960],"[""Ġdescribed""]","[""Ġjust""]","[""Ġoutlined""]","[""Ġmerely""]","[""Ġoutlined""]","[""Ġmerely""]"
754,prolex,Something like the situation I've just described occurred to me.,Something like the situation I've merely explained occurred to me.,described,explained,39,48,just,merely,34,38,-0.26171875,-2.09375,-2.35546875,-4.25,-11.8125,-16.0625,13.70703125,-4.46875,-11.8125,-16.28125,13.92578125,2.844327059659091,4.255326704545454,31.28759765625,46.80859375,11,11,1.4109996448863633,-2.844327059659091,-4.255326704545454,1.4109996448863633,[2529],[816],[5544],[7960],[5544],[7960],"[""Ġdescribed""]","[""Ġjust""]","[""Ġexplained""]","[""Ġmerely""]","[""Ġexplained""]","[""Ġmerely""]"
755,prolex,Something like the situation I've just described occurred to me.,Something like the situation I've merely detailed occurred to me.,described,detailed,39,48,just,merely,34,38,-0.26171875,-2.09375,-2.35546875,-6.9375,-11.8125,-18.75,16.39453125,-6.46875,-11.8125,-18.28125,15.92578125,2.844327059659091,4.3723366477272725,31.28759765625,48.095703125,11,11,1.5280095880681817,-2.844327059659091,-4.3723366477272725,1.5280095880681817,[2529],[816],[7000],[7960],[7000],[7960],"[""Ġdescribed""]","[""Ġjust""]","[""Ġdetailed""]","[""Ġmerely""]","[""Ġdetailed""]","[""Ġmerely""]"
756,prolex,Something like the situation I've just described occurred to me.,Something like the situation I've merely depicted occurred to me.,described,depicted,39,48,just,merely,34,38,-0.26171875,-2.09375,-2.35546875,-8.125,-11.8125,-19.9375,17.58203125,-6.40625,-11.8125,-18.21875,15.86328125,2.844327059659091,4.506747159090909,31.28759765625,49.57421875,11,11,1.6624200994318183,-2.844327059659091,-4.506747159090909,1.6624200994318183,[2529],[816],[17253],[7960],[17253],[7960],"[""Ġdescribed""]","[""Ġjust""]","[""Ġdepicted""]","[""Ġmerely""]","[""Ġdepicted""]","[""Ġmerely""]"
757,prolex,"Due to their poor knowledge regarding what is meant by 'helping their community', it is also abig factor which forces people away from participating in community service. people should be made aware of the effects the help can have on society it is for their betterment that this type of service is being conducted.","Due to their poor knowledge regarding what is meant by 'helping their community', it is likewise abig factor which drives people away from participating in community service. people should be made aware of the effects the help can have on society it is for their betterment that this type of service is being conducted.",forces,drives,111,117,also,likewise,88,92,-6.8125,-4.9375,-11.75,-5.03125,-11.5,-16.53125,4.78125,-5.0625,-11.5,-16.5625,4.8125,3.524033610026042,3.535162353515625,211.4420166015625,212.1097412109375,60,60,0.011128743489583037,-3.524033610026042,-3.535162353515625,0.011128743489583037,[5621],[671],[14137],[21223],[14137],[21223],"[""Ġforces""]","[""Ġalso""]","[""Ġdrives""]","[""Ġlikewise""]","[""Ġdrives""]","[""Ġlikewise""]"
758,prolex,"Due to their poor knowledge regarding what is meant by 'helping their community', it is also abig factor which forces people away from participating in community service. people should be made aware of the effects the help can have on society it is for their betterment that this type of service is being conducted.","Due to their poor knowledge regarding what is meant by 'helping their community', it is likewise abig factor which pushes people away from participating in community service. people should be made aware of the effects the help can have on society it is for their betterment that this type of service is being conducted.",forces,pushes,111,117,also,likewise,88,92,-6.8125,-4.9375,-11.75,-6.21875,-11.5,-17.71875,5.96875,-6.375,-11.5,-17.875,6.125,3.524033610026042,3.529960123697917,211.4420166015625,211.797607421875,60,60,0.005926513671874911,-3.524033610026042,-3.529960123697917,0.005926513671874911,[5621],[671],[32804],[21223],[32804],[21223],"[""Ġforces""]","[""Ġalso""]","[""Ġpushes""]","[""Ġlikewise""]","[""Ġpushes""]","[""Ġlikewise""]"
759,prolex,The third reason for the decrease in the number of cars will be the underground transportation.,The third reason for the decrease in the number of automobiles will be the subway transportation.,underground,subway,68,79,cars,automobiles,51,55,-11.1875,-5.78125,-16.96875,-10.5,-8.25,-18.75,1.78125,-12.0,-8.25,-20.25,3.28125,3.450439453125,3.6463623046875,55.20703125,58.341796875,16,16,0.1959228515625,-3.450439453125,-3.6463623046875,0.1959228515625,[19076],[8458],[37049],[45056],[37049],[45056],"[""Ġunderground""]","[""Ġcars""]","[""Ġsubway""]","[""Ġautomobiles""]","[""Ġsubway""]","[""Ġautomobiles""]"
760,prolex,The third reason for the decrease in the number of cars will be the underground transportation.,The third reason for the decrease in the number of automobiles will be the metro transportation.,underground,metro,68,79,cars,automobiles,51,55,-11.1875,-5.78125,-16.96875,-10.625,-8.25,-18.875,1.90625,-11.75,-8.25,-20.0,3.03125,3.450439453125,3.6346435546875,55.20703125,58.154296875,16,16,0.1842041015625,-3.450439453125,-3.6346435546875,0.1842041015625,[19076],[8458],[40011],[45056],[40011],[45056],"[""Ġunderground""]","[""Ġcars""]","[""Ġmetro""]","[""Ġautomobiles""]","[""Ġmetro""]","[""Ġautomobiles""]"
761,prolex,But in this situation people will not need cars and public transportation either when they want to travel more quickly.,But in this situation people will not need automobiles and public transportation either when they want to travel more rapidly.,quickly,rapidly,111,118,cars,automobiles,43,47,-4.75,-8.3125,-13.0625,-7.625,-11.9375,-19.5625,6.5,-7.21875,-12.0,-19.21875,6.15625,4.04697265625,4.337060546875,80.939453125,86.7412109375,20,20,0.2900878906249993,-4.04697265625,-4.337060546875,0.2900878906249993,[4541],[8458],[9086],[45056],[9086],[45056],"[""Ġquickly""]","[""Ġcars""]","[""Ġrapidly""]","[""Ġautomobiles""]","[""Ġrapidly""]","[""Ġautomobiles""]"
762,prolex,But in this situation people will not need cars and public transportation either when they want to travel more quickly.,But in this situation people will not need automobiles and public transportation either when they want to travel more swiftly.,quickly,swiftly,111,118,cars,automobiles,43,47,-4.75,-8.3125,-13.0625,-9.6875,-11.9375,-21.625,8.5625,-9.375,-12.0,-21.375,8.3125,4.04697265625,4.446435546875,80.939453125,88.9287109375,20,20,0.3994628906249993,-4.04697265625,-4.446435546875,0.3994628906249993,[4541],[8458],[34304],[45056],[34304],[45056],"[""Ġquickly""]","[""Ġcars""]","[""Ġswiftly""]","[""Ġautomobiles""]","[""Ġswiftly""]","[""Ġautomobiles""]"
763,prolex,"The different materials: Arts, Science, Mathematics, Literature, Politics, World, Economy, Languages, Cook, Technology,History.","The dissimilar subjects: Arts, Science, Mathematics, Literature, Politics, World, Economy, Languages, Cook, Technology,History.",materials,subjects,14,23,different,dissimilar,4,13,-5.90625,-8.125,-14.03125,-8.125,-13.9375,-22.0625,8.03125,-10.4375,-14.0,-24.4375,10.40625,4.015625,4.273399939903846,104.40625,111.1083984375,26,26,0.2577749399038458,-4.015625,-4.273399939903846,0.2577749399038458,[4753],[1027],[5705],[43110],[5705],[43110],"[""Ġmaterials""]","[""Ġdifferent""]","[""Ġsubjects""]","[""Ġdissimilar""]","[""Ġsubjects""]","[""Ġdissimilar""]"
764,prolex,"The different materials: Arts, Science, Mathematics, Literature, Politics, World, Economy, Languages, Cook, Technology,History.","The dissimilar fields: Arts, Science, Mathematics, Literature, Politics, World, Economy, Languages, Cook, Technology,History.",materials,fields,14,23,different,dissimilar,4,13,-5.90625,-8.125,-14.03125,-6.90625,-13.9375,-20.84375,6.8125,-10.625,-14.0,-24.625,10.59375,4.015625,4.342472956730769,104.40625,112.904296875,26,26,0.32684795673076916,-4.015625,-4.342472956730769,0.32684795673076916,[4753],[1027],[4910],[43110],[4910],[43110],"[""Ġmaterials""]","[""Ġdifferent""]","[""Ġfields""]","[""Ġdissimilar""]","[""Ġfields""]","[""Ġdissimilar""]"
765,prolex,"The different materials: Arts, Science, Mathematics, Literature, Politics, World, Economy, Languages, Cook, Technology,History.","The dissimilar disciplines: Arts, Science, Mathematics, Literature, Politics, World, Economy, Languages, Cook, Technology,History.",materials,disciplines,14,23,different,dissimilar,4,13,-5.90625,-8.125,-14.03125,-7.96875,-13.9375,-21.90625,7.875,-10.8125,-14.0,-24.8125,10.78125,4.015625,4.252328725961538,104.40625,110.560546875,26,26,0.23670372596153832,-4.015625,-4.252328725961538,0.23670372596153832,[4753],[1027],[32870],[43110],[32870],[43110],"[""Ġmaterials""]","[""Ġdifferent""]","[""Ġdisciplines""]","[""Ġdissimilar""]","[""Ġdisciplines""]","[""Ġdissimilar""]"
766,prolex,"The different materials: Arts, Science, Mathematics, Literature, Politics, World, Economy, Languages, Cook, Technology,History.","The dissimilar categories: Arts, Science, Mathematics, Literature, Politics, World, Economy, Languages, Cook, Technology,History.",materials,categories,14,23,different,dissimilar,4,13,-5.90625,-8.125,-14.03125,-5.46875,-13.9375,-19.40625,5.375,-9.3125,-14.0,-23.3125,9.28125,4.015625,4.2837665264423075,104.40625,111.3779296875,26,26,0.2681415264423075,-4.015625,-4.2837665264423075,0.2681415264423075,[4753],[1027],[9050],[43110],[9050],[43110],"[""Ġmaterials""]","[""Ġdifferent""]","[""Ġcategories""]","[""Ġdissimilar""]","[""Ġcategories""]","[""Ġdissimilar""]"
767,prolex,"The different materials: Arts, Science, Mathematics, Literature, Politics, World, Economy, Languages, Cook, Technology,History.","The dissimilar topics: Arts, Science, Mathematics, Literature, Politics, World, Economy, Languages, Cook, Technology,History.",materials,topics,14,23,different,dissimilar,4,13,-5.90625,-8.125,-14.03125,-7.28125,-13.9375,-21.21875,7.1875,-10.0625,-14.0,-24.0625,10.03125,4.015625,4.090857872596154,104.40625,106.3623046875,26,26,0.07523287259615419,-4.015625,-4.090857872596154,0.07523287259615419,[4753],[1027],[12989],[43110],[12989],[43110],"[""Ġmaterials""]","[""Ġdifferent""]","[""Ġtopics""]","[""Ġdissimilar""]","[""Ġtopics""]","[""Ġdissimilar""]"
768,prolex,"As a consequence, they do enjoy life by using their mental powers in order to succeed in different fields, or by writing and thinking about life in general.","As a consequence, they do enjoy life by employing their cognitive powers in order to succeed in different fields, or by writing and thinking about life in general.",mental,cognitive,52,58,using,employing,40,45,-7.75,-5.0625,-12.8125,-8.875,-8.0,-16.875,4.0625,-7.3125,-8.0625,-15.375,2.5625,3.626961263020833,3.700004069010417,108.808837890625,111.0001220703125,30,30,0.07304280598958357,-3.626961263020833,-3.700004069010417,0.07304280598958357,[6255],[970],[9699],[19693],[9699],[19693],"[""Ġmental""]","[""Ġusing""]","[""Ġcognitive""]","[""Ġemploying""]","[""Ġcognitive""]","[""Ġemploying""]"
769,prolex,"As a consequence, they do enjoy life by using their mental powers in order to succeed in different fields, or by writing and thinking about life in general.","As a consequence, they do enjoy life by employing their intellectual powers in order to succeed in different fields, or by writing and thinking about life in general.",mental,intellectual,52,58,using,employing,40,45,-7.75,-5.0625,-12.8125,-7.34375,-8.0,-15.34375,2.53125,-6.3125,-8.0625,-14.375,1.5625,3.626961263020833,3.6443277994791665,108.808837890625,109.329833984375,30,30,0.017366536458333304,-3.626961263020833,-3.6443277994791665,0.017366536458333304,[6255],[970],[12720],[19693],[12720],[19693],"[""Ġmental""]","[""Ġusing""]","[""Ġintellectual""]","[""Ġemploying""]","[""Ġintellectual""]","[""Ġemploying""]"
770,prolex,"For example think, I am working on a project  which is related to derivative controls.","For instance think, I am working on a task  which is related to derivative controls.",project,task,37,44,example,instance,4,11,-2.1875,-3.640625,-5.828125,-5.4375,-3.671875,-9.109375,3.28125,-5.5,-3.328125,-8.828125,3.0,4.322897518382353,4.595186121323529,73.4892578125,78.1181640625,17,17,0.27228860294117574,-4.322897518382353,-4.595186121323529,0.27228860294117574,[2199],[1650],[4836],[4227],[4836],[4227],"[""Ġproject""]","[""Ġexample""]","[""Ġtask""]","[""Ġinstance""]","[""Ġtask""]","[""Ġinstance""]"
771,prolex,"If i succeed in my studies, i will start my own business.","If i succeed in my education, i will begin my own business.",studies,education,19,26,start,begin,35,40,-5.625,-4.4375,-10.0625,-7.59375,-6.6875,-14.28125,4.21875,-7.625,-6.375,-14.0,3.9375,2.9510216346153846,3.389423076923077,38.36328125,44.0625,13,13,0.4384014423076925,-2.9510216346153846,-3.389423076923077,0.4384014423076925,[2175],[1265],[4730],[3135],[4730],[3135],"[""Ġstudies""]","[""Ġstart""]","[""Ġeducation""]","[""Ġbegin""]","[""Ġeducation""]","[""Ġbegin""]"
772,prolex,"If i succeed in my studies, i will start my own business.","If i succeed in my schooling, i will begin my own business.",studies,schooling,19,26,start,begin,35,40,-5.625,-4.4375,-10.0625,-9.9375,-6.6875,-16.625,6.5625,-9.875,-6.3125,-16.1875,6.125,2.9510216346153846,3.5775240384615383,38.36328125,46.5078125,13,13,0.6265024038461537,-2.9510216346153846,-3.5775240384615383,0.6265024038461537,[2175],[1265],[46772],[3135],[46772],[3135],"[""Ġstudies""]","[""Ġstart""]","[""Ġschooling""]","[""Ġbegin""]","[""Ġschooling""]","[""Ġbegin""]"
774,prolex,Another example is the big boards in the middle of the roads.,Another instance is the big signs in the middle of the roads.,boards,signs,27,33,example,instance,8,15,-10.0,-5.9375,-15.9375,-10.0625,-7.59375,-17.65625,1.71875,-10.5,-7.5625,-18.0625,2.125,3.2028401692708335,3.409149169921875,38.43408203125,40.9097900390625,12,12,0.20630900065104152,-3.2028401692708335,-3.409149169921875,0.20630900065104152,[16431],[1650],[7871],[4227],[7871],[4227],"[""Ġboards""]","[""Ġexample""]","[""Ġsigns""]","[""Ġinstance""]","[""Ġsigns""]","[""Ġinstance""]"
777,prolex,Another example is the big boards in the middle of the roads.,Another instance is the big displays in the middle of the roads.,boards,displays,27,33,example,instance,8,15,-10.0,-5.9375,-15.9375,-10.6875,-7.59375,-18.28125,2.34375,-10.6875,-7.5625,-18.25,2.3125,3.2028401692708335,3.5762125651041665,38.43408203125,42.91455078125,12,12,0.37337239583333304,-3.2028401692708335,-3.5762125651041665,0.37337239583333304,[16431],[1650],[12646],[4227],[12646],[4227],"[""Ġboards""]","[""Ġexample""]","[""Ġdisplays""]","[""Ġinstance""]","[""Ġdisplays""]","[""Ġinstance""]"
780,prolex,"Initially, they are really living a peaceful life.","Initially, they are truly living a calm life.",peaceful,calm,36,44,really,truly,20,26,-5.1875,-5.6875,-10.875,-7.125,-8.3125,-15.4375,4.5625,-8.625,-8.3125,-16.9375,6.0625,3.61796875,4.184765625,36.1796875,41.84765625,10,10,0.5667968749999996,-3.61796875,-4.184765625,0.5667968749999996,[19951],[1663],[11874],[7777],[11874],[7777],"[""Ġpeaceful""]","[""Ġreally""]","[""Ġcalm""]","[""Ġtruly""]","[""Ġcalm""]","[""Ġtruly""]"
781,prolex,"Initially, they are really living a peaceful life.","Initially, they are truly living a quiet life.",peaceful,quiet,36,44,really,truly,20,26,-5.1875,-5.6875,-10.875,-5.125,-8.3125,-13.4375,2.5625,-6.0625,-8.3125,-14.375,3.5,3.61796875,3.9158203125,36.1796875,39.158203125,10,10,0.2978515625,-3.61796875,-3.9158203125,0.2978515625,[19951],[1663],[7107],[7777],[7107],[7777],"[""Ġpeaceful""]","[""Ġreally""]","[""Ġquiet""]","[""Ġtruly""]","[""Ġquiet""]","[""Ġtruly""]"
782,prolex,"I can understand young people, who think that their parents have to do all the work in the household.","I can understand youthful people, who think that their parents have to do all the work in the home.",household,home,91,100,young,youthful,17,22,-2.265625,-9.6875,-11.953125,-2.765625,-14.375,-17.140625,5.1875,-2.6875,-14.375,-17.0625,5.109375,2.796435546875,3.205908203125,55.9287109375,64.1181640625,20,20,0.40947265624999973,-2.796435546875,-3.205908203125,0.40947265624999973,[11692],[2872],[1728],[44098],[1728],[44098],"[""Ġhousehold""]","[""Ġyoung""]","[""Ġhome""]","[""Ġyouthful""]","[""Ġhome""]","[""Ġyouthful""]"
783,prolex,"With the use of oil, the price of it will go much higher in twenty years' time, as we can see from the year 2003 to this year.","With the use of fuel, the cost of it will go much higher in twenty years' time, as we can see from the year 2003 to this year.",oil,fuel,16,19,price,cost,25,30,-7.8125,-5.78125,-13.59375,-8.875,-5.71875,-14.59375,1.0,-8.8125,-4.0,-12.8125,-0.78125,3.075533959173387,3.2641089654737905,95.341552734375,101.1873779296875,31,31,0.18857500630040347,-3.075533959173387,-3.2641089654737905,0.18857500630040347,[4166],[4376],[7236],[2105],[7236],[2105],"[""Ġoil""]","[""Ġprice""]","[""Ġfuel""]","[""Ġcost""]","[""Ġfuel""]","[""Ġcost""]"
784,prolex,"With the use of oil, the price of it will go much higher in twenty years' time, as we can see from the year 2003 to this year.","With the use of gasoline, the cost of it will go much higher in twenty years' time, as we can see from the year 2003 to this year.",oil,gasoline,16,19,price,cost,25,30,-7.8125,-5.78125,-13.59375,-10.375,-5.71875,-16.09375,2.5,-10.375,-4.15625,-14.53125,0.9375,3.075533959173387,3.268306609122984,95.341552734375,101.3175048828125,31,31,0.19277264994959697,-3.075533959173387,-3.268306609122984,0.19277264994959697,[4166],[4376],[29312],[2105],[29312],[2105],"[""Ġoil""]","[""Ġprice""]","[""Ġgasoline""]","[""Ġcost""]","[""Ġgasoline""]","[""Ġcost""]"
785,prolex,They make people have wildly different views.,They make people have vastly dissimilar views.,wildly,vastly,22,28,different,dissimilar,29,38,-10.875,-0.94921875,-11.82421875,-12.4375,-8.4375,-20.875,9.05078125,-12.4375,-8.5,-20.9375,9.11328125,4.872209821428571,6.178571428571429,34.10546875,43.25,7,7,1.3063616071428577,-4.872209821428571,-6.178571428571429,1.3063616071428577,[32251],[1027],[37078],[43110],[37078],[43110],"[""Ġwildly""]","[""Ġdifferent""]","[""Ġvastly""]","[""Ġdissimilar""]","[""Ġvastly""]","[""Ġdissimilar""]"
786,prolex,They make people have wildly different views.,They make people have extremely dissimilar views.,wildly,extremely,22,28,different,dissimilar,29,38,-10.875,-0.94921875,-11.82421875,-8.625,-8.4375,-17.0625,5.23828125,-8.625,-11.75,-20.375,8.55078125,4.872209821428571,6.111607142857143,34.10546875,42.78125,7,7,1.239397321428572,-4.872209821428571,-6.111607142857143,1.239397321428572,[32251],[1027],[6685],[43110],[6685],[43110],"[""Ġwildly""]","[""Ġdifferent""]","[""Ġextremely""]","[""Ġdissimilar""]","[""Ġextremely""]","[""Ġdissimilar""]"
787,prolex,They make people have wildly different views.,They make people have radically dissimilar views.,wildly,radically,22,28,different,dissimilar,29,38,-10.875,-0.94921875,-11.82421875,-12.3125,-8.4375,-20.75,8.92578125,-12.3125,-9.1875,-21.5,9.67578125,4.872209821428571,6.160714285714286,34.10546875,43.125,7,7,1.2885044642857144,-4.872209821428571,-6.160714285714286,1.2885044642857144,[32251],[1027],[39278],[43110],[39278],[43110],"[""Ġwildly""]","[""Ġdifferent""]","[""Ġradically""]","[""Ġdissimilar""]","[""Ġradically""]","[""Ġdissimilar""]"
788,prolex,They make people have wildly different views.,They make people have dramatically dissimilar views.,wildly,dramatically,22,28,different,dissimilar,29,38,-10.875,-0.94921875,-11.82421875,-12.0,-8.4375,-20.4375,8.61328125,-12.0,-10.6875,-22.6875,10.86328125,4.872209821428571,6.466517857142857,34.10546875,45.265625,7,7,1.5943080357142856,-4.872209821428571,-6.466517857142857,1.5943080357142856,[32251],[1027],[16821],[43110],[16821],[43110],"[""Ġwildly""]","[""Ġdifferent""]","[""Ġdramatically""]","[""Ġdissimilar""]","[""Ġdramatically""]","[""Ġdissimilar""]"
789,prolex,They make people have wildly different views.,They make people have significantly dissimilar views.,wildly,significantly,22,28,different,dissimilar,29,38,-10.875,-0.94921875,-11.82421875,-9.8125,-8.4375,-18.25,6.42578125,-9.8125,-12.0,-21.8125,9.98828125,4.872209821428571,6.378348214285714,34.10546875,44.6484375,7,7,1.5061383928571432,-4.872209821428571,-6.378348214285714,1.5061383928571432,[32251],[1027],[3012],[43110],[3012],[43110],"[""Ġwildly""]","[""Ġdifferent""]","[""Ġsignificantly""]","[""Ġdissimilar""]","[""Ġsignificantly""]","[""Ġdissimilar""]"
790,prolex,"Most ads are much better than real once because the ad's and the real product are not the same because for example, the hamburger is not looking the same as thead's.","Most ads are much better than actual once because the ad's and the real product are not the same because for example, the hamburger is not appearing the same as thead's.",looking,appearing,137,144,real,actual,30,34,-8.4375,-5.625,-14.0625,-9.3125,-7.125,-16.4375,2.375,-8.875,-7.125,-16.0,1.9375,3.733226879222973,3.937618771114865,138.12939453125,145.69189453125,37,37,0.2043918918918921,-3.733226879222973,-3.937618771114865,0.2043918918918921,[2819],[1524],[15602],[4588],[15602],[4588],"[""Ġlooking""]","[""Ġreal""]","[""Ġappearing""]","[""Ġactual""]","[""Ġappearing""]","[""Ġactual""]"
791,prolex,"Most ads are much better than real once because the ad's and the real product are not the same because for example, the hamburger is not looking the same as thead's.","Most ads are much better than actual once because the ad's and the real product are not the same because for example, the hamburger is not seeming the same as thead's.",looking,seeming,137,144,real,actual,30,34,-8.4375,-5.625,-14.0625,-13.8125,-7.125,-20.9375,6.875,-13.5625,-7.125,-20.6875,6.625,3.733226879222973,4.004922402871622,138.12939453125,148.18212890625,37,37,0.27169552364864913,-3.733226879222973,-4.004922402871622,0.27169552364864913,[2819],[1524],[41203],[4588],[41203],[4588],"[""Ġlooking""]","[""Ġreal""]","[""Ġseeming""]","[""Ġactual""]","[""Ġseeming""]","[""Ġactual""]"
792,prolex,specialization in a course helps the student to become a master's in his desired field . student,specialization in a course assists the student to become a master's in his preferred field . student,desired,preferred,73,80,helps,assists,27,32,-5.71875,-8.3125,-14.03125,-6.09375,-12.1875,-18.28125,4.25,-6.4375,-12.1875,-18.625,4.59375,4.135199652777778,4.530381944444445,74.43359375,81.546875,18,18,0.39518229166666696,-4.135199652777778,-4.530381944444445,0.39518229166666696,[6799],[7729],[9013],[27593],[9013],[27593],"[""Ġdesired""]","[""Ġhelps""]","[""Ġpreferred""]","[""Ġassists""]","[""Ġpreferred""]","[""Ġassists""]"
793,prolex,specialization in a course helps the student to become a master's in his desired field . student,specialization in a course assists the student to become a master's in his chosen field . student,desired,chosen,73,80,helps,assists,27,32,-5.71875,-8.3125,-14.03125,-2.765625,-12.1875,-14.953125,0.921875,-2.625,-12.1875,-14.8125,0.78125,4.135199652777778,4.295030381944445,74.43359375,77.310546875,18,18,0.15983072916666696,-4.135199652777778,-4.295030381944445,0.15983072916666696,[6799],[7729],[6777],[27593],[6777],[27593],"[""Ġdesired""]","[""Ġhelps""]","[""Ġchosen""]","[""Ġassists""]","[""Ġchosen""]","[""Ġassists""]"
794,prolex,specialization in a course helps the student to become a master's in his desired field . student,specialization in a course assists the student to become a master's in his intended field . student,desired,intended,73,80,helps,assists,27,32,-5.71875,-8.3125,-14.03125,-8.125,-12.1875,-20.3125,6.28125,-7.625,-12.1875,-19.8125,5.78125,4.135199652777778,4.581380208333333,74.43359375,82.46484375,18,18,0.44618055555555536,-4.135199652777778,-4.581380208333333,0.44618055555555536,[6799],[7729],[6034],[27593],[6034],[27593],"[""Ġdesired""]","[""Ġhelps""]","[""Ġintended""]","[""Ġassists""]","[""Ġintended""]","[""Ġassists""]"
795,prolex,"Since I was born in a community where the relationship between the communities was strong, I could participate in many activities.","Since I was raised in a community where the relationship between the communities was strong, I could participate in many actions.",born,raised,12,16,activities,actions,119,129,-3.328125,-1.0625,-4.390625,-4.96875,-6.0,-10.96875,6.578125,-4.96875,-6.6875,-11.65625,7.265625,3.0025745738636362,3.247336647727273,66.056640625,71.44140625,22,22,0.2447620738636367,-3.0025745738636362,-3.247336647727273,0.2447620738636367,[5686],[4712],[5439],[5231],[5439],[5231],"[""Ġborn""]","[""Ġactivities""]","[""Ġraised""]","[""Ġactions""]","[""Ġraised""]","[""Ġactions""]"
796,prolex,In my opinion people should always try new things and take risks to improve themselves.,In my view people should always try new things and take risks to better themselves.,improve,better,68,75,opinion,view,6,13,-2.984375,-1.65625,-4.640625,-4.09375,-3.765625,-7.859375,3.21875,-4.34375,-3.71875,-8.0625,3.421875,2.962109375,3.2171875,44.431640625,48.2578125,15,15,0.25507812500000027,-2.962109375,-3.2171875,0.25507812500000027,[3157],[4743],[1805],[1859],[1805],[1859],"[""Ġimprove""]","[""Ġopinion""]","[""Ġbetter""]","[""Ġview""]","[""Ġbetter""]","[""Ġview""]"
797,prolex,To get rid of cars the government has to make sure that almost every point in the country has to be connected by bus or any other kind of public transport.,To get rid of automobiles the government has to make sure that almost every point in the country has to be connected by bus or any other kind of mass transport.,public,mass,138,144,cars,automobiles,14,18,-1.21875,-10.25,-11.46875,-3.96875,-12.8125,-16.78125,5.3125,-3.71875,-12.8125,-16.53125,5.0625,2.8170943721648185,3.095250283518145,87.32992553710938,95.9527587890625,31,31,0.2781559113533265,-2.8170943721648185,-3.095250283518145,0.2781559113533265,[1345],[8458],[2280],[45056],[2280],[45056],"[""Ġpublic""]","[""Ġcars""]","[""Ġmass""]","[""Ġautomobiles""]","[""Ġmass""]","[""Ġautomobiles""]"
798,prolex,"After all, the beauty of the package is also important because you have to have a good knowledge in order to create a nice, pretty design on the package of the product to make the products seem much better than they really are because this can also attract clients.","After all, the beauty of the package is likewise important because you have to have a good knowledge in order to create a nice, pretty design on the package of the product to make the products seem much better than they really are because this can also attract customers.",clients,customers,257,264,also,likewise,40,44,-5.75,-5.03125,-10.78125,-2.265625,-9.5625,-11.828125,1.046875,-2.125,-9.625,-11.75,0.96875,3.0720358455882355,3.1845942478553924,156.673828125,162.414306640625,51,51,0.11255840226715685,-3.0720358455882355,-3.1845942478553924,0.11255840226715685,[8548],[671],[6383],[21223],[6383],[21223],"[""Ġclients""]","[""Ġalso""]","[""Ġcustomers""]","[""Ġlikewise""]","[""Ġcustomers""]","[""Ġlikewise""]"
799,prolex,"Besides, the contribution of medical science to seniors' health also increases the opportunities to do more activities for them","Besides, the contribution of medical science to elderly' health likewise increases the opportunities to do more activities for them",seniors,elderly,48,55,also,likewise,64,68,-13.1875,-4.65625,-17.84375,-10.9375,-10.6875,-21.625,3.78125,-11.0,-11.5625,-22.5625,4.71875,3.91728515625,4.62548828125,78.345703125,92.509765625,20,20,0.7082031249999998,-3.91728515625,-4.62548828125,0.7082031249999998,[36710],[671],[13988],[21223],[13988],[21223],"[""Ġseniors""]","[""Ġalso""]","[""Ġelderly""]","[""Ġlikewise""]","[""Ġelderly""]","[""Ġlikewise""]"
800,prolex,"There are a lot of things that a good student has to do; indeed, I think that to study in the right way","There are a lot of things that a good pupil has to do; indeed, I think that to study in the proper way",right,proper,94,99,student,pupil,38,45,-3.375,-6.4375,-9.8125,-6.0,-10.0625,-16.0625,6.25,-5.5625,-10.0625,-15.625,5.8125,2.8316853841145835,3.0238037109375,67.96044921875,72.5712890625,24,24,0.19211832682291652,-2.8316853841145835,-3.0238037109375,0.19211832682291652,[987],[5974],[1463],[35048],[1463],[35048],"[""Ġright""]","[""Ġstudent""]","[""Ġproper""]","[""Ġpupil""]","[""Ġproper""]","[""Ġpupil""]"
801,prolex,"There are a lot of things that a good student has to do; indeed, I think that to study in the right way","There are a lot of things that a good pupil has to do; indeed, I think that to study in the appropriate way",right,appropriate,94,99,student,pupil,38,45,-3.375,-6.4375,-9.8125,-8.0625,-10.0625,-18.125,8.3125,-8.3125,-10.0625,-18.375,8.5625,2.8316853841145835,3.1461181640625,67.96044921875,75.5068359375,24,24,0.3144327799479165,-2.8316853841145835,-3.1461181640625,0.3144327799479165,[987],[5974],[4569],[35048],[4569],[35048],"[""Ġright""]","[""Ġstudent""]","[""Ġappropriate""]","[""Ġpupil""]","[""Ġappropriate""]","[""Ġpupil""]"
802,prolex,"There are a lot of things that a good student has to do; indeed, I think that to study in the right way","There are a lot of things that a good pupil has to do; indeed, I think that to study in the correct way",right,correct,94,99,student,pupil,38,45,-3.375,-6.4375,-9.8125,-7.0,-10.0625,-17.0625,7.25,-7.125,-10.0625,-17.1875,7.375,2.8316853841145835,3.0898844401041665,67.96044921875,74.1572265625,24,24,0.25819905598958304,-2.8316853841145835,-3.0898844401041665,0.25819905598958304,[987],[5974],[3451],[35048],[3451],[35048],"[""Ġright""]","[""Ġstudent""]","[""Ġcorrect""]","[""Ġpupil""]","[""Ġcorrect""]","[""Ġpupil""]"
803,prolex,"In specific terms, I can consider that I met a student who is studying  Indian politics and a student who is studying Chinese politics through studying international politics.","In specific terms, I can consider that I met a pupil who is studying  Indian politics and a student who is studying Chinese politics through studying global politics.",international,global,152,165,student,pupil,47,54,-4.875,-6.0,-10.875,-6.375,-9.6875,-16.0625,5.1875,-6.6875,-9.6875,-16.375,5.5,3.738020833333333,4.06279296875,112.140625,121.8837890625,30,30,0.32477213541666705,-3.738020833333333,-4.06279296875,0.32477213541666705,[5213],[5974],[4156],[35048],[4156],[35048],"[""Ġinternational""]","[""Ġstudent""]","[""Ġglobal""]","[""Ġpupil""]","[""Ġglobal""]","[""Ġpupil""]"
804,prolex,"It is a good thing for a person to be adventurous, and go through different kinds of situations, because it helps him learn new things and lessons in life.","It is a good thing for a person to be adventurous, and go through dissimilar kinds of situations, because it helps him learn new things and insights in life.",lessons,insights,139,146,different,dissimilar,66,75,-8.125,-3.140625,-11.265625,-8.9375,-11.5,-20.4375,9.171875,-8.5625,-11.5,-20.0625,8.796875,2.6059389114379883,2.9474754333496094,83.39004516601562,94.3192138671875,32,32,0.3415365219116211,-2.6059389114379883,-2.9474754333496094,0.3415365219116211,[15880],[1027],[16039],[43110],[16039],[43110],"[""Ġlessons""]","[""Ġdifferent""]","[""Ġinsights""]","[""Ġdissimilar""]","[""Ġinsights""]","[""Ġdissimilar""]"
805,prolex,But he tried new things to earn more money to be a successful person by making the first computer and the micro-software.,But he tried new things to earn more cash to be a successful individual by making the first computer and the micro-software.,money,cash,37,42,person,individual,62,68,-0.35546875,-3.921875,-4.27734375,-3.140625,-7.25,-10.390625,6.11328125,-3.234375,-6.65625,-9.890625,5.61328125,4.297688802083333,4.602864583333333,103.14453125,110.46875,24,24,0.30517578125,-4.297688802083333,-4.602864583333333,0.30517578125,[2583],[1436],[7942],[2060],[7942],[2060],"[""Ġmoney""]","[""Ġperson""]","[""Ġcash""]","[""Ġindividual""]","[""Ġcash""]","[""Ġindividual""]"
806,prolex,But he tried new things to earn more money to be a successful person by making the first computer and the micro-software.,But he tried new things to earn more income to be a successful individual by making the first computer and the micro-software.,money,income,37,42,person,individual,62,68,-0.35546875,-3.921875,-4.27734375,-3.515625,-7.25,-10.765625,6.48828125,-3.609375,-6.96875,-10.578125,6.30078125,4.297688802083333,4.580403645833333,103.14453125,109.9296875,24,24,0.28271484375,-4.297688802083333,-4.580403645833333,0.28271484375,[2583],[1436],[6021],[2060],[6021],[2060],"[""Ġmoney""]","[""Ġperson""]","[""Ġincome""]","[""Ġindividual""]","[""Ġincome""]","[""Ġindividual""]"
807,prolex,"MY mother said it is too expensive to buy now, and she bought it for 1 year.","MY mom stated it is too expensive to buy now, and she bought it for 1 year.",mother,mom,3,9,said,stated,10,14,-9.375,-4.25,-13.625,-9.3125,-9.0625,-18.375,4.75,-9.25,-9.625,-18.875,5.25,3.6870659722222223,4.05078125,66.3671875,72.9140625,18,18,0.3637152777777777,-3.6870659722222223,-4.05078125,0.3637152777777777,[3101],[753],[2243],[4767],[2243],[4767],"[""Ġmother""]","[""Ġsaid""]","[""Ġmom""]","[""Ġstated""]","[""Ġmom""]","[""Ġstated""]"
809,prolex,"MY mother said it is too expensive to buy now, and she bought it for 1 year.","MY mum stated it is too expensive to buy now, and she bought it for 1 year.",mother,mum,3,9,said,stated,10,14,-9.375,-4.25,-13.625,-10.8125,-9.0625,-19.875,6.25,-10.75,-9.6875,-20.4375,6.8125,3.6870659722222223,4.219618055555555,66.3671875,75.953125,18,18,0.532552083333333,-3.6870659722222223,-4.219618055555555,0.532552083333333,[3101],[753],[29616],[4767],[29616],[4767],"[""Ġmother""]","[""Ġsaid""]","[""Ġmum""]","[""Ġstated""]","[""Ġmum""]","[""Ġstated""]"
812,prolex,"So in a nutshell it can be said that a man living in the present day world should try to change the saying stated above to the one""Jack of all trades and master of Everything"" then only he can survive.","So in a nutshell it can be stated that a man living in the present day world should try to change the maxim stated above to the one""Jack of all trades and master of Everything"" then only he can survive.",saying,maxim,100,106,said,stated,27,31,-10.875,-1.4296875,-12.3046875,-11.625,-5.0,-16.625,4.3203125,-11.375,-4.9375,-16.3125,4.0078125,3.5315926291725854,3.5661149458451704,155.39007568359375,156.9090576171875,44,44,0.034522316672584985,-3.5315926291725854,-3.5661149458451704,0.034522316672584985,[3981],[753],[11903],[4767],[11903],[4767],"[""Ġsaying""]","[""Ġsaid""]","[""Ġmaxim""]","[""Ġstated""]","[""Ġmaxim""]","[""Ġstated""]"
813,prolex,"For instance, it goes without saying that there is no danger of a lack of hotel rooms because companies already booked them.","For example, it goes without saying that there is no risk of a lack of hotel rooms because companies already booked them.",danger,risk,54,60,instance,example,4,12,-7.125,-3.6875,-10.8125,-6.09375,-3.734375,-9.828125,-0.984375,-6.0,-3.625,-9.625,-1.1875,3.257706351902174,3.2225554093070654,74.92724609375,74.1187744140625,23,23,-0.035150942595108425,-3.257706351902174,-3.2225554093070654,-0.035150942595108425,[5434],[4227],[2495],[1650],[2495],[1650],"[""Ġdanger""]","[""Ġinstance""]","[""Ġrisk""]","[""Ġexample""]","[""Ġrisk""]","[""Ġexample""]"
814,prolex,"For instance, it goes without saying that there is no danger of a lack of hotel rooms because companies already booked them.","For example, it goes without saying that there is no threat of a lack of hotel rooms because companies already booked them.",danger,threat,54,60,instance,example,4,12,-7.125,-3.6875,-10.8125,-8.75,-3.734375,-12.484375,1.671875,-8.875,-3.625,-12.5,1.6875,3.257706351902174,3.324781334918478,74.92724609375,76.469970703125,23,23,0.06707498301630421,-3.257706351902174,-3.324781334918478,0.06707498301630421,[5434],[4227],[4322],[1650],[4322],[1650],"[""Ġdanger""]","[""Ġinstance""]","[""Ġthreat""]","[""Ġexample""]","[""Ġthreat""]","[""Ġexample""]"
815,prolex,"For instance, it goes without saying that there is no danger of a lack of hotel rooms because companies already booked them.","For example, it goes without saying that there is no possibility of a lack of hotel rooms because companies already booked them.",danger,possibility,54,60,instance,example,4,12,-7.125,-3.6875,-10.8125,-5.65625,-3.734375,-9.390625,-1.421875,-5.4375,-3.625,-9.0625,-1.75,3.257706351902174,3.288924507472826,74.92724609375,75.645263671875,23,23,0.03121815557065233,-3.257706351902174,-3.288924507472826,0.03121815557065233,[5434],[4227],[6387],[1650],[6387],[1650],"[""Ġdanger""]","[""Ġinstance""]","[""Ġpossibility""]","[""Ġexample""]","[""Ġpossibility""]","[""Ġexample""]"
816,prolex,"It can decide to use their requested time, go someplace directly, and can carry many things.","It can determine to use their requested time, go someplace immediately, and can carry many things.",directly,immediately,56,64,decide,determine,7,13,-9.75,-9.5,-19.25,-8.875,-7.9375,-16.8125,-2.4375,-7.84375,-7.9375,-15.78125,-3.46875,5.086040296052632,5.079358552631579,96.634765625,96.5078125,19,19,-0.006681743421053099,-5.086040296052632,-5.079358552631579,-0.006681743421053099,[3587],[7617],[4745],[3653],[4745],[3653],"[""Ġdirectly""]","[""Ġdecide""]","[""Ġimmediately""]","[""Ġdetermine""]","[""Ġimmediately""]","[""Ġdetermine""]"
818,prolex,- i agree with the following statement: successful people try new things and achieve better results when compared to people who always think the same results . The people who want to achieve success may have suffered with many problems,- i agree with the following assertion: successful people try new things and attain better results when compared to people who always think the same results . The people who want to achieve success may have suffered with many problems,achieve,attain,77,84,statement,assertion,29,38,-5.875,-2.515625,-8.390625,-9.5,-7.4375,-16.9375,8.546875,-9.25,-7.4375,-16.6875,8.296875,3.69119873046875,3.99049072265625,147.64794921875,159.61962890625,40,40,0.2992919921874999,-3.69119873046875,-3.99049072265625,0.2992919921874999,[5115],[3908],[20685],[17077],[20685],[17077],"[""Ġachieve""]","[""Ġstatement""]","[""Ġattain""]","[""Ġassertion""]","[""Ġattain""]","[""Ġassertion""]"
819,prolex,- i agree with the following statement: successful people try new things and achieve better results when compared to people who always think the same results . The people who want to achieve success may have suffered with many problems,- i agree with the following assertion: successful people try new things and reach better results when compared to people who always think the same results . The people who want to achieve success may have suffered with many problems,achieve,reach,77,84,statement,assertion,29,38,-5.875,-2.515625,-8.390625,-6.3125,-7.4375,-13.75,5.359375,-6.46875,-7.4375,-13.90625,5.515625,3.69119873046875,3.9642578125,147.64794921875,158.5703125,40,40,0.2730590820312502,-3.69119873046875,-3.9642578125,0.2730590820312502,[5115],[3908],[3986],[17077],[3986],[17077],"[""Ġachieve""]","[""Ġstatement""]","[""Ġreach""]","[""Ġassertion""]","[""Ġreach""]","[""Ġassertion""]"
820,prolex,- i agree with the following statement: successful people try new things and achieve better results when compared to people who always think the same results . The people who want to achieve success may have suffered with many problems,- i agree with the following assertion: successful people try new things and accomplish better results when compared to people who always think the same results . The people who want to achieve success may have suffered with many problems,achieve,accomplish,77,84,statement,assertion,29,38,-5.875,-2.515625,-8.390625,-6.0625,-7.4375,-13.5,5.109375,-6.09375,-7.4375,-13.53125,5.140625,3.69119873046875,3.9736083984375,147.64794921875,158.9443359375,40,40,0.28240966796875,-3.69119873046875,-3.9736083984375,0.28240966796875,[5115],[3908],[14294],[17077],[14294],[17077],"[""Ġachieve""]","[""Ġstatement""]","[""Ġaccomplish""]","[""Ġassertion""]","[""Ġaccomplish""]","[""Ġassertion""]"
821,prolex,- i agree with the following statement: successful people try new things and achieve better results when compared to people who always think the same results . The people who want to achieve success may have suffered with many problems,- i agree with the following assertion: successful people try new things and realise better results when compared to people who always think the same results . The people who want to achieve success may have suffered with many problems,achieve,realise,77,84,statement,assertion,29,38,-5.875,-2.515625,-8.390625,-10.0,-7.4375,-17.4375,9.046875,-9.75,-7.4375,-17.1875,8.796875,3.69119873046875,4.07408447265625,147.64794921875,162.96337890625,40,40,0.38288574218750027,-3.69119873046875,-4.07408447265625,0.38288574218750027,[5115],[3908],[27753],[17077],[27753],[17077],"[""Ġachieve""]","[""Ġstatement""]","[""Ġrealise""]","[""Ġassertion""]","[""Ġrealise""]","[""Ġassertion""]"
823,prolex,"In conclusion, eventhough many risks may be involved in trying new things, many lead to successfulthings.","In conclusion, eventhough many risks may be included in attempting new things, many lead to successfulthings.",involved,included,44,52,trying,attempting,56,62,-2.09375,-6.9375,-9.03125,-5.625,-7.53125,-13.15625,4.125,-5.59375,-9.375,-14.96875,5.9375,4.178914388020833,4.586861746651786,87.7572021484375,96.3240966796875,21,21,0.40794735863095255,-4.178914388020833,-4.586861746651786,0.40794735863095255,[3206],[2820],[2908],[13756],[2908],[13756],"[""Ġinvolved""]","[""Ġtrying""]","[""Ġincluded""]","[""Ġattempting""]","[""Ġincluded""]","[""Ġattempting""]"
824,prolex,"For example, the apartment that they live in is going to be cleaned.","For instance, the flat that they live in is going to be cleaned.",apartment,flat,17,26,example,instance,4,11,-9.5,-3.625,-13.125,-8.9375,-3.671875,-12.609375,-0.515625,-9.1875,-3.375,-12.5625,-0.5625,3.1800711495535716,3.2591029575892856,44.52099609375,45.62744140625,14,14,0.07903180803571397,-3.1800711495535716,-3.2591029575892856,0.07903180803571397,[10230],[1650],[6507],[4227],[6507],[4227],"[""Ġapartment""]","[""Ġexample""]","[""Ġflat""]","[""Ġinstance""]","[""Ġflat""]","[""Ġinstance""]"
825,prolex,"For example, the apartment that they live in is going to be cleaned.","For instance, the unit that they live in is going to be cleaned.",apartment,unit,17,26,example,instance,4,11,-9.5,-3.625,-13.125,-8.0625,-3.671875,-11.734375,-1.390625,-8.375,-3.375,-11.75,-1.375,3.1800711495535716,3.4870518275669644,44.52099609375,48.8187255859375,14,14,0.3069806780133928,-3.1800711495535716,-3.4870518275669644,0.3069806780133928,[10230],[1650],[3943],[4227],[3943],[4227],"[""Ġapartment""]","[""Ġexample""]","[""Ġunit""]","[""Ġinstance""]","[""Ġunit""]","[""Ġinstance""]"
826,prolex,"For example, the apartment that they live in is going to be cleaned.","For instance, the residence that they live in is going to be cleaned.",apartment,residence,17,26,example,instance,4,11,-9.5,-3.625,-13.125,-10.625,-3.671875,-14.296875,1.171875,-10.0625,-3.375,-13.4375,0.3125,3.1800711495535716,3.1594456263950894,44.52099609375,44.23223876953125,14,14,-0.020625523158482206,-3.1800711495535716,-3.1594456263950894,-0.020625523158482206,[10230],[1650],[12913],[4227],[12913],[4227],"[""Ġapartment""]","[""Ġexample""]","[""Ġresidence""]","[""Ġinstance""]","[""Ġresidence""]","[""Ġinstance""]"
827,prolex,Other firms which see wrong informative advertisements of competitive firms create new advertisements not to capture their market share to competitive firms.,Other firms which see misleading informative ads of competitive firms create new advertisements not to capture their market share to competitive firms.,wrong,misleading,22,27,advertisements,ads,40,54,-12.5,-11.5,-24.0,-13.0625,-10.9375,-24.0,0.0,-13.0625,-7.6875,-20.75,-3.25,6.220525568181818,6.0068359375,136.8515625,132.150390625,22,22,-0.21368963068181834,-6.220525568181818,-6.0068359375,-0.21368963068181834,[3430],[32933],[24363],[16557],[24363],[16557],"[""Ġwrong""]","[""Ġadvertisements""]","[""Ġmisleading""]","[""Ġads""]","[""Ġmisleading""]","[""Ġads""]"
828,prolex,Other firms which see wrong informative advertisements of competitive firms create new advertisements not to capture their market share to competitive firms.,Other firms which see inaccurate informative ads of competitive firms create new advertisements not to capture their market share to competitive firms.,wrong,inaccurate,22,27,advertisements,ads,40,54,-12.5,-11.5,-24.0,-13.75,-10.9375,-24.6875,0.6875,-13.75,-11.375,-25.125,1.125,6.220525568181818,6.171253551136363,136.8515625,135.767578125,22,22,-0.04927201704545503,-6.220525568181818,-6.171253551136363,-0.04927201704545503,[3430],[32933],[31215],[16557],[31215],[16557],"[""Ġwrong""]","[""Ġadvertisements""]","[""Ġinaccurate""]","[""Ġads""]","[""Ġinaccurate""]","[""Ġads""]"
829,prolex,Other firms which see wrong informative advertisements of competitive firms create new advertisements not to capture their market share to competitive firms.,Other firms which see erroneous informative ads of competitive firms create new advertisements not to capture their market share to competitive firms.,wrong,erroneous,22,27,advertisements,ads,40,54,-12.5,-11.5,-24.0,-14.625,-10.9375,-25.5625,1.5625,-14.6875,-10.125,-24.8125,0.8125,6.220525568181818,6.156782670454546,136.8515625,135.44921875,22,22,-0.06374289772727249,-6.220525568181818,-6.156782670454546,-0.06374289772727249,[3430],[32933],[21210],[16557],[21210],[16557],"[""Ġwrong""]","[""Ġadvertisements""]","[""Ġerroneous""]","[""Ġads""]","[""Ġerroneous""]","[""Ġads""]"
830,prolex,Other firms which see wrong informative advertisements of competitive firms create new advertisements not to capture their market share to competitive firms.,Other firms which see FALSE informative ads of competitive firms create new advertisements not to capture their market share to competitive firms.,wrong,FALSE,22,27,advertisements,ads,40,54,-12.5,-11.5,-24.0,-17.0,-10.9375,-27.9375,3.9375,-17.0,-8.25,-25.25,1.25,6.220525568181818,6.232954545454546,136.8515625,137.125,22,22,0.012428977272727515,-6.220525568181818,-6.232954545454546,0.012428977272727515,[3430],[32933],[26194],[16557],[26194],[16557],"[""Ġwrong""]","[""Ġadvertisements""]","[""ĠFALSE""]","[""Ġads""]","[""ĠFALSE""]","[""Ġads""]"
831,prolex,Other firms which see wrong informative advertisements of competitive firms create new advertisements not to capture their market share to competitive firms.,Other firms which see incorrect informative ads of competitive firms create new advertisements not to capture their market share to competitive firms.,wrong,incorrect,22,27,advertisements,ads,40,54,-12.5,-11.5,-24.0,-13.5625,-10.9375,-24.5,0.5,-13.625,-10.0,-23.625,-0.375,6.220525568181818,6.149325284090909,136.8515625,135.28515625,22,22,-0.07120028409090917,-6.220525568181818,-6.149325284090909,-0.07120028409090917,[3430],[32933],[13583],[16557],[13583],[16557],"[""Ġwrong""]","[""Ġadvertisements""]","[""Ġincorrect""]","[""Ġads""]","[""Ġincorrect""]","[""Ġads""]"
832,prolex,Personally I was an irritable man and usually i take decisions without thinking about the negative aspects but only the positive.,Personally I was an irritable man and normally i take decisions without thinking about the negative elements but only the positive.,aspects,elements,99,106,usually,normally,38,45,-4.53125,-6.96875,-11.5,-8.3125,-8.875,-17.1875,5.6875,-8.125,-8.9375,-17.0625,5.5625,4.145550271739131,4.377717391304348,95.34765625,100.6875,23,23,0.23216711956521685,-4.145550271739131,-4.377717391304348,0.23216711956521685,[7794],[3798],[3603],[9403],[3603],[9403],"[""Ġaspects""]","[""Ġusually""]","[""Ġelements""]","[""Ġnormally""]","[""Ġelements""]","[""Ġnormally""]"
833,prolex,Personally I was an irritable man and usually i take decisions without thinking about the negative aspects but only the positive.,Personally I was an irritable man and normally i take decisions without thinking about the negative features but only the positive.,aspects,features,99,106,usually,normally,38,45,-4.53125,-6.96875,-11.5,-9.9375,-8.875,-18.8125,7.3125,-9.875,-8.9375,-18.8125,7.3125,4.145550271739131,4.436990489130435,95.34765625,102.05078125,23,23,0.29144021739130377,-4.145550271739131,-4.436990489130435,0.29144021739130377,[7794],[3798],[3386],[9403],[3386],[9403],"[""Ġaspects""]","[""Ġusually""]","[""Ġfeatures""]","[""Ġnormally""]","[""Ġfeatures""]","[""Ġnormally""]"
834,prolex,"To sum up, I am strongly convinced that understanding the ideas and concepts that make that a fact occur is better and more useful than only knowing a fact as a consequence of one or more acts.","To sum up, I am strongly convinced that understanding the thoughts and concepts that make that a fact occur is better and more useful than only knowing a fact as a consequence of one or more actions.",acts,actions,188,192,ideas,thoughts,58,63,-7.8125,-7.5625,-15.375,-6.8125,-7.1875,-14.0,-1.375,-6.28125,-7.25,-13.53125,-1.84375,3.6494140625,3.667557565789474,138.677734375,139.3671875,38,38,0.018143503289473895,-3.6494140625,-3.667557565789474,0.018143503289473895,[6993],[5697],[5231],[7906],[5231],[7906],"[""Ġacts""]","[""Ġideas""]","[""Ġactions""]","[""Ġthoughts""]","[""Ġactions""]","[""Ġthoughts""]"
835,prolex,Instead if you decide to specialize in a specific subject you don't have any problem.,Instead if you determine to specialize in a specific discipline you don't have any problem.,subject,discipline,50,57,decide,determine,15,21,-3.78125,-5.21875,-9.0,-4.625,-8.5625,-13.1875,4.1875,-4.46875,-8.5625,-13.03125,4.03125,2.90625,3.2095013786764706,49.40625,54.5615234375,17,17,0.30325137867647056,-2.90625,-3.2095013786764706,0.30325137867647056,[2256],[7617],[17518],[3653],[17518],[3653],"[""Ġsubject""]","[""Ġdecide""]","[""Ġdiscipline""]","[""Ġdetermine""]","[""Ġdiscipline""]","[""Ġdetermine""]"
836,prolex,Instead if you decide to specialize in a specific subject you don't have any problem.,Instead if you determine to specialize in a specific field you don't have any problem.,subject,field,50,57,decide,determine,15,21,-3.78125,-5.21875,-9.0,-2.390625,-8.5625,-10.953125,1.953125,-2.859375,-8.5625,-11.421875,2.421875,2.90625,3.1148322610294117,49.40625,52.9521484375,17,17,0.2085822610294117,-2.90625,-3.1148322610294117,0.2085822610294117,[2256],[7617],[1673],[3653],[1673],[3653],"[""Ġsubject""]","[""Ġdecide""]","[""Ġfield""]","[""Ġdetermine""]","[""Ġfield""]","[""Ġdetermine""]"
837,prolex,Instead if you decide to specialize in a specific subject you don't have any problem.,Instead if you determine to specialize in a specific area you don't have any problem.,subject,area,50,57,decide,determine,15,21,-3.78125,-5.21875,-9.0,-1.3828125,-8.5625,-9.9453125,0.9453125,-1.609375,-8.5625,-10.171875,1.171875,2.90625,3.0516429227941178,49.40625,51.8779296875,17,17,0.14539292279411775,-2.90625,-3.0516429227941178,0.14539292279411775,[2256],[7617],[2170],[3653],[2170],[3653],"[""Ġsubject""]","[""Ġdecide""]","[""Ġarea""]","[""Ġdetermine""]","[""Ġarea""]","[""Ġdetermine""]"
838,prolex,Instead if you decide to specialize in a specific subject you don't have any problem.,Instead if you determine to specialize in a specific topic you don't have any problem.,subject,topic,50,57,decide,determine,15,21,-3.78125,-5.21875,-9.0,-3.890625,-8.5625,-12.453125,3.453125,-4.21875,-8.5625,-12.78125,3.78125,2.90625,3.1722771139705883,49.40625,53.9287109375,17,17,0.2660271139705883,-2.90625,-3.1722771139705883,0.2660271139705883,[2256],[7617],[9400],[3653],[9400],[3653],"[""Ġsubject""]","[""Ġdecide""]","[""Ġtopic""]","[""Ġdetermine""]","[""Ġtopic""]","[""Ġdetermine""]"
839,prolex,Instead if you decide to specialize in a specific subject you don't have any problem.,Instead if you determine to specialize in a specific domain you don't have any problem.,subject,domain,50,57,decide,determine,15,21,-3.78125,-5.21875,-9.0,-5.5625,-8.5625,-14.125,5.125,-5.53125,-8.5625,-14.09375,5.09375,2.90625,3.2800436580882355,49.40625,55.7607421875,17,17,0.3737936580882355,-2.90625,-3.2800436580882355,0.3737936580882355,[2256],[7617],[5028],[3653],[5028],[3653],"[""Ġsubject""]","[""Ġdecide""]","[""Ġdomain""]","[""Ġdetermine""]","[""Ġdomain""]","[""Ġdetermine""]"
840,prolex,All students at the university are found at these parties.,All pupils at the university are found at these gatherings.,parties,gatherings,50,57,students,pupils,4,12,-6.0,-5.3125,-11.3125,-6.6875,-8.9375,-15.625,4.3125,-6.96875,-8.8125,-15.78125,4.46875,4.208984375,4.929296875,42.08984375,49.29296875,10,10,0.7203125000000004,-4.208984375,-4.929296875,0.7203125000000004,[4676],[3484],[50084],[30980],[50084],[30980],"[""Ġparties""]","[""Ġstudents""]","[""Ġgatherings""]","[""Ġpupils""]","[""Ġgatherings""]","[""Ġpupils""]"
841,prolex,All students at the university are found at these parties.,All pupils at the university are found at these functions.,parties,functions,50,57,students,pupils,4,12,-6.0,-5.3125,-11.3125,-8.3125,-8.9375,-17.25,5.9375,-7.65625,-8.8125,-16.46875,5.15625,4.208984375,4.98828125,42.08984375,49.8828125,10,10,0.779296875,-4.208984375,-4.98828125,0.779296875,[4676],[3484],[3470],[30980],[3470],[30980],"[""Ġparties""]","[""Ġstudents""]","[""Ġfunctions""]","[""Ġpupils""]","[""Ġfunctions""]","[""Ġpupils""]"
842,prolex,All students at the university are found at these parties.,All pupils at the university are found at these events.,parties,events,50,57,students,pupils,4,12,-6.0,-5.3125,-11.3125,-3.75,-8.9375,-12.6875,1.375,-3.53125,-8.8125,-12.34375,1.03125,4.208984375,4.5890625,42.08984375,45.890625,10,10,0.3800781249999998,-4.208984375,-4.5890625,0.3800781249999998,[4676],[3484],[3394],[30980],[3394],[30980],"[""Ġparties""]","[""Ġstudents""]","[""Ġevents""]","[""Ġpupils""]","[""Ġevents""]","[""Ġpupils""]"
843,prolex,All students at the university are found at these parties.,All pupils at the university are found at these celebrations.,parties,celebrations,50,57,students,pupils,4,12,-6.0,-5.3125,-11.3125,-7.5,-8.9375,-16.4375,5.125,-7.21875,-8.8125,-16.03125,4.71875,4.208984375,4.943359375,42.08984375,49.43359375,10,10,0.734375,-4.208984375,-4.943359375,0.734375,[4676],[3484],[41044],[30980],[41044],[30980],"[""Ġparties""]","[""Ġstudents""]","[""Ġcelebrations""]","[""Ġpupils""]","[""Ġcelebrations""]","[""Ġpupils""]"
844,prolex,"For these reasons, I think having specific and deep knowledge is better than having broad and shallow knowledge.","For these reasons, I believe having specific and deep knowledge is better than having broad and superficial knowledge.",shallow,superficial,94,101,think,believe,21,26,-0.80859375,-2.671875,-3.48046875,-1.2421875,-2.625,-3.8671875,0.38671875,-1.078125,-2.671875,-3.75,0.26953125,2.9045538651315788,2.9957853618421053,55.1865234375,56.919921875,19,19,0.09123149671052655,-2.9045538651315788,-2.9957853618421053,0.09123149671052655,[20126],[1158],[28019],[2868],[28019],[2868],"[""Ġshallow""]","[""Ġthink""]","[""Ġsuperficial""]","[""Ġbelieve""]","[""Ġsuperficial""]","[""Ġbelieve""]"
846,prolex,"For these reasons, I think having specific and deep knowledge is better than having broad and shallow knowledge.","For these reasons, I believe having specific and deep knowledge is better than having broad and basic knowledge.",shallow,basic,94,101,think,believe,21,26,-0.80859375,-2.671875,-3.48046875,-6.0,-2.625,-8.625,5.14453125,-5.71875,-2.671875,-8.390625,4.91015625,2.9045538651315788,3.243112664473684,55.1865234375,61.619140625,19,19,0.3385587993421053,-2.9045538651315788,-3.243112664473684,0.3385587993421053,[20126],[1158],[5044],[2868],[5044],[2868],"[""Ġshallow""]","[""Ġthink""]","[""Ġbasic""]","[""Ġbelieve""]","[""Ġbasic""]","[""Ġbelieve""]"
847,prolex,We spent huge amounts of time on internet chat and computer games. ..,We spent huge amounts of time on net conversation and computer games. ..,chat,conversation,42,46,internet,net,33,41,-4.875,-7.71875,-12.59375,-9.625,-10.0625,-19.6875,7.09375,-11.875,-10.0625,-21.9375,9.34375,4.456730769230769,5.127403846153846,57.9375,66.65625,13,13,0.6706730769230766,-4.456730769230769,-5.127403846153846,0.6706730769230766,[12939],[8573],[7827],[2036],[7827],[2036],"[""Ġchat""]","[""Ġinternet""]","[""Ġconversation""]","[""Ġnet""]","[""Ġconversation""]","[""Ġnet""]"
848,prolex,We spent huge amounts of time on internet chat and computer games. ..,We spent huge amounts of time on net discussion and computer games. ..,chat,discussion,42,46,internet,net,33,41,-4.875,-7.71875,-12.59375,-7.625,-10.0625,-17.6875,5.09375,-10.5,-10.0625,-20.5625,7.96875,4.456730769230769,5.119591346153846,57.9375,66.5546875,13,13,0.6628605769230766,-4.456730769230769,-5.119591346153846,0.6628605769230766,[12939],[8573],[5955],[2036],[5955],[2036],"[""Ġchat""]","[""Ġinternet""]","[""Ġdiscussion""]","[""Ġnet""]","[""Ġdiscussion""]","[""Ġnet""]"
849,prolex,We spent huge amounts of time on internet chat and computer games. ..,We spent huge amounts of time on net talk and computer games. ..,chat,talk,42,46,internet,net,33,41,-4.875,-7.71875,-12.59375,-7.875,-10.0625,-17.9375,5.34375,-8.75,-10.0625,-18.8125,6.21875,4.456730769230769,4.751201923076923,57.9375,61.765625,13,13,0.2944711538461542,-4.456730769230769,-4.751201923076923,0.2944711538461542,[12939],[8573],[2312],[2036],[2312],[2036],"[""Ġchat""]","[""Ġinternet""]","[""Ġtalk""]","[""Ġnet""]","[""Ġtalk""]","[""Ġnet""]"
850,prolex,We spent huge amounts of time on internet chat and computer games. ..,We spent huge amounts of time on net dialogue and computer games. ..,chat,dialogue,42,46,internet,net,33,41,-4.875,-7.71875,-12.59375,-10.625,-10.0625,-20.6875,8.09375,-11.875,-10.0625,-21.9375,9.34375,4.456730769230769,5.124399038461538,57.9375,66.6171875,13,13,0.6676682692307692,-4.456730769230769,-5.124399038461538,0.6676682692307692,[12939],[8573],[17414],[2036],[17414],[2036],"[""Ġchat""]","[""Ġinternet""]","[""Ġdialogue""]","[""Ġnet""]","[""Ġdialogue""]","[""Ġnet""]"
851,prolex,We spent huge amounts of time on internet chat and computer games. ..,We spent huge amounts of time on net communication and computer games. ..,chat,communication,42,46,internet,net,33,41,-4.875,-7.71875,-12.59375,-8.1875,-10.0625,-18.25,5.65625,-8.75,-10.0625,-18.8125,6.21875,4.456730769230769,4.822716346153846,57.9375,62.6953125,13,13,0.36598557692307665,-4.456730769230769,-4.822716346153846,0.36598557692307665,[12939],[8573],[5511],[2036],[5511],[2036],"[""Ġchat""]","[""Ġinternet""]","[""Ġcommunication""]","[""Ġnet""]","[""Ġcommunication""]","[""Ġnet""]"
852,prolex,Because in today's life every problem must be investigated and its solution must be founded on especially facts.,Because in today's life every problem must be investigated and its solution must be based on particularly facts.,founded,based,84,91,especially,particularly,95,105,-7.9375,-12.875,-20.8125,-5.46875,-13.125,-18.59375,-2.21875,-5.4375,-13.5625,-19.0,-1.8125,4.0438682154605265,3.99365234375,76.83349609375,75.87939453125,19,19,-0.05021587171052655,-4.0438682154605265,-3.99365234375,-0.05021587171052655,[11420],[3340],[1754],[3782],[1754],[3782],"[""Ġfounded""]","[""Ġespecially""]","[""Ġbased""]","[""Ġparticularly""]","[""Ġbased""]","[""Ġparticularly""]"
853,prolex,Because in today's life every problem must be investigated and its solution must be founded on especially facts.,Because in today's life every problem must be investigated and its solution must be established on particularly facts.,founded,established,84,91,especially,particularly,95,105,-7.9375,-12.875,-20.8125,-6.53125,-13.125,-19.65625,-1.15625,-6.5625,-13.625,-20.1875,-0.625,4.0438682154605265,4.214098478618421,76.83349609375,80.06787109375,19,19,0.1702302631578947,-4.0438682154605265,-4.214098478618421,0.1702302631578947,[11420],[3340],[4232],[3782],[4232],[3782],"[""Ġfounded""]","[""Ġespecially""]","[""Ġestablished""]","[""Ġparticularly""]","[""Ġestablished""]","[""Ġparticularly""]"
854,prolex,Because in today's life every problem must be investigated and its solution must be founded on especially facts.,Because in today's life every problem must be investigated and its solution must be built on particularly facts.,founded,built,84,91,especially,particularly,95,105,-7.9375,-12.875,-20.8125,-7.53125,-13.125,-20.65625,-0.15625,-7.5,-12.6875,-20.1875,-0.625,4.0438682154605265,4.191688939144737,76.83349609375,79.64208984375,19,19,0.14782072368421062,-4.0438682154605265,-4.191688939144737,0.14782072368421062,[11420],[3340],[4270],[3782],[4270],[3782],"[""Ġfounded""]","[""Ġespecially""]","[""Ġbuilt""]","[""Ġparticularly""]","[""Ġbuilt""]","[""Ġparticularly""]"
855,prolex,Because in today's life every problem must be investigated and its solution must be founded on especially facts.,Because in today's life every problem must be investigated and its solution must be predicated on particularly facts.,founded,predicated,84,91,especially,particularly,95,105,-7.9375,-12.875,-20.8125,-11.125,-13.125,-24.25,3.4375,-11.125,-12.8125,-23.9375,3.125,4.0438682154605265,4.247404399671052,76.83349609375,80.70068359375,19,19,0.20353618421052566,-4.0438682154605265,-4.247404399671052,0.20353618421052566,[11420],[3340],[49902],[3782],[49902],[3782],"[""Ġfounded""]","[""Ġespecially""]","[""Ġpredicated""]","[""Ġparticularly""]","[""Ġpredicated""]","[""Ġparticularly""]"
856,prolex,"nevertheless, if students learn the facts, they can use them in the future.","nevertheless, if pupils learn the facts, they can apply them in the future.",use,apply,52,55,students,pupils,17,25,-2.859375,-8.5625,-11.421875,-4.1875,-10.6875,-14.875,3.453125,-5.0,-10.75,-15.75,4.328125,2.870361328125,3.176513671875,45.92578125,50.82421875,16,16,0.30615234375,-2.870361328125,-3.176513671875,0.30615234375,[897],[3484],[4647],[30980],[4647],[30980],"[""Ġuse""]","[""Ġstudents""]","[""Ġapply""]","[""Ġpupils""]","[""Ġapply""]","[""Ġpupils""]"
857,prolex,"nevertheless, if students learn the facts, they can use them in the future.","nevertheless, if pupils learn the facts, they can utilize them in the future.",use,utilize,52,55,students,pupils,17,25,-2.859375,-8.5625,-11.421875,-6.1875,-10.6875,-16.875,5.453125,-5.0,-10.75,-15.75,4.328125,2.870361328125,3.21728515625,45.92578125,51.4765625,16,16,0.346923828125,-2.870361328125,-3.21728515625,0.346923828125,[897],[3484],[16584],[30980],[16584],[30980],"[""Ġuse""]","[""Ġstudents""]","[""Ġutilize""]","[""Ġpupils""]","[""Ġutilize""]","[""Ġpupils""]"
858,prolex,they do not pollute the air like cars 15 years ago and a few models are small enough for cities.,they do not pollute the atmosphere like automobiles 15 years ago and a few models are small enough for cities.,air,atmosphere,24,27,cars,automobiles,33,37,-2.09375,-3.3125,-5.40625,-2.828125,-5.6875,-8.515625,3.109375,-2.84375,-5.0,-7.84375,2.4375,3.9858921595982144,4.198875790550595,83.7037353515625,88.1763916015625,21,21,0.2129836309523805,-3.9858921595982144,-4.198875790550595,0.2129836309523805,[2329],[8458],[10825],[45056],[10825],[45056],"[""Ġair""]","[""Ġcars""]","[""Ġatmosphere""]","[""Ġautomobiles""]","[""Ġatmosphere""]","[""Ġautomobiles""]"
859,prolex,they do not pollute the air like cars 15 years ago and a few models are small enough for cities.,they do not pollute the environment like automobiles 15 years ago and a few models are small enough for cities.,air,environment,24,27,cars,automobiles,33,37,-2.09375,-3.3125,-5.40625,-1.2109375,-5.6875,-6.8984375,1.4921875,-1.2109375,-5.875,-7.0859375,1.6796875,3.9858921595982144,4.249657040550595,83.7037353515625,89.2427978515625,21,21,0.2637648809523805,-3.9858921595982144,-4.249657040550595,0.2637648809523805,[2329],[8458],[3126],[45056],[3126],[45056],"[""Ġair""]","[""Ġcars""]","[""Ġenvironment""]","[""Ġautomobiles""]","[""Ġenvironment""]","[""Ġautomobiles""]"
860,prolex,"Though it seems that replacing an old thing is not easy, this change gives people the ability to think widely.","Though it appears that replacing an old thing is not easy, this change gives people the ability to think broadly.",widely,broadly,103,109,seems,appears,10,15,-8.6875,-4.34375,-13.03125,-7.90625,-5.40625,-13.3125,0.28125,-7.875,-5.40625,-13.28125,0.25,4.069478352864583,4.212306431361607,85.45904541015625,88.45843505859375,21,21,0.14282807849702372,-4.069478352864583,-4.212306431361607,0.14282807849702372,[7561],[3133],[21450],[4620],[21450],[4620],"[""Ġwidely""]","[""Ġseems""]","[""Ġbroadly""]","[""Ġappears""]","[""Ġbroadly""]","[""Ġappears""]"
861,prolex,"Though it seems that replacing an old thing is not easy, this change gives people the ability to think widely.","Though it appears that replacing an old thing is not easy, this change gives people the ability to think extensively.",widely,extensively,103,109,seems,appears,10,15,-8.6875,-4.34375,-13.03125,-9.625,-5.40625,-15.03125,2.0,-9.6875,-5.40625,-15.09375,2.0625,4.069478352864583,4.311264764694941,85.45904541015625,90.53656005859375,21,21,0.24178641183035765,-4.069478352864583,-4.311264764694941,0.24178641183035765,[7561],[3133],[18171],[4620],[18171],[4620],"[""Ġwidely""]","[""Ġseems""]","[""Ġextensively""]","[""Ġappears""]","[""Ġextensively""]","[""Ġappears""]"
863,prolex,"For example, an advertisement in which a celebrity is shown using a soap or a cosmetic product.","For instance, an advertisement in which a star is shown using a soap or a cosmetic product.",celebrity,star,41,50,example,instance,4,11,-4.34375,-3.625,-7.96875,-6.84375,-3.671875,-10.515625,2.546875,-6.6875,-3.6875,-10.375,2.40625,3.115695529513889,3.4370659722222223,56.08251953125,61.8671875,18,18,0.3213704427083335,-3.115695529513889,-3.4370659722222223,0.3213704427083335,[29192],[1650],[4177],[4227],[4177],[4227],"[""Ġcelebrity""]","[""Ġexample""]","[""Ġstar""]","[""Ġinstance""]","[""Ġstar""]","[""Ġinstance""]"
865,prolex,a little people were satisfied with their education there.,a small people were satisfied with their schooling there.,education,schooling,42,51,little,small,2,8,-6.9375,-7.40625,-14.34375,-9.5625,-7.65625,-17.21875,2.875,-10.0,-7.625,-17.625,3.28125,5.35546875,5.831597222222222,48.19921875,52.484375,9,9,0.4761284722222223,-5.35546875,-5.831597222222222,0.4761284722222223,[4730],[1652],[46772],[1355],[46772],[1355],"[""Ġeducation""]","[""Ġlittle""]","[""Ġschooling""]","[""Ġsmall""]","[""Ġschooling""]","[""Ġsmall""]"
866,prolex,"Whereas when I see my parents they are a lot more concerned about different issues in life,like they are bothered about their life after retirement,or the burden of their kids.","Whereas when I see my parents they are a lot more concerned about dissimilar issues in life,like they are worried about their life after retirement,or the burden of their kids.",bothered,worried,105,113,different,dissimilar,66,75,-7.28125,-8.625,-15.90625,-2.546875,-16.5,-19.046875,3.140625,-2.578125,-16.5,-19.078125,3.171875,3.5059151785714286,3.6318080357142857,122.70703125,127.11328125,35,35,0.12589285714285703,-3.5059151785714286,-3.6318080357142857,0.12589285714285703,[28860],[1027],[11926],[43110],[11926],[43110],"[""Ġbothered""]","[""Ġdifferent""]","[""Ġworried""]","[""Ġdissimilar""]","[""Ġworried""]","[""Ġdissimilar""]"
867,prolex,"Whereas when I see my parents they are a lot more concerned about different issues in life,like they are bothered about their life after retirement,or the burden of their kids.","Whereas when I see my parents they are a lot more concerned about dissimilar issues in life,like they are concerned about their life after retirement,or the burden of their kids.",bothered,concerned,105,113,different,dissimilar,66,75,-7.28125,-8.625,-15.90625,-2.796875,-16.5,-19.296875,3.390625,-2.578125,-16.5,-19.078125,3.171875,3.5059151785714286,3.6553013392857143,122.70703125,127.935546875,35,35,0.14938616071428568,-3.5059151785714286,-3.6553013392857143,0.14938616071428568,[28860],[1027],[7514],[43110],[7514],[43110],"[""Ġbothered""]","[""Ġdifferent""]","[""Ġconcerned""]","[""Ġdissimilar""]","[""Ġconcerned""]","[""Ġdissimilar""]"
868,prolex,"Whereas when I see my parents they are a lot more concerned about different issues in life,like they are bothered about their life after retirement,or the burden of their kids.","Whereas when I see my parents they are a lot more concerned about dissimilar issues in life,like they are distressed about their life after retirement,or the burden of their kids.",bothered,distressed,105,113,different,dissimilar,66,75,-7.28125,-8.625,-15.90625,-10.125,-16.5,-26.625,10.71875,-9.5,-16.5,-26.0,10.09375,3.5059151785714286,3.8553571428571427,122.70703125,134.9375,35,35,0.34944196428571406,-3.5059151785714286,-3.8553571428571427,0.34944196428571406,[28860],[1027],[48903],[43110],[48903],[43110],"[""Ġbothered""]","[""Ġdifferent""]","[""Ġdistressed""]","[""Ġdissimilar""]","[""Ġdistressed""]","[""Ġdissimilar""]"
869,prolex,"Whereas when I see my parents they are a lot more concerned about different issues in life,like they are bothered about their life after retirement,or the burden of their kids.","Whereas when I see my parents they are a lot more concerned about dissimilar issues in life,like they are perturbed about their life after retirement,or the burden of their kids.",bothered,perturbed,105,113,different,dissimilar,66,75,-7.28125,-8.625,-15.90625,-13.0,-16.5,-29.5,13.59375,-11.6875,-16.5,-28.1875,12.28125,3.5059151785714286,3.926674107142857,122.70703125,137.43359375,35,35,0.4207589285714284,-3.5059151785714286,-3.926674107142857,0.4207589285714284,[28860],[1027],[44711],[43110],[44711],[43110],"[""Ġbothered""]","[""Ġdifferent""]","[""Ġperturbed""]","[""Ġdissimilar""]","[""Ġperturbed""]","[""Ġdissimilar""]"
870,prolex,"Whereas when I see my parents they are a lot more concerned about different issues in life,like they are bothered about their life after retirement,or the burden of their kids.","Whereas when I see my parents they are a lot more concerned about dissimilar issues in life,like they are anxious about their life after retirement,or the burden of their kids.",bothered,anxious,105,113,different,dissimilar,66,75,-7.28125,-8.625,-15.90625,-6.96875,-16.5,-23.46875,7.5625,-6.75,-16.5,-23.25,7.34375,3.5059151785714286,3.745200892857143,122.70703125,131.08203125,35,35,0.23928571428571432,-3.5059151785714286,-3.745200892857143,0.23928571428571432,[28860],[1027],[20138],[43110],[20138],[43110],"[""Ġbothered""]","[""Ġdifferent""]","[""Ġanxious""]","[""Ġdissimilar""]","[""Ġanxious""]","[""Ġdissimilar""]"
871,prolex,"On the whole, you can't learn the details and facts without having known about the ideas and concepts.","On the whole, you can't learn the specifics and facts without having known about the thoughts and concepts.",details,specifics,34,41,ideas,thoughts,83,88,-5.5,-7.46875,-12.96875,-6.5625,-9.125,-15.6875,2.71875,-6.5625,-9.375,-15.9375,2.96875,3.69765625,4.0693359375,73.953125,81.38671875,20,20,0.3716796874999999,-3.69765625,-4.0693359375,0.3716796874999999,[4278],[5697],[40155],[7906],[40155],[7906],"[""Ġdetails""]","[""Ġideas""]","[""Ġspecifics""]","[""Ġthoughts""]","[""Ġspecifics""]","[""Ġthoughts""]"
875,prolex,"This quality should be in everyone's mind especially those doing business, if you do not dare to invest where can you get your gain?","This quality should be in everyone's mind particularly those doing business, if you do not dare to invest where can you get your profit?",gain,profit,127,131,especially,particularly,42,52,-7.53125,-7.40625,-14.9375,-3.421875,-10.1875,-13.609375,-1.328125,-3.390625,-10.125,-13.515625,-1.421875,3.8891225961538463,3.8822115384615383,101.1171875,100.9375,26,26,-0.006911057692307931,-3.8891225961538463,-3.8822115384615383,-0.006911057692307931,[6351],[3340],[11528],[3782],[11528],[3782],"[""Ġgain""]","[""Ġespecially""]","[""Ġprofit""]","[""Ġparticularly""]","[""Ġprofit""]","[""Ġparticularly""]"
876,prolex,"This quality should be in everyone's mind especially those doing business, if you do not dare to invest where can you get your gain?","This quality should be in everyone's mind particularly those doing business, if you do not dare to invest where can you get your yield?",gain,yield,127,131,especially,particularly,42,52,-7.53125,-7.40625,-14.9375,-8.6875,-10.1875,-18.875,3.9375,-8.25,-10.125,-18.375,3.4375,3.8891225961538463,4.071514423076923,101.1171875,105.859375,26,26,0.1823918269230771,-3.8891225961538463,-4.071514423076923,0.1823918269230771,[6351],[3340],[4917],[3782],[4917],[3782],"[""Ġgain""]","[""Ġespecially""]","[""Ġyield""]","[""Ġparticularly""]","[""Ġyield""]","[""Ġparticularly""]"
877,prolex,"This quality should be in everyone's mind especially those doing business, if you do not dare to invest where can you get your gain?","This quality should be in everyone's mind particularly those doing business, if you do not dare to invest where can you get your earnings?",gain,earnings,127,131,especially,particularly,42,52,-7.53125,-7.40625,-14.9375,-6.34375,-10.1875,-16.53125,1.59375,-6.28125,-10.125,-16.40625,1.46875,3.8891225961538463,3.9975961538461537,101.1171875,103.9375,26,26,0.10847355769230749,-3.8891225961538463,-3.9975961538461537,0.10847355769230749,[6351],[3340],[20375],[3782],[20375],[3782],"[""Ġgain""]","[""Ġespecially""]","[""Ġearnings""]","[""Ġparticularly""]","[""Ġearnings""]","[""Ġparticularly""]"
878,prolex,"This quality should be in everyone's mind especially those doing business, if you do not dare to invest where can you get your gain?","This quality should be in everyone's mind particularly those doing business, if you do not dare to invest where can you get your returns?",gain,returns,127,131,especially,particularly,42,52,-7.53125,-7.40625,-14.9375,-4.78125,-10.1875,-14.96875,0.03125,-4.59375,-10.125,-14.71875,-0.21875,3.8891225961538463,3.92578125,101.1171875,102.0703125,26,26,0.036658653846153744,-3.8891225961538463,-3.92578125,0.036658653846153744,[6351],[3340],[6548],[3782],[6548],[3782],"[""Ġgain""]","[""Ġespecially""]","[""Ġreturns""]","[""Ġparticularly""]","[""Ġreturns""]","[""Ġparticularly""]"
881,prolex,if every student starts with some basics and concepts then it is easy to learn and with these students' experiences they try to dis cover some more new things in the future.,if every pupil starts with some principles and concepts then it is easy to learn and with these students' experiences they try to dis cover some more new things in the future.,basics,principles,34,40,student,pupil,9,16,-5.0625,-5.40625,-10.46875,-7.5625,-8.1875,-15.75,5.28125,-7.40625,-8.125,-15.53125,5.0625,4.020359848484849,4.1553326231060606,132.671875,137.1259765625,33,33,0.13497277462121193,-4.020359848484849,-4.1553326231060606,0.13497277462121193,[30486],[5974],[9241],[35048],[9241],[35048],"[""Ġbasics""]","[""Ġstudent""]","[""Ġprinciples""]","[""Ġpupil""]","[""Ġprinciples""]","[""Ġpupil""]"
884,prolex,"In today's society,in western countries, the majority of the population have a car.","In today's society,in developed nations, the majority of the population have a car.",western,developed,22,29,countries,nations,30,39,-8.5,-1.328125,-9.828125,-7.96875,-3.953125,-11.921875,2.09375,-8.0625,-2.875,-10.9375,1.109375,3.3107766544117645,3.3603802849264706,56.283203125,57.12646484375,17,17,0.049603630514706065,-3.3107766544117645,-3.3603802849264706,0.049603630514706065,[10439],[4343],[3715],[12390],[3715],[12390],"[""Ġwestern""]","[""Ġcountries""]","[""Ġdeveloped""]","[""Ġnations""]","[""Ġdeveloped""]","[""Ġnations""]"
887,prolex,"but this situation in my opinion also has an important negative consequence , the consequence is the increasing of pollution .","but this situation in my view also has an important adverse consequence , the consequence is the increasing of pollution .",negative,adverse,55,63,opinion,view,25,32,-5.1875,-2.28125,-7.46875,-9.0625,-4.6875,-13.75,6.28125,-8.9375,-4.65625,-13.59375,6.125,4.171875,4.45234375,83.4375,89.046875,20,20,0.2804687499999998,-4.171875,-4.45234375,0.2804687499999998,[4016],[4743],[10021],[1859],[10021],[1859],"[""Ġnegative""]","[""Ġopinion""]","[""Ġadverse""]","[""Ġview""]","[""Ġadverse""]","[""Ġview""]"
888,prolex,"but this situation in my opinion also has an important negative consequence , the consequence is the increasing of pollution .","but this situation in my view also has an important detrimental consequence , the consequence is the increasing of pollution .",negative,detrimental,55,63,opinion,view,25,32,-5.1875,-2.28125,-7.46875,-9.75,-4.6875,-14.4375,6.96875,-9.6875,-4.65625,-14.34375,6.875,4.171875,4.558203125,83.4375,91.1640625,20,20,0.38632812500000036,-4.171875,-4.558203125,0.38632812500000036,[4016],[4743],[30078],[1859],[30078],[1859],"[""Ġnegative""]","[""Ġopinion""]","[""Ġdetrimental""]","[""Ġview""]","[""Ġdetrimental""]","[""Ġview""]"
889,prolex,"but this situation in my opinion also has an important negative consequence , the consequence is the increasing of pollution .","but this situation in my view also has an important harmful consequence , the consequence is the increasing of pollution .",negative,harmful,55,63,opinion,view,25,32,-5.1875,-2.28125,-7.46875,-10.75,-4.6875,-15.4375,7.96875,-11.1875,-4.65625,-15.84375,8.375,4.171875,4.559765625,83.4375,91.1953125,20,20,0.3878906249999998,-4.171875,-4.559765625,0.3878906249999998,[4016],[4743],[19632],[1859],[19632],[1859],"[""Ġnegative""]","[""Ġopinion""]","[""Ġharmful""]","[""Ġview""]","[""Ġharmful""]","[""Ġview""]"
890,prolex,"but this situation in my opinion also has an important negative consequence , the consequence is the increasing of pollution .","but this situation in my view also has an important damaging consequence , the consequence is the increasing of pollution .",negative,damaging,55,63,opinion,view,25,32,-5.1875,-2.28125,-7.46875,-12.0,-4.6875,-16.6875,9.21875,-12.0,-4.65625,-16.65625,9.1875,4.171875,4.6484375,83.4375,92.96875,20,20,0.4765625,-4.171875,-4.6484375,0.4765625,[4016],[4743],[24038],[1859],[24038],[1859],"[""Ġnegative""]","[""Ġopinion""]","[""Ġdamaging""]","[""Ġview""]","[""Ġdamaging""]","[""Ġview""]"
891,prolex,"but this situation in my opinion also has an important negative consequence , the consequence is the increasing of pollution .","but this situation in my view also has an important deleterious consequence , the consequence is the increasing of pollution .",negative,deleterious,55,63,opinion,view,25,32,-5.1875,-2.28125,-7.46875,-12.3125,-4.6875,-17.0,9.53125,-11.8125,-4.65625,-16.46875,9.0,4.171875,4.651171875,83.4375,93.0234375,20,20,0.4792968750000002,-4.171875,-4.651171875,0.4792968750000002,[4016],[4743],[42019],[1859],[42019],[1859],"[""Ġnegative""]","[""Ġopinion""]","[""Ġdeleterious""]","[""Ġview""]","[""Ġdeleterious""]","[""Ġview""]"
892,prolex,The main reasons for young people not worrying about their communities are the following: new communication media and the modern paradigm.,The primary reasons for young people not worrying about their communities are the following: new communication media and the current paradigm.,modern,current,122,128,main,primary,4,8,-6.3125,-5.3125,-11.625,-6.1875,-6.5,-12.6875,1.0625,-6.25,-6.5625,-12.8125,1.1875,4.35791015625,4.498446377840909,95.8740234375,98.9658203125,22,22,0.14053622159090917,-4.35791015625,-4.498446377840909,0.14053622159090917,[4980],[2022],[1655],[3625],[1655],[3625],"[""Ġmodern""]","[""Ġmain""]","[""Ġcurrent""]","[""Ġprimary""]","[""Ġcurrent""]","[""Ġprimary""]"
893,prolex,The main reasons for young people not worrying about their communities are the following: new communication media and the modern paradigm.,The primary reasons for young people not worrying about their communities are the following: new communication media and the contemporary paradigm.,modern,contemporary,122,128,main,primary,4,8,-6.3125,-5.3125,-11.625,-9.0,-6.5,-15.5,3.875,-8.9375,-6.5625,-15.5,3.875,4.35791015625,4.62841796875,95.8740234375,101.8251953125,22,22,0.2705078125,-4.35791015625,-4.62841796875,0.2705078125,[4980],[2022],[13399],[3625],[13399],[3625],"[""Ġmodern""]","[""Ġmain""]","[""Ġcontemporary""]","[""Ġprimary""]","[""Ġcontemporary""]","[""Ġprimary""]"
894,prolex,"Other wise, I can say that young people don't give enough time to helping their communities for different reasons such as : the attitude of young people and silly things that young people focus on.","Other wise, I can say that youthful people don't give enough time to helping their communities for different reasons such as : the attitude of young people and trivial things that young people focus on.",silly,trivial,157,162,young,youthful,27,32,-12.625,-9.75,-22.375,-12.1875,-14.1875,-26.375,4.0,-11.8125,-14.25,-26.0625,3.6875,3.576679951435811,3.8253536739864864,132.337158203125,141.5380859375,37,37,0.24867372255067544,-3.576679951435811,-3.8253536739864864,0.24867372255067544,[19456],[2872],[14916],[44098],[14916],[44098],"[""Ġsilly""]","[""Ġyoung""]","[""Ġtrivial""]","[""Ġyouthful""]","[""Ġtrivial""]","[""Ġyouthful""]"
895,prolex,"Other wise, I can say that young people don't give enough time to helping their communities for different reasons such as : the attitude of young people and silly things that young people focus on.","Other wise, I can say that youthful people don't give enough time to helping their communities for different reasons such as : the attitude of young people and frivolous things that young people focus on.",silly,frivolous,157,162,young,youthful,27,32,-12.625,-9.75,-22.375,-12.75,-14.1875,-26.9375,4.5625,-11.75,-14.25,-26.0,3.625,3.576679951435811,3.8627797719594597,132.337158203125,142.9228515625,37,37,0.2860998205236487,-3.576679951435811,-3.8627797719594597,0.2860998205236487,[19456],[2872],[41111],[44098],[41111],[44098],"[""Ġsilly""]","[""Ġyoung""]","[""Ġfrivolous""]","[""Ġyouthful""]","[""Ġfrivolous""]","[""Ġyouthful""]"
898,prolex,"Other wise, I can say that young people don't give enough time to helping their communities for different reasons such as : the attitude of young people and silly things that young people focus on.","Other wise, I can say that youthful people don't give enough time to helping their communities for different reasons such as : the attitude of young people and petty things that young people focus on.",silly,petty,157,162,young,youthful,27,32,-12.625,-9.75,-22.375,-10.1875,-14.1875,-24.375,2.0,-9.75,-14.25,-24.0,1.625,3.576679951435811,3.795634501689189,132.337158203125,140.4384765625,37,37,0.21895455025337807,-3.576679951435811,-3.795634501689189,0.21895455025337807,[19456],[2872],[38817],[44098],[38817],[44098],"[""Ġsilly""]","[""Ġyoung""]","[""Ġpetty""]","[""Ġyouthful""]","[""Ġpetty""]","[""Ġyouthful""]"
899,prolex,For these three reasons i strongly think that cars will be fewer in the future and new inventions will be invented to save the world from the crowd which is every where and to save the world from pollution .,For these three reasons i strongly believe that cars will be fewer in the future and new inventions will be invented to save the world from the congestion which is every where and to save the world from pollution .,crowd,congestion,142,147,think,believe,35,40,-8.1875,-4.75,-12.9375,-7.46875,-2.421875,-9.890625,-3.046875,-7.28125,-2.421875,-9.703125,-3.234375,3.3984375,3.231169871794872,132.5390625,126.015625,39,39,-0.1672676282051282,-3.3984375,-3.231169871794872,-0.1672676282051282,[9539],[1158],[35367],[2868],[35367],[2868],"[""Ġcrowd""]","[""Ġthink""]","[""Ġcongestion""]","[""Ġbelieve""]","[""Ġcongestion""]","[""Ġbelieve""]"
902,prolex,i think in twenty years there will be fewer cars in use than there are today.,i believe in twenty years there will be fewer cars in use than there are currently.,today,currently,71,76,think,believe,2,7,-1.6484375,-7.0625,-8.7109375,-5.40625,-9.25,-14.65625,5.9453125,-5.03125,-9.1875,-14.21875,5.5078125,2.99163818359375,3.439208984375,47.8662109375,55.02734375,16,16,0.44757080078125,-2.99163818359375,-3.439208984375,0.44757080078125,[3063],[1158],[4390],[2868],[4390],[2868],"[""Ġtoday""]","[""Ġthink""]","[""Ġcurrently""]","[""Ġbelieve""]","[""Ġcurrently""]","[""Ġbelieve""]"
903,prolex,i think in twenty years there will be fewer cars in use than there are today.,i believe in twenty years there will be fewer cars in use than there are now.,today,now,71,76,think,believe,2,7,-1.6484375,-7.0625,-8.7109375,-0.40234375,-9.25,-9.65234375,0.94140625,-0.474609375,-9.1875,-9.662109375,0.951171875,2.99163818359375,3.1488037109375,47.8662109375,50.380859375,16,16,0.15716552734375,-2.99163818359375,-3.1488037109375,0.15716552734375,[3063],[1158],[1024],[2868],[1024],[2868],"[""Ġtoday""]","[""Ġthink""]","[""Ġnow""]","[""Ġbelieve""]","[""Ġnow""]","[""Ġbelieve""]"
904,prolex,"For example, where I live, Japan, cosmetic surgery is very popular among the younger women in the generation.","For instance, where I live, Japan, aesthetic surgery is very popular among the younger women in the generation.",cosmetic,aesthetic,34,42,example,instance,4,11,-11.4375,-3.625,-15.0625,-13.375,-3.671875,-17.046875,1.984375,-13.4375,-3.6875,-17.125,2.0625,3.2849934895833335,3.558779761904762,68.98486328125,74.734375,21,21,0.2737862723214284,-3.2849934895833335,-3.558779761904762,0.2737862723214284,[35361],[1650],[24624],[4227],[24624],[4227],"[""Ġcosmetic""]","[""Ġexample""]","[""Ġaesthetic""]","[""Ġinstance""]","[""Ġaesthetic""]","[""Ġinstance""]"
906,prolex,"For example, where I live, Japan, cosmetic surgery is very popular among the younger women in the generation.","For instance, where I live, Japan, plastic surgery is very popular among the younger women in the generation.",cosmetic,plastic,34,42,example,instance,4,11,-11.4375,-3.625,-15.0625,-10.0,-3.671875,-13.671875,-1.390625,-10.5,-3.6875,-14.1875,-0.875,3.2849934895833335,3.3582589285714284,68.98486328125,70.5234375,21,21,0.0732654389880949,-3.2849934895833335,-3.3582589285714284,0.0732654389880949,[35361],[1650],[8013],[4227],[8013],[4227],"[""Ġcosmetic""]","[""Ġexample""]","[""Ġplastic""]","[""Ġinstance""]","[""Ġplastic""]","[""Ġinstance""]"
907,prolex,I acknowledge this opinion.,I recognize this viewpoint.,opinion,viewpoint,19,26,acknowledge,recognize,2,13,-7.53125,-9.0625,-16.59375,-9.75,-8.25,-18.0,1.40625,-8.6875,-8.25,-16.9375,0.34375,5.71484375,5.47265625,22.859375,21.890625,4,4,-0.2421875,-5.71484375,-5.47265625,-0.2421875,[4743],[14409],[31460],[9446],[31460],[9446],"[""Ġopinion""]","[""Ġacknowledge""]","[""Ġviewpoint""]","[""Ġrecognize""]","[""Ġviewpoint""]","[""Ġrecognize""]"
908,prolex,I acknowledge this opinion.,I recognize this perspective.,opinion,perspective,19,26,acknowledge,recognize,2,13,-7.53125,-9.0625,-16.59375,-8.4375,-8.25,-16.6875,0.09375,-7.875,-8.25,-16.125,-0.46875,5.71484375,5.21484375,22.859375,20.859375,4,4,-0.5,-5.71484375,-5.21484375,-0.5,[4743],[14409],[8668],[9446],[8668],[9446],"[""Ġopinion""]","[""Ġacknowledge""]","[""Ġperspective""]","[""Ġrecognize""]","[""Ġperspective""]","[""Ġrecognize""]"
909,prolex,I acknowledge this opinion.,I recognize this belief.,opinion,belief,19,26,acknowledge,recognize,2,13,-7.53125,-9.0625,-16.59375,-7.28125,-8.25,-15.53125,-1.0625,-8.9375,-8.25,-17.1875,0.59375,5.71484375,5.7421875,22.859375,22.96875,4,4,0.02734375,-5.71484375,-5.7421875,0.02734375,[4743],[14409],[9927],[9446],[9927],[9446],"[""Ġopinion""]","[""Ġacknowledge""]","[""Ġbelief""]","[""Ġrecognize""]","[""Ġbelief""]","[""Ġrecognize""]"
910,prolex,I acknowledge this opinion.,I recognize this notion.,opinion,notion,19,26,acknowledge,recognize,2,13,-7.53125,-9.0625,-16.59375,-8.3125,-8.25,-16.5625,-0.03125,-7.875,-8.25,-16.125,-0.46875,5.71484375,5.50390625,22.859375,22.015625,4,4,-0.2109375,-5.71484375,-5.50390625,-0.2109375,[4743],[14409],[10732],[9446],[10732],[9446],"[""Ġopinion""]","[""Ġacknowledge""]","[""Ġnotion""]","[""Ġrecognize""]","[""Ġnotion""]","[""Ġrecognize""]"
911,prolex,I acknowledge this opinion.,I recognize this standpoint.,opinion,standpoint,19,26,acknowledge,recognize,2,13,-7.53125,-9.0625,-16.59375,-11.875,-8.25,-20.125,3.53125,-12.0,-8.25,-20.25,3.65625,5.71484375,6.3046875,22.859375,25.21875,4,4,0.58984375,-5.71484375,-6.3046875,0.58984375,[4743],[14409],[32764],[9446],[32764],[9446],"[""Ġopinion""]","[""Ġacknowledge""]","[""Ġstandpoint""]","[""Ġrecognize""]","[""Ġstandpoint""]","[""Ġrecognize""]"
913,prolex,"then technological developments , the internet and online work are growing environmental issues","then technological innovations , the net and online work are growing environmental issues",developments,innovations,19,31,internet,net,38,46,-3.4375,-5.1875,-8.625,-4.1875,-7.71875,-11.90625,3.28125,-4.1875,-8.125,-12.3125,3.6875,5.779947916666667,6.212239583333333,69.359375,74.546875,12,12,0.4322916666666661,-5.779947916666667,-6.212239583333333,0.4322916666666661,[16936],[8573],[32771],[2036],[32771],[2036],"[""Ġdevelopments""]","[""Ġinternet""]","[""Ġinnovations""]","[""Ġnet""]","[""Ġinnovations""]","[""Ġnet""]"
914,prolex,"then technological developments , the internet and online work are growing environmental issues","then technological progress , the net and online work are growing environmental issues",developments,progress,19,31,internet,net,38,46,-3.4375,-5.1875,-8.625,-2.5,-7.71875,-10.21875,1.59375,-2.5,-7.875,-10.375,1.75,5.779947916666667,6.05859375,69.359375,72.703125,12,12,0.27864583333333304,-5.779947916666667,-6.05859375,0.27864583333333304,[16936],[8573],[4780],[2036],[4780],[2036],"[""Ġdevelopments""]","[""Ġinternet""]","[""Ġprogress""]","[""Ġnet""]","[""Ġprogress""]","[""Ġnet""]"
916,prolex,"then technological developments , the internet and online work are growing environmental issues","then technological improvements , the net and online work are growing environmental issues",developments,improvements,19,31,internet,net,38,46,-3.4375,-5.1875,-8.625,-4.5,-7.71875,-12.21875,3.59375,-4.5625,-7.75,-12.3125,3.6875,5.779947916666667,6.385416666666667,69.359375,76.625,12,12,0.60546875,-5.779947916666667,-6.385416666666667,0.60546875,[16936],[8573],[11701],[2036],[11701],[2036],"[""Ġdevelopments""]","[""Ġinternet""]","[""Ġimprovements""]","[""Ġnet""]","[""Ġimprovements""]","[""Ġnet""]"
917,prolex,I agree with the statement that it is the best way to travel in a group led by a tour guide.,I agree with the assertion that it is the best way to travel in a team led by a tour guide.,group,team,66,71,statement,assertion,17,26,-2.1875,-4.65625,-6.84375,-5.6875,-7.6875,-13.375,6.53125,-6.15625,-7.65625,-13.8125,6.96875,2.7147914341517856,3.2601376488095237,57.0106201171875,68.462890625,21,21,0.5453462146577381,-2.7147914341517856,-3.2601376488095237,0.5453462146577381,[1387],[3908],[2285],[17077],[2285],[17077],"[""Ġgroup""]","[""Ġstatement""]","[""Ġteam""]","[""Ġassertion""]","[""Ġteam""]","[""Ġassertion""]"
918,prolex,I agree with the statement that it is the best way to travel in a group led by a tour guide.,I agree with the assertion that it is the best way to travel in a party led by a tour guide.,group,party,66,71,statement,assertion,17,26,-2.1875,-4.65625,-6.84375,-6.125,-7.6875,-13.8125,6.96875,-6.96875,-7.65625,-14.625,7.78125,2.7147914341517856,3.3732096354166665,57.0106201171875,70.83740234375,21,21,0.6584182012648809,-2.7147914341517856,-3.3732096354166665,0.6584182012648809,[1387],[3908],[3128],[17077],[3128],[17077],"[""Ġgroup""]","[""Ġstatement""]","[""Ġparty""]","[""Ġassertion""]","[""Ġparty""]","[""Ġassertion""]"
919,prolex,"I think this is also very closely related to engaging in entertaining activities; you might have observed your self when you are sick, which is a case that no body would like to go out to have fun.","I believe this is also very closely related to engaging in enjoyable activities; you might have observed your self when you are sick, which is a case that no body would like to go out to have fun.",entertaining,enjoyable,57,69,think,believe,2,7,-9.875,-3.203125,-13.078125,-9.3125,-5.125,-14.4375,1.359375,-9.5,-5.125,-14.625,1.546875,3.566143798828125,3.61036376953125,142.645751953125,144.41455078125,40,40,0.044219970703125,-3.566143798828125,-3.61036376953125,0.044219970703125,[25945],[1158],[30357],[2868],[30357],[2868],"[""Ġentertaining""]","[""Ġthink""]","[""Ġenjoyable""]","[""Ġbelieve""]","[""Ġenjoyable""]","[""Ġbelieve""]"
920,prolex,"I think this is also very closely related to engaging in entertaining activities; you might have observed your self when you are sick, which is a case that no body would like to go out to have fun.","I believe this is also very closely related to engaging in amusing activities; you might have observed your self when you are sick, which is a case that no body would like to go out to have fun.",entertaining,amusing,57,69,think,believe,2,7,-9.875,-3.203125,-13.078125,-11.8125,-5.125,-16.9375,3.859375,-12.0,-5.125,-17.125,4.046875,3.566143798828125,3.689892578125,142.645751953125,147.595703125,40,40,0.123748779296875,-3.566143798828125,-3.689892578125,0.123748779296875,[25945],[1158],[38420],[2868],[38420],[2868],"[""Ġentertaining""]","[""Ġthink""]","[""Ġamusing""]","[""Ġbelieve""]","[""Ġamusing""]","[""Ġbelieve""]"
923,prolex,"I understand that the students are very busy because of classes, assignments and communication with friends and loved  ones.","I understand that the pupils are very busy because of classes, assignments and correspondence with friends and loved  ones.",communication,correspondence,81,94,students,pupils,22,30,-10.0,-7.34375,-17.34375,-12.6875,-10.4375,-23.125,5.78125,-11.8125,-10.4375,-22.25,4.90625,3.6994745163690474,4.218238467261905,77.68896484375,88.5830078125,21,21,0.5187639508928577,-3.6994745163690474,-4.218238467261905,0.5187639508928577,[5511],[3484],[17668],[30980],[17668],[30980],"[""Ġcommunication""]","[""Ġstudents""]","[""Ġcorrespondence""]","[""Ġpupils""]","[""Ġcorrespondence""]","[""Ġpupils""]"
924,prolex,"I understand that the students are very busy because of classes, assignments and communication with friends and loved  ones.","I understand that the pupils are very busy because of classes, assignments and conversation with friends and loved  ones.",communication,conversation,81,94,students,pupils,22,30,-10.0,-7.34375,-17.34375,-12.6875,-10.4375,-23.125,5.78125,-12.5,-10.4375,-22.9375,5.59375,3.6994745163690474,4.181082589285714,77.68896484375,87.802734375,21,21,0.48160807291666696,-3.6994745163690474,-4.181082589285714,0.48160807291666696,[5511],[3484],[7827],[30980],[7827],[30980],"[""Ġcommunication""]","[""Ġstudents""]","[""Ġconversation""]","[""Ġpupils""]","[""Ġconversation""]","[""Ġpupils""]"
927,prolex,"Second, the trend of living a little distance from the workplace increases demand for cars.","Second, the trend of living a small distance from the office increases demand for cars.",workplace,office,55,64,little,small,30,36,-3.421875,-5.15625,-8.578125,-2.9375,-6.65625,-9.59375,1.015625,-2.921875,-6.65625,-9.578125,1.0,3.730865478515625,3.87939453125,59.69384765625,62.0703125,16,16,0.148529052734375,-3.730865478515625,-3.87939453125,0.148529052734375,[21853],[1652],[3906],[1355],[3906],[1355],"[""Ġworkplace""]","[""Ġlittle""]","[""Ġoffice""]","[""Ġsmall""]","[""Ġoffice""]","[""Ġsmall""]"
928,prolex,If scientists do something different like if they / can modify the form of carbohydrates like gelatinized and nongelatinized carbohydrate then incorporated into fish feed then fish may be utilized more than previously.,If scientists do something dissimilar like if they / can modify the form of carbohydrates like gelatinized and nongelatinized carbohydrate then incorporated into fish feed then fish may be used more than previously.,utilized,used,188,196,different,dissimilar,27,36,-8.1875,-4.96875,-13.15625,-5.5,-12.75,-18.25,5.09375,-5.5625,-12.75,-18.3125,5.15625,4.720002826891448,4.9611350611636515,179.360107421875,188.52313232421875,38,38,0.24113223427220376,-4.720002826891448,-4.9611350611636515,0.24113223427220376,[12845],[1027],[908],[43110],[908],[43110],"[""Ġutilized""]","[""Ġdifferent""]","[""Ġused""]","[""Ġdissimilar""]","[""Ġused""]","[""Ġdissimilar""]"
929,prolex,"When somebody tries to learn a fact he can do a lot of things in the wrong way: for instance he can forget it after a few years, or he can also alter some essential parts of it.","When someone tries to learn a fact he can do a lot of things in the wrong way: for instance he can forget it after a few years, or he can also change some essential parts of it.",alter,change,144,149,somebody,someone,5,13,-7.75,-8.0625,-15.8125,-5.0,-5.53125,-10.53125,-5.28125,-5.25,-5.53125,-10.78125,-5.03125,3.0439208984375,2.97008056640625,121.7568359375,118.80322265625,40,40,-0.07384033203124973,-3.0439208984375,-2.97008056640625,-0.07384033203124973,[6990],[11853],[1818],[3095],[1818],[3095],"[""Ġalter""]","[""Ġsomebody""]","[""Ġchange""]","[""Ġsomeone""]","[""Ġchange""]","[""Ġsomeone""]"
930,prolex,"When somebody tries to learn a fact he can do a lot of things in the wrong way: for instance he can forget it after a few years, or he can also alter some essential parts of it.","When someone tries to learn a fact he can do a lot of things in the wrong way: for instance he can forget it after a few years, or he can also modify some essential parts of it.",alter,modify,144,149,somebody,someone,5,13,-7.75,-8.0625,-15.8125,-8.375,-5.53125,-13.90625,-1.90625,-8.625,-5.53125,-14.15625,-1.65625,3.0439208984375,3.06168212890625,121.7568359375,122.46728515625,40,40,0.01776123046875,-3.0439208984375,-3.06168212890625,0.01776123046875,[6990],[11853],[10007],[3095],[10007],[3095],"[""Ġalter""]","[""Ġsomebody""]","[""Ġmodify""]","[""Ġsomeone""]","[""Ġmodify""]","[""Ġsomeone""]"
931,prolex,"When somebody tries to learn a fact he can do a lot of things in the wrong way: for instance he can forget it after a few years, or he can also alter some essential parts of it.","When someone tries to learn a fact he can do a lot of things in the wrong way: for instance he can forget it after a few years, or he can also adjust some essential parts of it.",alter,adjust,144,149,somebody,someone,5,13,-7.75,-8.0625,-15.8125,-9.75,-5.53125,-15.28125,-0.53125,-9.875,-5.53125,-15.40625,-0.40625,3.0439208984375,3.13262939453125,121.7568359375,125.30517578125,40,40,0.08870849609375009,-3.0439208984375,-3.13262939453125,0.08870849609375009,[6990],[11853],[4575],[3095],[4575],[3095],"[""Ġalter""]","[""Ġsomebody""]","[""Ġadjust""]","[""Ġsomeone""]","[""Ġadjust""]","[""Ġsomeone""]"
932,prolex,"In conclusion, the high environmental cost of using the automobile and the raising prices to its ownership are factors that will create a reduction in world car ownership.","In conclusion, the high environmental cost of employing the car and the raising prices to its ownership are factors that will create a reduction in world car ownership.",automobile,car,56,66,using,employing,46,51,-6.875,-3.890625,-10.765625,-6.625,-7.8125,-14.4375,3.671875,-6.59375,-7.84375,-14.4375,3.671875,3.797228582974138,4.001902613146552,110.11962890625,116.05517578125,29,29,0.2046740301724137,-3.797228582974138,-4.001902613146552,0.2046740301724137,[19744],[970],[1113],[19693],[1113],[19693],"[""Ġautomobile""]","[""Ġusing""]","[""Ġcar""]","[""Ġemploying""]","[""Ġcar""]","[""Ġemploying""]"
933,prolex,"In conclusion, the high environmental cost of using the automobile and the raising prices to its ownership are factors that will create a reduction in world car ownership.","In conclusion, the high environmental cost of employing the vehicle and the raising prices to its ownership are factors that will create a reduction in world car ownership.",automobile,vehicle,56,66,using,employing,46,51,-6.875,-3.890625,-10.765625,-6.375,-7.8125,-14.1875,3.421875,-6.40625,-7.84375,-14.25,3.484375,3.797228582974138,4.161183324353448,110.11962890625,120.67431640625,29,29,0.3639547413793105,-3.797228582974138,-4.161183324353448,0.3639547413793105,[19744],[970],[4958],[19693],[4958],[19693],"[""Ġautomobile""]","[""Ġusing""]","[""Ġvehicle""]","[""Ġemploying""]","[""Ġvehicle""]","[""Ġemploying""]"
935,prolex,"I could choose any type of way to show my speech, I could use a poster or just talk, both of these two ways that I already know and can do very well.","I could choose any type of way to show my presentation, I could use a poster or merely talk, both of these two ways that I already know and can do very well.",speech,presentation,42,48,just,merely,74,78,-11.125,-4.6875,-15.8125,-9.875,-10.375,-20.25,4.4375,-9.875,-9.5,-19.375,3.5625,3.5660714285714286,3.62109375,124.8125,126.73828125,35,35,0.05502232142857144,-3.5660714285714286,-3.62109375,0.05502232142857144,[6519],[816],[9759],[7960],[9759],[7960],"[""Ġspeech""]","[""Ġjust""]","[""Ġpresentation""]","[""Ġmerely""]","[""Ġpresentation""]","[""Ġmerely""]"
936,prolex,"I could choose any type of way to show my speech, I could use a poster or just talk, both of these two ways that I already know and can do very well.","I could choose any type of way to show my talk, I could use a poster or merely talk, both of these two ways that I already know and can do very well.",speech,talk,42,48,just,merely,74,78,-11.125,-4.6875,-15.8125,-12.625,-10.375,-23.0,7.1875,-12.625,-9.4375,-22.0625,6.25,3.5660714285714286,3.7401785714285714,124.8125,130.90625,35,35,0.1741071428571428,-3.5660714285714286,-3.7401785714285714,0.1741071428571428,[6519],[816],[2312],[7960],[2312],[7960],"[""Ġspeech""]","[""Ġjust""]","[""Ġtalk""]","[""Ġmerely""]","[""Ġtalk""]","[""Ġmerely""]"
937,prolex,"In big cities like Tokyo or Los Angeles, New York etc. It is impossible to drive by car because you can not find a parking space and you are always in traffic jams and not very fast.","In big cities like Tokyo or Los Angeles, New York etc. It is impossible to drive by car because you can not find a parking spot and you are invariably in traffic jams and not very fast.",space,spot,123,128,always,invariably,141,147,-0.87890625,-2.484375,-3.36328125,-1.5,-10.1875,-11.6875,8.32421875,-1.5,-10.3125,-11.8125,8.44921875,2.742665100097656,2.9654022216796876,109.70660400390625,118.6160888671875,40,40,0.22273712158203152,-2.742665100097656,-2.9654022216796876,0.22273712158203152,[2317],[1900],[6308],[37504],[6308],[37504],"[""Ġspace""]","[""Ġalways""]","[""Ġspot""]","[""Ġinvariably""]","[""Ġspot""]","[""Ġinvariably""]"
938,prolex,"In big cities like Tokyo or Los Angeles, New York etc. It is impossible to drive by car because you can not find a parking space and you are always in traffic jams and not very fast.","In big cities like Tokyo or Los Angeles, New York etc. It is impossible to drive by car because you can not find a parking place and you are invariably in traffic jams and not very fast.",space,place,123,128,always,invariably,141,147,-0.87890625,-2.484375,-3.36328125,-1.625,-10.1875,-11.8125,8.44921875,-1.625,-10.625,-12.25,8.88671875,2.742665100097656,2.9767471313476563,109.70660400390625,119.06988525390625,40,40,0.23408203125000027,-2.742665100097656,-2.9767471313476563,0.23408203125000027,[2317],[1900],[1659],[37504],[1659],[37504],"[""Ġspace""]","[""Ġalways""]","[""Ġplace""]","[""Ġinvariably""]","[""Ġplace""]","[""Ġinvariably""]"
939,prolex,"In big cities like Tokyo or Los Angeles, New York etc. It is impossible to drive by car because you can not find a parking space and you are always in traffic jams and not very fast.","In big cities like Tokyo or Los Angeles, New York etc. It is impossible to drive by car because you can not find a parking slot and you are invariably in traffic jams and not very fast.",space,slot,123,128,always,invariably,141,147,-0.87890625,-2.484375,-3.36328125,-4.875,-10.1875,-15.0625,11.69921875,-4.875,-10.25,-15.125,11.76171875,2.742665100097656,3.0613471984863283,109.70660400390625,122.45388793945312,40,40,0.31868209838867223,-2.742665100097656,-3.0613471984863283,0.31868209838867223,[2317],[1900],[15239],[37504],[15239],[37504],"[""Ġspace""]","[""Ġalways""]","[""Ġslot""]","[""Ġinvariably""]","[""Ġslot""]","[""Ġinvariably""]"
940,prolex,In conclusion these are my three main arguments why there will be fewer cars in 20 years.,In conclusion these are my three primary points why there will be fewer cars in 20 years.,arguments,points,38,47,main,primary,33,37,-5.59375,-2.609375,-8.203125,-2.25,-5.84375,-8.09375,-0.109375,-3.75,-5.84375,-9.59375,1.390625,3.908203125,4.162568933823529,66.439453125,70.763671875,17,17,0.254365808823529,-3.908203125,-4.162568933823529,0.254365808823529,[7125],[2022],[2792],[3625],[2792],[3625],"[""Ġarguments""]","[""Ġmain""]","[""Ġpoints""]","[""Ġprimary""]","[""Ġpoints""]","[""Ġprimary""]"
941,prolex,In conclusion these are my three main arguments why there will be fewer cars in 20 years.,In conclusion these are my three primary reasons why there will be fewer cars in 20 years.,arguments,reasons,38,47,main,primary,33,37,-5.59375,-2.609375,-8.203125,-2.25,-5.84375,-8.09375,-0.109375,-2.625,-5.84375,-8.46875,0.265625,3.908203125,3.8511029411764706,66.439453125,65.46875,17,17,-0.05710018382352944,-3.908203125,-3.8511029411764706,-0.05710018382352944,[7125],[2022],[4606],[3625],[4606],[3625],"[""Ġarguments""]","[""Ġmain""]","[""Ġreasons""]","[""Ġprimary""]","[""Ġreasons""]","[""Ġprimary""]"
943,prolex,In conclusion these are my three main arguments why there will be fewer cars in 20 years.,In conclusion these are my three primary explanations why there will be fewer cars in 20 years.,arguments,explanations,38,47,main,primary,33,37,-5.59375,-2.609375,-8.203125,-8.4375,-5.84375,-14.28125,6.078125,-8.5,-5.84375,-14.34375,6.140625,3.908203125,4.2946920955882355,66.439453125,73.009765625,17,17,0.3864889705882355,-3.908203125,-4.2946920955882355,0.3864889705882355,[7125],[2022],[22909],[3625],[22909],[3625],"[""Ġarguments""]","[""Ġmain""]","[""Ġexplanations""]","[""Ġprimary""]","[""Ġexplanations""]","[""Ġprimary""]"
944,prolex,You might have seen this site on the internet or in a catalog.,You might have seen this webpage on the net or in a catalog.,site,webpage,25,29,internet,net,37,45,-7.125,-2.078125,-9.203125,-11.0625,-3.34375,-14.40625,5.203125,-11.0625,-2.859375,-13.921875,4.71875,2.9936899038461537,3.2944711538461537,38.91796875,42.828125,13,13,0.30078125,-2.9936899038461537,-3.2944711538461537,0.30078125,[2670],[8573],[42498],[2036],[42498],[2036],"[""Ġsite""]","[""Ġinternet""]","[""Ġwebpage""]","[""Ġnet""]","[""Ġwebpage""]","[""Ġnet""]"
945,prolex,You might have seen this site on the internet or in a catalog.,You might have seen this website on the net or in a catalog.,site,website,25,29,internet,net,37,45,-7.125,-2.078125,-9.203125,-7.125,-3.34375,-10.46875,1.265625,-7.125,-3.671875,-10.796875,1.59375,2.9936899038461537,3.074519230769231,38.91796875,39.96875,13,13,0.0808293269230771,-2.9936899038461537,-3.074519230769231,0.0808293269230771,[2670],[8573],[4422],[2036],[4422],[2036],"[""Ġsite""]","[""Ġinternet""]","[""Ġwebsite""]","[""Ġnet""]","[""Ġwebsite""]","[""Ġnet""]"
946,prolex,You might have seen this site on the internet or in a catalog.,You might have seen this page on the net or in a catalog.,site,page,25,29,internet,net,37,45,-7.125,-2.078125,-9.203125,-7.375,-3.34375,-10.71875,1.515625,-7.375,-4.4375,-11.8125,2.609375,2.9936899038461537,3.0576923076923075,38.91796875,39.75,13,13,0.06400240384615374,-2.9936899038461537,-3.0576923076923075,0.06400240384615374,[2670],[8573],[3239],[2036],[3239],[2036],"[""Ġsite""]","[""Ġinternet""]","[""Ġpage""]","[""Ġnet""]","[""Ġpage""]","[""Ġnet""]"
947,prolex,"in my opinion, people must have fun when they are young because they will miss many chances while they are young.","in my view, individuals must have fun when they are young because they will miss many chances while they are young.",people,individuals,15,21,opinion,view,6,13,-6.75,-1.53125,-8.28125,-11.0,-4.96875,-15.96875,7.6875,-10.125,-4.96875,-15.09375,6.8125,3.11474609375,3.395774147727273,68.5244140625,74.70703125,22,22,0.28102805397727293,-3.11474609375,-3.395774147727273,0.28102805397727293,[952],[4743],[4292],[1859],[4292],[1859],"[""Ġpeople""]","[""Ġopinion""]","[""Ġindividuals""]","[""Ġview""]","[""Ġindividuals""]","[""Ġview""]"
948,prolex,"in my opinion, people must have fun when they are young because they will miss many chances while they are young.","in my view, folks must have fun when they are young because they will miss many chances while they are young.",people,folks,15,21,opinion,view,6,13,-6.75,-1.53125,-8.28125,-10.4375,-4.96875,-15.40625,7.125,-10.375,-4.96875,-15.34375,7.0625,3.11474609375,3.417702414772727,68.5244140625,75.189453125,22,22,0.30295632102272707,-3.11474609375,-3.417702414772727,0.30295632102272707,[952],[4743],[12633],[1859],[12633],[1859],"[""Ġpeople""]","[""Ġopinion""]","[""Ġfolks""]","[""Ġview""]","[""Ġfolks""]","[""Ġview""]"
949,prolex,"In our life , when we watch TV, we see alot of advertisements about how they gain alot of money.","In our life , when we watch TV, we see alot of ads about how they earn alot of money.",gain,earn,77,81,advertisements,ads,47,61,-7.03125,-2.40625,-9.4375,-5.78125,-2.125,-7.90625,-1.53125,-5.8125,-2.03125,-7.84375,-1.59375,3.6459263392857144,3.466401599702381,76.564453125,72.79443359375,21,21,-0.17952473958333348,-3.6459263392857144,-3.466401599702381,-0.17952473958333348,[6351],[32933],[6233],[16557],[6233],[16557],"[""Ġgain""]","[""Ġadvertisements""]","[""Ġearn""]","[""Ġads""]","[""Ġearn""]","[""Ġads""]"
950,prolex,"In our life , when we watch TV, we see alot of advertisements about how they gain alot of money.","In our life , when we watch TV, we see alot of ads about how they make alot of money.",gain,make,77,81,advertisements,ads,47,61,-7.03125,-2.40625,-9.4375,-2.40625,-2.125,-4.53125,-4.90625,-2.296875,-2.03125,-4.328125,-5.109375,3.6459263392857144,3.3825799851190474,76.564453125,71.0341796875,21,21,-0.26334635416666696,-3.6459263392857144,-3.3825799851190474,-0.26334635416666696,[6351],[32933],[1056],[16557],[1056],[16557],"[""Ġgain""]","[""Ġadvertisements""]","[""Ġmake""]","[""Ġads""]","[""Ġmake""]","[""Ġads""]"
951,prolex,If schools allocate certain programmes then a student may try to find time to help theircommunities.,If schools assign certain programmes then a pupil may try to find time to help theircommunities.,allocate,assign,11,19,student,pupil,46,53,-8.375,-3.046875,-11.421875,-7.46875,-5.71875,-13.1875,1.765625,-7.5,-5.46875,-12.96875,1.546875,5.453559027777778,5.595269097222222,98.1640625,100.71484375,18,18,0.14171006944444464,-5.453559027777778,-5.595269097222222,0.14171006944444464,[29211],[5974],[9212],[35048],[9212],[35048],"[""Ġallocate""]","[""Ġstudent""]","[""Ġassign""]","[""Ġpupil""]","[""Ġassign""]","[""Ġpupil""]"
952,prolex,If schools allocate certain programmes then a student may try to find time to help theircommunities.,If schools designate certain programmes then a pupil may try to find time to help theircommunities.,allocate,designate,11,19,student,pupil,46,53,-8.375,-3.046875,-11.421875,-8.875,-5.71875,-14.59375,3.171875,-8.9375,-5.625,-14.5625,3.140625,5.453559027777778,5.764322916666667,98.1640625,103.7578125,18,18,0.3107638888888893,-5.453559027777778,-5.764322916666667,0.3107638888888893,[29211],[5974],[42638],[35048],[42638],[35048],"[""Ġallocate""]","[""Ġstudent""]","[""Ġdesignate""]","[""Ġpupil""]","[""Ġdesignate""]","[""Ġpupil""]"
953,prolex,and i think that the best choice would be to give the student both practical and theoretical training to ensure him a complete education.,and i believe that the best choice would be to give the student both practical and conceptual training to ensure him a complete education.,theoretical,conceptual,81,92,think,believe,6,11,-0.37109375,-3.09375,-3.46484375,-4.125,-4.71875,-8.84375,5.37890625,-4.21875,-4.71875,-8.9375,5.47265625,3.4763590494791665,3.8417561848958335,83.4326171875,92.2021484375,24,24,0.36539713541666696,-3.4763590494791665,-3.8417561848958335,0.36539713541666696,[10527],[1158],[20178],[2868],[20178],[2868],"[""Ġtheoretical""]","[""Ġthink""]","[""Ġconceptual""]","[""Ġbelieve""]","[""Ġconceptual""]","[""Ġbelieve""]"
954,prolex,and i think that the best choice would be to give the student both practical and theoretical training to ensure him a complete education.,and i believe that the best choice would be to give the student both practical and academic training to ensure him a complete education.,theoretical,academic,81,92,think,believe,6,11,-0.37109375,-3.09375,-3.46484375,-2.875,-4.71875,-7.59375,4.12890625,-2.609375,-4.71875,-7.328125,3.86328125,3.4763590494791665,3.6781819661458335,83.4326171875,88.2763671875,24,24,0.20182291666666696,-3.4763590494791665,-3.6781819661458335,0.20182291666666696,[10527],[1158],[11073],[2868],[11073],[2868],"[""Ġtheoretical""]","[""Ġthink""]","[""Ġacademic""]","[""Ġbelieve""]","[""Ġacademic""]","[""Ġbelieve""]"
955,prolex,"Second, it could be risky but trying new things is more chances to be successful people.","Second, it could be risky but attempting new things is more opportunities to be successful people.",trying,attempting,30,36,chances,opportunities,56,63,-7.90625,-9.625,-17.53125,-10.625,-11.3125,-21.9375,4.40625,-10.6875,-11.125,-21.8125,4.28125,4.043083639705882,4.5078125,68.732421875,76.6328125,17,17,0.46472886029411775,-4.043083639705882,-4.5078125,0.46472886029411775,[2820],[14512],[13756],[9091],[13756],[9091],"[""Ġtrying""]","[""Ġchances""]","[""Ġattempting""]","[""Ġopportunities""]","[""Ġattempting""]","[""Ġopportunities""]"
956,prolex,1+1=2' is just a fact.,1+1=2' is merely a certainty.,fact,certainty,17,21,just,merely,10,14,-5.0,-4.4375,-9.4375,-11.1875,-8.1875,-19.375,9.9375,-10.5,-8.1875,-18.6875,9.25,3.59140625,4.529296875,35.9140625,45.29296875,10,10,0.9378906250000001,-3.59140625,-4.529296875,0.9378906250000001,[958],[816],[23140],[7960],[23140],[7960],"[""Ġfact""]","[""Ġjust""]","[""Ġcertainty""]","[""Ġmerely""]","[""Ġcertainty""]","[""Ġmerely""]"
957,prolex,"he or she will take you to the best places ,unknown sitesand will tell you the importance of the place .This","he or she will take you to the finest places ,unknown sitesand will say you the importance of the place .This",best,finest,31,35,tell,say,66,70,-3.734375,-3.125,-6.859375,-7.6875,-7.65625,-15.34375,8.484375,-7.75,-8.3125,-16.0625,9.203125,3.892408288043478,4.408160665760869,89.525390625,101.3876953125,23,23,0.5157523777173911,-3.892408288043478,-4.408160665760869,0.5157523777173911,[1682],[2028],[23476],[1333],[23476],[1333],"[""Ġbest""]","[""Ġtell""]","[""Ġfinest""]","[""Ġsay""]","[""Ġfinest""]","[""Ġsay""]"
958,prolex,"he or she will take you to the best places ,unknown sitesand will tell you the importance of the place .This","he or she will take you to the top places ,unknown sitesand will say you the importance of the place .This",best,top,31,35,tell,say,66,70,-3.734375,-3.125,-6.859375,-4.5625,-7.65625,-12.21875,5.359375,-4.625,-7.375,-12.0,5.140625,3.892408288043478,4.371433423913044,89.525390625,100.54296875,23,23,0.47902513586956585,-3.892408288043478,-4.371433423913044,0.47902513586956585,[1682],[2028],[1755],[1333],[1755],[1333],"[""Ġbest""]","[""Ġtell""]","[""Ġtop""]","[""Ġsay""]","[""Ġtop""]","[""Ġsay""]"
959,prolex,But as hours passed by I learned that that student was interested in being friends with me.,But as time passed by I learned that that pupil was interested in being friends with me.,hours,time,7,12,student,pupil,43,50,-10.6875,-8.3125,-19.0,-5.1875,-12.3125,-17.5,-1.5,-5.1875,-12.5,-17.6875,-1.3125,4.093721277573529,3.894588694852941,69.59326171875,66.2080078125,17,17,-0.19913258272058787,-4.093721277573529,-3.894588694852941,-0.19913258272058787,[3038],[5974],[673],[35048],[673],[35048],"[""Ġhours""]","[""Ġstudent""]","[""Ġtime""]","[""Ġpupil""]","[""Ġtime""]","[""Ġpupil""]"
960,prolex,"For instance, in Turkey all young people go to parties, at all.","For example, in Turkey all youthful people go to parties, at all.",instance,example,4,12,young,youthful,28,33,-3.375,-6.6875,-10.0625,-3.734375,-13.0,-16.734375,6.671875,-3.625,-13.4375,-17.0625,7.0,4.05224609375,4.603201729910714,56.7314453125,64.44482421875,14,14,0.5509556361607144,-4.05224609375,-4.603201729910714,0.5509556361607144,[4227],[2872],[1650],[44098],[1650],[44098],"[""Ġinstance""]","[""Ġyoung""]","[""Ġexample""]","[""Ġyouthful""]","[""Ġexample""]","[""Ġyouthful""]"
961,prolex,And entertainment makes them happy much more then helping the community.,And amusement makes them happy much more then assisting the community.,entertainment,amusement,4,17,helping,assisting,50,57,-11.8125,-7.1875,-19.0,-14.4375,-11.625,-26.0625,7.0625,-14.4375,-12.1875,-26.625,7.625,4.8483664772727275,5.905184659090909,53.33203125,64.95703125,11,11,1.0568181818181817,-4.8483664772727275,-5.905184659090909,1.0568181818181817,[14608],[9073],[36067],[34735],[36067],[34735],"[""Ġentertainment""]","[""Ġhelping""]","[""Ġamusement""]","[""Ġassisting""]","[""Ġamusement""]","[""Ġassisting""]"
962,prolex,And entertainment makes them happy much more then helping the community.,And recreation makes them happy much more then assisting the community.,entertainment,recreation,4,17,helping,assisting,50,57,-11.8125,-7.1875,-19.0,-12.9375,-11.625,-24.5625,5.5625,-13.0,-12.1875,-25.1875,6.1875,4.8483664772727275,5.525568181818182,53.33203125,60.78125,11,11,0.6772017045454541,-4.8483664772727275,-5.525568181818182,0.6772017045454541,[14608],[9073],[37481],[34735],[37481],[34735],"[""Ġentertainment""]","[""Ġhelping""]","[""Ġrecreation""]","[""Ġassisting""]","[""Ġrecreation""]","[""Ġassisting""]"
963,prolex,"In conclusion, I disagree with the view that a tour with a guide is the best way of travelling, because we cannot go where we wish to go, and have to pay for the extra fees for optional programs,","In conclusion, I differ with the view that a tour with a guide is the best way of travelling, because we cannot go where we wish to go, and have to pay for the extra charges for optional programs,",fees,charges,168,172,disagree,differ,17,25,-5.0,-7.0625,-12.0625,-5.3125,-11.5625,-16.875,4.8125,-5.375,-11.5,-16.875,4.8125,3.031587146577381,3.1809314546130953,127.32666015625,133.59912109375,42,42,0.1493443080357144,-3.031587146577381,-3.1809314546130953,0.1493443080357144,[8128],[14936],[7260],[9184],[7260],[9184],"[""Ġfees""]","[""Ġdisagree""]","[""Ġcharges""]","[""Ġdiffer""]","[""Ġcharges""]","[""Ġdiffer""]"
964,prolex,"In conclusion, I disagree with the view that a tour with a guide is the best way of travelling, because we cannot go where we wish to go, and have to pay for the extra fees for optional programs,","In conclusion, I differ with the view that a tour with a guide is the best way of travelling, because we cannot go where we wish to go, and have to pay for the extra costs for optional programs,",fees,costs,168,172,disagree,differ,17,25,-5.0,-7.0625,-12.0625,-2.625,-11.5625,-14.1875,2.125,-2.640625,-11.5,-14.140625,2.078125,3.031587146577381,3.1390787760416665,127.32666015625,131.84130859375,42,42,0.10749162946428559,-3.031587146577381,-3.1390787760416665,0.10749162946428559,[8128],[14936],[4815],[9184],[4815],[9184],"[""Ġfees""]","[""Ġdisagree""]","[""Ġcosts""]","[""Ġdiffer""]","[""Ġcosts""]","[""Ġdiffer""]"
965,prolex,"In conclusion, I disagree with the view that a tour with a guide is the best way of travelling, because we cannot go where we wish to go, and have to pay for the extra fees for optional programs,","In conclusion, I differ with the view that a tour with a guide is the best way of travelling, because we cannot go where we wish to go, and have to pay for the extra expenses for optional programs,",fees,expenses,168,172,disagree,differ,17,25,-5.0,-7.0625,-12.0625,-3.25,-11.5625,-14.8125,2.75,-3.015625,-11.5,-14.515625,2.453125,3.031587146577381,3.1455891927083335,127.32666015625,132.11474609375,42,42,0.11400204613095255,-3.031587146577381,-3.1455891927083335,0.11400204613095255,[8128],[14936],[12222],[9184],[12222],[9184],"[""Ġfees""]","[""Ġdisagree""]","[""Ġexpenses""]","[""Ġdiffer""]","[""Ġexpenses""]","[""Ġdiffer""]"
966,prolex,What truly happens in every person's academic development is that this person goes through different equally important stages.,What truly happens in every individual's academic development is that this person goes through different similarly important stages.,equally,similarly,101,108,person,individual,28,34,-12.6875,-4.4375,-17.125,-13.875,-5.5625,-19.4375,2.3125,-13.75,-5.5625,-19.3125,2.1875,4.347450657894737,4.684210526315789,82.6015625,89.0,19,19,0.3367598684210522,-4.347450657894737,-4.684210526315789,0.3367598684210522,[9696],[1436],[12014],[2060],[12014],[2060],"[""Ġequally""]","[""Ġperson""]","[""Ġsimilarly""]","[""Ġindividual""]","[""Ġsimilarly""]","[""Ġindividual""]"
968,prolex,"In conclusion, I strongly agree with the summary because of the above provided reasons and examples which illustrate the statement.","In conclusion, I strongly agree with the summary because of the above provided arguments and instances which illustrate the statement.",reasons,arguments,79,86,examples,instances,91,99,-1.375,-3.75,-5.125,-3.140625,-6.8125,-9.953125,4.828125,-3.125,-8.1875,-11.3125,6.1875,3.5,3.771763392857143,73.5,79.20703125,21,21,0.2717633928571428,-3.5,-3.771763392857143,0.2717633928571428,[4606],[6667],[7125],[10872],[7125],[10872],"[""Ġreasons""]","[""Ġexamples""]","[""Ġarguments""]","[""Ġinstances""]","[""Ġarguments""]","[""Ġinstances""]"
970,prolex,"In conclusion, I strongly agree with the summary because of the above provided reasons and examples which illustrate the statement.","In conclusion, I strongly agree with the summary because of the above provided points and instances which illustrate the statement.",reasons,points,79,86,examples,instances,91,99,-1.375,-3.75,-5.125,-3.640625,-6.8125,-10.453125,5.328125,-3.625,-7.75,-11.375,6.25,3.5,3.8013392857142856,73.5,79.828125,21,21,0.3013392857142856,-3.5,-3.8013392857142856,0.3013392857142856,[4606],[6667],[2792],[10872],[2792],[10872],"[""Ġreasons""]","[""Ġexamples""]","[""Ġpoints""]","[""Ġinstances""]","[""Ġpoints""]","[""Ġinstances""]"
972,prolex,and I think that they should put this effort and time into their majors.,and I believe that they should put this energy and time into their majors.,effort,energy,38,44,think,believe,6,11,-6.6875,-3.109375,-9.796875,-8.3125,-4.5,-12.8125,3.015625,-7.78125,-4.46875,-12.25,2.453125,3.793666294642857,4.017299107142857,53.111328125,56.2421875,14,14,0.22363281249999956,-3.793666294642857,-4.017299107142857,0.22363281249999956,[3434],[1158],[2341],[2868],[2341],[2868],"[""Ġeffort""]","[""Ġthink""]","[""Ġenergy""]","[""Ġbelieve""]","[""Ġenergy""]","[""Ġbelieve""]"
973,prolex,and I think that they should put this effort and time into their majors.,and I believe that they should put this dedication and time into their majors.,effort,dedication,38,44,think,believe,6,11,-6.6875,-3.109375,-9.796875,-11.25,-4.5,-15.75,5.953125,-10.8125,-4.46875,-15.28125,5.484375,3.793666294642857,4.428292410714286,53.111328125,61.99609375,14,14,0.6346261160714284,-3.793666294642857,-4.428292410714286,0.6346261160714284,[3434],[1158],[31768],[2868],[31768],[2868],"[""Ġeffort""]","[""Ġthink""]","[""Ġdedication""]","[""Ġbelieve""]","[""Ġdedication""]","[""Ġbelieve""]"
974,prolex,and I think that they should put this effort and time into their majors.,and I believe that they should put this work and time into their majors.,effort,work,38,44,think,believe,6,11,-6.6875,-3.109375,-9.796875,-7.0,-4.5,-11.5,1.703125,-6.40625,-4.46875,-10.875,1.078125,3.793666294642857,4.152064732142857,53.111328125,58.12890625,14,14,0.35839843749999956,-3.793666294642857,-4.152064732142857,0.35839843749999956,[3434],[1158],[789],[2868],[789],[2868],"[""Ġeffort""]","[""Ġthink""]","[""Ġwork""]","[""Ġbelieve""]","[""Ġwork""]","[""Ġbelieve""]"
975,prolex,"For example, many people prefer cars which use less oil than others because they suffer from the high cost of energy.","For instance, many people prefer cars which use less oil than others because they suffer from the high cost of fuel.",energy,fuel,110,116,example,instance,4,11,-5.65625,-3.625,-9.28125,-2.296875,-3.671875,-5.96875,-3.3125,-2.453125,-3.6875,-6.140625,-3.140625,3.3508744673295454,3.2088512073863638,73.71923828125,70.5947265625,22,22,-0.14202325994318166,-3.3508744673295454,-3.2088512073863638,-0.14202325994318166,[2341],[1650],[7236],[4227],[7236],[4227],"[""Ġenergy""]","[""Ġexample""]","[""Ġfuel""]","[""Ġinstance""]","[""Ġfuel""]","[""Ġinstance""]"
976,prolex,"For example, many people prefer cars which use less oil than others because they suffer from the high cost of energy.","For instance, many people prefer cars which use less oil than others because they suffer from the high cost of gasoline.",energy,gasoline,110,116,example,instance,4,11,-5.65625,-3.625,-9.28125,-3.921875,-3.671875,-7.59375,-1.6875,-4.09375,-3.6875,-7.78125,-1.5,3.3508744673295454,3.279696377840909,73.71923828125,72.1533203125,22,22,-0.07117808948863624,-3.3508744673295454,-3.279696377840909,-0.07117808948863624,[2341],[1650],[29312],[4227],[29312],[4227],"[""Ġenergy""]","[""Ġexample""]","[""Ġgasoline""]","[""Ġinstance""]","[""Ġgasoline""]","[""Ġinstance""]"
977,prolex,"For example, many people prefer cars which use less oil than others because they suffer from the high cost of energy.","For instance, many people prefer cars which use less oil than others because they suffer from the high cost of petrol.",energy,petrol,110,116,example,instance,4,11,-5.65625,-3.625,-9.28125,-4.15625,-3.671875,-7.828125,-1.453125,-4.21875,-3.6875,-7.90625,-1.375,3.3508744673295454,3.2940784801136362,73.71923828125,72.4697265625,22,22,-0.05679598721590917,-3.3508744673295454,-3.2940784801136362,-0.05679598721590917,[2341],[1650],[46181],[4227],[46181],[4227],"[""Ġenergy""]","[""Ġexample""]","[""Ġpetrol""]","[""Ġinstance""]","[""Ġpetrol""]","[""Ġinstance""]"
978,prolex,so they will be interested in enjoyment but old people have the end of life and they enjoyed alot when they were young and they will look after the family so the old people will become tired at the end of theirlife,so they will be interested in pleasure but old people have the end of life and they enjoyed alot when they were youthful and they will look after the family so the old people will become tired at the end of theirlife,enjoyment,pleasure,30,39,young,youthful,113,118,-14.3125,-0.61328125,-14.92578125,-12.5625,-7.3125,-19.875,4.94921875,-12.5625,-6.75,-19.3125,4.38671875,3.8583751860119047,4.016950334821429,162.0517578125,168.7119140625,42,42,0.15857514880952417,-3.8583751860119047,-4.016950334821429,0.15857514880952417,[31733],[2872],[11284],[44098],[11284],[44098],"[""Ġenjoyment""]","[""Ġyoung""]","[""Ġpleasure""]","[""Ġyouthful""]","[""Ġpleasure""]","[""Ġyouthful""]"
979,prolex,so they will be interested in enjoyment but old people have the end of life and they enjoyed alot when they were young and they will look after the family so the old people will become tired at the end of theirlife,so they will be interested in amusement but old people have the end of life and they enjoyed alot when they were youthful and they will look after the family so the old people will become tired at the end of theirlife,enjoyment,amusement,30,39,young,youthful,113,118,-14.3125,-0.61328125,-14.92578125,-13.5,-7.3125,-20.8125,5.88671875,-13.5625,-7.5,-21.0625,6.13671875,3.8583751860119047,3.9979306175595237,162.0517578125,167.9130859375,42,42,0.13955543154761907,-3.8583751860119047,-3.9979306175595237,0.13955543154761907,[31733],[2872],[36067],[44098],[36067],[44098],"[""Ġenjoyment""]","[""Ġyoung""]","[""Ġamusement""]","[""Ġyouthful""]","[""Ġamusement""]","[""Ġyouthful""]"
980,prolex,so they will be interested in enjoyment but old people have the end of life and they enjoyed alot when they were young and they will look after the family so the old people will become tired at the end of theirlife,so they will be interested in entertainment but old people have the end of life and they enjoyed alot when they were youthful and they will look after the family so the old people will become tired at the end of theirlife,enjoyment,entertainment,30,39,young,youthful,113,118,-14.3125,-0.61328125,-14.92578125,-10.375,-7.3125,-17.6875,2.76171875,-10.4375,-7.8125,-18.25,3.32421875,3.8583751860119047,3.8837425595238093,162.0517578125,163.1171875,42,42,0.025367373511904656,-3.8583751860119047,-3.8837425595238093,0.025367373511904656,[31733],[2872],[14608],[44098],[14608],[44098],"[""Ġenjoyment""]","[""Ġyoung""]","[""Ġentertainment""]","[""Ġyouthful""]","[""Ġentertainment""]","[""Ġyouthful""]"
981,prolex,He was feeling energy and fun.,He was sensing energy and excitement.,fun,excitement,26,29,feeling,sensing,7,14,-6.75,-8.3125,-15.0625,-3.0625,-12.6875,-15.75,0.6875,-5.75,-12.6875,-18.4375,3.375,5.33984375,5.361979166666667,32.0390625,32.171875,6,6,0.022135416666666963,-5.33984375,-5.361979166666667,0.022135416666666963,[794],[5471],[18349],[17950],[18349],[17950],"[""Ġfun""]","[""Ġfeeling""]","[""Ġexcitement""]","[""Ġsensing""]","[""Ġexcitement""]","[""Ġsensing""]"
982,prolex,He was feeling energy and fun.,He was sensing energy and joy.,fun,joy,26,29,feeling,sensing,7,14,-6.75,-8.3125,-15.0625,-4.4375,-12.6875,-17.125,2.0625,-6.9375,-12.6875,-19.625,4.5625,5.33984375,5.5703125,32.0390625,33.421875,6,6,0.23046875,-5.33984375,-5.5703125,0.23046875,[794],[5471],[11010],[17950],[11010],[17950],"[""Ġfun""]","[""Ġfeeling""]","[""Ġjoy""]","[""Ġsensing""]","[""Ġjoy""]","[""Ġsensing""]"
983,prolex,He was feeling energy and fun.,He was sensing energy and amusement.,fun,amusement,26,29,feeling,sensing,7,14,-6.75,-8.3125,-15.0625,-9.75,-12.6875,-22.4375,7.375,-10.8125,-12.6875,-23.5,8.4375,5.33984375,6.221354166666667,32.0390625,37.328125,6,6,0.881510416666667,-5.33984375,-6.221354166666667,0.881510416666667,[794],[5471],[36067],[17950],[36067],[17950],"[""Ġfun""]","[""Ġfeeling""]","[""Ġamusement""]","[""Ġsensing""]","[""Ġamusement""]","[""Ġsensing""]"
985,prolex,He was feeling energy and fun.,He was sensing energy and delight.,fun,delight,26,29,feeling,sensing,7,14,-6.75,-8.3125,-15.0625,-8.5,-12.6875,-21.1875,6.125,-10.125,-12.6875,-22.8125,7.75,5.33984375,6.104166666666667,32.0390625,36.625,6,6,0.764322916666667,-5.33984375,-6.104166666666667,0.764322916666667,[794],[5471],[12725],[17950],[12725],[17950],"[""Ġfun""]","[""Ġfeeling""]","[""Ġdelight""]","[""Ġsensing""]","[""Ġdelight""]","[""Ġsensing""]"
988,prolex,Accepting their traditions is a very important thing for young people.,Accepting their customs is a very significant thing for young people.,traditions,customs,16,26,important,significant,37,46,-9.8125,-1.9375,-11.75,-9.875,-5.75,-15.625,3.875,-9.875,-5.65625,-15.53125,3.78125,3.4075520833333335,3.845703125,40.890625,46.1484375,12,12,0.4381510416666665,-3.4075520833333335,-3.845703125,0.4381510416666665,[21188],[1774],[25828],[1534],[25828],[1534],"[""Ġtraditions""]","[""Ġimportant""]","[""Ġcustoms""]","[""Ġsignificant""]","[""Ġcustoms""]","[""Ġsignificant""]"
989,prolex,Accepting their traditions is a very important thing for young people.,Accepting their practices is a very significant thing for young people.,traditions,practices,16,26,important,significant,37,46,-9.8125,-1.9375,-11.75,-10.4375,-5.75,-16.1875,4.4375,-10.5,-7.25,-17.75,6.0,3.4075520833333335,4.240234375,40.890625,50.8828125,12,12,0.8326822916666665,-3.4075520833333335,-4.240234375,0.8326822916666665,[21188],[1774],[8333],[1534],[8333],[1534],"[""Ġtraditions""]","[""Ġimportant""]","[""Ġpractices""]","[""Ġsignificant""]","[""Ġpractices""]","[""Ġsignificant""]"
990,prolex,Accepting their traditions is a very important thing for young people.,Accepting their habits is a very significant thing for young people.,traditions,habits,16,26,important,significant,37,46,-9.8125,-1.9375,-11.75,-11.125,-5.75,-16.875,5.125,-11.125,-6.0625,-17.1875,5.4375,3.4075520833333335,4.033203125,40.890625,48.3984375,12,12,0.6256510416666665,-3.4075520833333335,-4.033203125,0.6256510416666665,[21188],[1774],[16964],[1534],[16964],[1534],"[""Ġtraditions""]","[""Ġimportant""]","[""Ġhabits""]","[""Ġsignificant""]","[""Ġhabits""]","[""Ġsignificant""]"
992,prolex,"thus i strongly agree that young peoplen't don't give enough time to helping their communities,as a student, some even stay up preparing night preparing exams.","thus i strongly agree that youthful peoplen't don't give enough time to helping their neighborhoods,as a student, some even stay up preparing night preparing exams.",communities,neighborhoods,83,94,young,youthful,27,32,-4.0,-8.5625,-12.5625,-8.875,-14.125,-23.0,10.4375,-9.0,-14.125,-23.125,10.5625,4.903411865234375,5.344715118408203,156.9091796875,171.0308837890625,32,32,0.4413032531738281,-4.903411865234375,-5.344715118408203,0.4413032531738281,[7888],[2872],[25237],[44098],[25237],[44098],"[""Ġcommunities""]","[""Ġyoung""]","[""Ġneighborhoods""]","[""Ġyouthful""]","[""Ġneighborhoods""]","[""Ġyouthful""]"
