row_idx,dataset,sentence,changed_sentence_two,target1,substitute1,target1_offset,target1_end,target2,substitute2,target2_offset,target2_end,orig1_logp,orig2_logp,orig_two_logp,ind_sub1_logp,ind_sub2_logp,sub_two_independent_logp,independent_score,seq_sub1_logp,seq_sub2_logp,sub_two_sequential_logp,sequential_score,orig_context_mean_nll,sub_context_mean_nll,orig_context_sum_nll,sub_context_sum_nll,orig_context_num_tokens,sub_context_num_tokens,context_score,orig_sentence_avg_logp,sub_sentence_avg_logp,whole_sentence_avg_logp_score,orig1_token_ids,orig2_token_ids,ind_sub1_token_ids,ind_sub2_token_ids,seq_sub1_token_ids,seq_sub2_token_ids,orig1_tokens,orig2_tokens,ind_sub1_tokens,ind_sub2_tokens,seq_sub1_tokens,seq_sub2_tokens
0,swords,"For the nine months, the company reported a net loss of $608,413, or 39 cents a share, compared with year-earlier net income of $967,809, or 62 cents a share. Sales rose to $9.8 million from $8.9 million.","For the nine months, the company reported a net loss of $608,413, or 39 cents a share, compared with year-earlier net income of $967,809, or 62 cents a share. Revenue climbed to $9.8 million from $8.9 million.",Sales,Revenue,159,164,rose,climbed,165,169,-7.8125,-1.734375,-9.546875,-8.25,-4.15625,-12.40625,2.859375,-8.25,-4.09375,-12.34375,2.796875,1.7867290513557301,1.8379348704689427,101.84355592727661,104.76228761672974,57,57,0.051205819113212536,-1.7867290513557301,-1.8379348704689427,0.051205819113212536,[22344],[9461],[27464],[21863],[27464],[21863],"[""ĠSales""]","[""Ġrose""]","[""ĠRevenue""]","[""Ġclimbed""]","[""ĠRevenue""]","[""Ġclimbed""]"
3,swords,"He paused before a bedroom door. ""I should go in first. To prepare her.""","He paused before a chamber door. ""I should proceed in first. To prepare her.""",go,proceed,43,45,bedroom,chamber,19,26,-2.625,-8.4375,-11.0625,-10.5,-9.0,-19.5,8.4375,-9.5625,-9.0625,-18.625,7.5625,4.0271139705882355,4.981617647058823,68.4609375,84.6875,17,17,0.9545036764705879,-4.0271139705882355,-4.981617647058823,0.9545036764705879,[564],[14098],[4262],[9320],[4262],[9320],"[""Ġgo""]","[""Ġbedroom""]","[""Ġproceed""]","[""Ġchamber""]","[""Ġproceed""]","[""Ġchamber""]"
4,swords,"I have disguised us in the play, and deleted one brief melodramatic
                    interchange. Now I will mention it, in case I/You decide to restore it. Shortly
                    before she left, Tasha said, ""You steal from life for art, Bernardo.","I have masked us in the play, and deleted one brief melodramatic
                    interchange. Now I will communicate it, in case I/You decide to restore it. Shortly
                    before she left, Tasha said, ""You steal from life for art, Bernardo.",mention,communicate,112,119,disguised,masked,7,16,-6.53125,-14.0625,-20.59375,-8.6875,-12.6875,-21.375,0.78125,-8.6875,-12.6875,-21.375,0.78125,4.355199353448276,4.552893276872306,252.6015625,264.06781005859375,58,58,0.1976939234240298,-4.355199353448276,-4.552893276872306,0.1976939234240298,[3748],[49932],[13791],[34741],[13791],[34741],"[""Ġmention""]","[""Ġdisguised""]","[""Ġcommunicate""]","[""Ġmasked""]","[""Ġcommunicate""]","[""Ġmasked""]"
5,swords,"I fear that may be true for me. Add
                    this to the reasons I write now: to remember something, perhaps even to learn -- 
                 Emil Malaquez arrived after sundown, carrying a small package wrapped in what
                    looked like real paper.","I fear that may be genuine for me. Add
                    this to the reasons I write now: to remember something, possibly even to learn -- 
                 Emil Malaquez arrived after sundown, carrying a small package wrapped in what
                    looked like real paper.",perhaps,possibly,112,119,true,genuine,19,23,-5.9375,-3.03125,-8.96875,-8.8125,-10.8125,-19.625,10.65625,-8.5,-10.8125,-19.3125,10.34375,4.220369815826416,4.44707897731236,236.3407096862793,249.0364227294922,56,56,0.22670916148594422,-4.220369815826416,-4.44707897731236,0.22670916148594422,[4931],[2032],[6830],[13241],[6830],[13241],"[""Ġperhaps""]","[""Ġtrue""]","[""Ġpossibly""]","[""Ġgenuine""]","[""Ġpossibly""]","[""Ġgenuine""]"
6,swords,"A tall, narrow
                    stopbox stood in the center of one room; sand trickled forever downward while
                    beads of water splashed across the sand's path. If that was Malaquez's work, it
                    was a very minor effort. But then, I was in no mood to consider art.","A tall, narrow
                    stopbox stood in the middle of one room; sand trickled forever downward while
                    beads of water splashed across the sand's path. If that was Malaquez's business, it
                    was a very minor effort. But then, I was in no mood to consider art.",work,business,204,208,center,middle,56,62,-5.0625,-1.75,-6.8125,-7.5625,-1.125,-8.6875,1.875,-7.65625,-1.125,-8.78125,1.96875,3.940204796424279,4.1069894643930285,256.1133117675781,266.9543151855469,65,65,0.16678466796874947,-3.940204796424279,-4.1069894643930285,0.16678466796874947,[789],[4055],[2136],[4766],[2136],[4766],"[""Ġwork""]","[""Ġcenter""]","[""Ġbusiness""]","[""Ġmiddle""]","[""Ġbusiness""]","[""Ġmiddle""]"
7,swords,"Yes, Self, I am also bothered that this observation ignores half-eaten cheese
                    sandwiches, incomplete insect collections, and locks of infants' hair, forgotten
                    in closets, basements, and warehouses. 
                 You see the inspiration for my latest play, ""Captured Moments."" The mindwipe
                    will take its creation from my future self --but time too often does that
                    without aid.","Yes, Self, I am likewise bothered that this observation ignores half-eaten cheese
                    sandwiches, incomplete insect collections, and locks of infants' hair, forgotten
                    in closets, basements, and warehouses. 
                 You see the inspiration for my new play, ""Captured Moments."" The mindwipe
                    will take its creation from my future self --but time too often does that
                    without aid.",latest,new,287,293,also,likewise,16,20,-4.3125,-6.40625,-10.71875,-3.421875,-11.3125,-14.734375,4.015625,-3.46875,-11.375,-14.84375,4.125,4.280872641669379,4.290343263414171,385.27853775024414,386.1308937072754,90,90,0.009470621744791963,-4.280872641669379,-4.290343263414171,0.009470621744791963,[6323],[671],[747],[21223],[747],[21223],"[""Ġlatest""]","[""Ġalso""]","[""Ġnew""]","[""Ġlikewise""]","[""Ġnew""]","[""Ġlikewise""]"
8,swords,"The other concern wasn't identified.  

Ratners's chairman, Gerald Ratner, said the deal remains of ""substantial benefit to Ratners."" In London at mid-afternoon yesterday, Ratners's shares were up 2 pence (1.26 cents), at 260 pence ($1.64).","The other concern wasn't identified.  

Ratners's chairman, Gerald Ratner, stated the deal remains of ""substantial help to Ratners."" In London at mid-afternoon yesterday, Ratners's shares were up 2 pence (1.26 cents), at 260 pence ($1.64).",benefit,help,113,120,said,stated,75,79,-2.59375,-2.421875,-5.015625,-8.5625,-7.25,-15.8125,10.796875,-8.6875,-7.25,-15.9375,10.921875,3.461406980242048,3.6417718312096974,218.06863975524902,229.43162536621094,63,63,0.1803648509676492,-3.461406980242048,-3.6417718312096974,0.1803648509676492,[5649],[753],[1361],[4767],[1361],[4767],"[""Ġbenefit""]","[""Ġsaid""]","[""Ġhelp""]","[""Ġstated""]","[""Ġhelp""]","[""Ġstated""]"
9,swords,"Xerox Corp. has told employees in its Crum & Forster personal insurance operations that it is laying off about 300 people, or 25% of the staff.  

A spokeswoman for Crum & Forster said employees were told early this week that numerous staff functions for the personal insurance lines were going to be centralized as a cost-cutting move.","Xerox Corp. has told employees in its Crum & Forster personal insurance operations that it is laying off about 300 folks, or 25% of the staff.  

A spokeswoman for Crum & Forster stated employees were told early this week that numerous staff functions for the personal insurance lines were going to be centralized as a cost-cutting move.",people,folks,115,121,said,stated,180,184,-1.4921875,-0.84375,-2.3359375,-10.3125,-7.46875,-17.78125,15.4453125,-10.3125,-7.03125,-17.34375,15.0078125,2.729170905219184,2.9738830990261502,196.50030517578125,214.1195831298828,72,72,0.2447121938069663,-2.729170905219184,-2.9738830990261502,0.2447121938069663,[952],[753],[12633],[4767],[12633],[4767],"[""Ġpeople""]","[""Ġsaid""]","[""Ġfolks""]","[""Ġstated""]","[""Ġfolks""]","[""Ġstated""]"
10,swords,"They say the cubes will outlast
                    planets and suns, that when the universe dies, the works of Malaquez and his
                    followers will be the last things seen in the final wink of God's eye. 
                 Yes, Self, I am also bothered that this observation ignores half-eaten cheese
                    sandwiches, incomplete insect collections, and locks of infants' hair, forgotten
                    in closets, basements, and warehouses. 
                 You see the inspiration for my latest play, ""Captured Moments.""","They say the blocks will outlast
                    planets and suns, that when the universe dies, the works of Malaquez and his
                    followers will be the last things seen in the final wink of God's eye. 
                 Yes, Self, I am also disturb that this observation ignores half-eaten cheese
                    sandwiches, incomplete insect collections, and locks of infants' hair, forgotten
                    in closets, basements, and warehouses. 
                 You see the inspiration for my latest play, ""Captured Moments.""",bothered,disturb,259,267,cubes,blocks,13,18,-9.25,-11.5,-20.75,-11.875,-9.875,-21.75,1.0,-11.9375,-9.875,-21.8125,1.0625,3.718546014083059,3.7811391730057564,423.91424560546875,431.04986572265625,114,114,0.06259315892269735,-3.718546014083059,-3.7811391730057564,0.06259315892269735,[28860],[37072],[11639],[8336],[11639],[8336],"[""Ġbothered""]","[""Ġcubes""]","[""Ġdisturb""]","[""Ġblocks""]","[""Ġdisturb""]","[""Ġblocks""]"
11,swords,"""Tell me, Malaquez."" 
                 ""She wanted to be famous. She did!","""Tell me, Malaquez."" 
                 ""She desired to be renowned. She did!",famous,renowned,57,63,wanted,desired,44,50,-6.125,-5.21875,-11.34375,-10.9375,-10.0625,-21.0,9.65625,-9.1875,-10.0,-19.1875,7.84375,4.9115953947368425,5.465049342105263,93.3203125,103.8359375,19,19,0.5534539473684204,-4.9115953947368425,-5.465049342105263,0.5534539473684204,[8530],[3078],[30101],[6799],[30101],[6799],"[""Ġfamous""]","[""Ġwanted""]","[""Ġrenowned""]","[""Ġdesired""]","[""Ġrenowned""]","[""Ġdesired""]"
12,swords,"""It amuses me. Show me around, and then I shall decide."" 
                 ""Of course, Señor Flynn.""","""It amuses me. Display me around, and subsequently I shall decide."" 
                 ""Of course, Señor Flynn.""",then,subsequently,35,39,Show,Display,15,19,-3.171875,-10.0625,-13.234375,-12.125,-13.9375,-26.0625,12.828125,-8.6875,-13.9375,-22.625,9.390625,4.42625,5.0470703125,110.65625,126.1767578125,25,25,0.6208203125000002,-4.42625,-5.0470703125,0.6208203125000002,[840],[10684],[9674],[27604],[9674],[27604],"[""Ġthen""]","[""ĠShow""]","[""Ġsubsequently""]","[""ĠDisplay""]","[""Ġsubsequently""]","[""ĠDisplay""]"
13,swords,"The part of my mind that remembered four months in NorAm during the Great
                    Cleaning sent me rolling across the floor. Malaquez was not prepared for me to
                    react so quickly, or perhaps he waited too long for an expression I would not
                    have, a gesture I would not make, a poignant moment of repentence, wonder,
                    despair, or love. Had he been faster, he could have had rage.","The part of my mind that recalled four months in NorAm during the Great
                    Cleaning sent me rolling across the floor. Malaquez was not prepared for me to
                    react so quickly, or perhaps he waited very long for an expression I would not
                    have, a gesture I would not make, a poignant moment of repentence, wonder,
                    despair, or love. Had he been faster, he could have had rage.",too,very,232,235,remembered,recalled,25,35,-1.984375,-7.4375,-9.421875,-9.1875,-10.1875,-19.375,9.953125,-9.3125,-10.1875,-19.5,10.078125,3.8286308620287026,3.8844191509744395,352.2340393066406,357.36656188964844,92,92,0.05578828894573684,-3.8286308620287026,-3.8844191509744395,0.05578828894573684,[1512],[12659],[1077],[17602],[1077],[17602],"[""Ġtoo""]","[""Ġremembered""]","[""Ġvery""]","[""Ġrecalled""]","[""Ġvery""]","[""Ġrecalled""]"
14,swords,"Ralston said its restructuring costs include the phase-out of a battery facility in Greenville, N.C., the recent closing of a Hostess cake bakery in Cincinnati and a reduction in staff throughout the company. The battery plant, which makes rechargeable nickel cadmium and carbon zinc products, will be closed over the next year or so, a spokesman said.  

Ralston attributed its fourth-quarter slump partly to higher costs of ingredients in the pet food business as well as competitive pressures, which required higher advertising spending.","Ralston stated its restructuring costs include the phase-out of a battery facility in Greenville, N.C., the recent closing of a Hostess cake bakery in Cincinnati and a reduction in staff throughout the company. The battery plant, which create rechargeable nickel cadmium and carbon zinc products, will be closed over the next year or so, a spokesman said.  

Ralston attributed its fourth-quarter slump partly to higher costs of ingredients in the pet food business as well as competitive pressures, which required higher advertising spending.",makes,create,234,239,said,stated,8,12,-4.09375,-4.03125,-8.125,-13.6875,-7.53125,-21.21875,13.09375,-13.5625,-7.53125,-21.09375,12.96875,2.9285055095499213,3.0977684378623964,322.13560605049133,340.7545281648636,110,110,0.16926292831247514,-2.9285055095499213,-3.0977684378623964,0.16926292831247514,[2789],[753],[2794],[4767],[2794],[4767],"[""Ġmakes""]","[""Ġsaid""]","[""Ġcreate""]","[""Ġstated""]","[""Ġcreate""]","[""Ġstated""]"
15,swords,"We both thought I
                    referred to the vista. 
            
            
                 It's strange how one can write delightedly of the happier moments of life,
                    forgetting the things that one would forget by remembering fully the things one
                    would remember, and suddenly the forgotten, in revenge, rears up to savage the
                    unwary. So it was as I wrote the preceding.","We both believed I
                    referred to the vista. 
            
            
                 It's strange how one can write delightedly of the happier moments of living,
                    forgetting the things that one would forget by remembering fully the things one
                    would remember, and suddenly the forgotten, in revenge, rears up to savage the
                    unwary. So it was as I wrote the preceding.",life,living,174,178,thought,believed,8,15,-1.5859375,-5.1875,-6.7734375,-6.5625,-7.71875,-14.28125,7.5078125,-6.53125,-7.6875,-14.21875,7.4453125,4.014545486634036,4.095735480986446,333.207275390625,339.946044921875,83,83,0.08118999435240948,-4.014545486634036,-4.095735480986446,0.08118999435240948,[1495],[1869],[3811],[6566],[3811],[6566],"[""Ġlife""]","[""Ġthought""]","[""Ġliving""]","[""Ġbelieved""]","[""Ġliving""]","[""Ġbelieved""]"
16,swords,"If I am not, I had the perfect mirror
                    for my narcissism. 
                 As for the issue itself, I'm no longer sure what I want to record. The
                    playwright in me wants every scene of our time together.","If I am not, I had the perfect mirror
                    for my narcissism. 
                 As for the issue itself, I'm no longer sure what I desire to log. The
                    playwright in me wants every scene of our time together.",record,log,154,160,want,desire,146,150,-11.0625,-1.6484375,-12.7109375,-11.125,-6.59375,-17.71875,5.0078125,-10.5,-6.59375,-17.09375,4.3828125,3.705,3.92498046875,185.25,196.2490234375,50,50,0.21998046874999977,-3.705,-3.92498046875,0.21998046874999977,[1924],[971],[2412],[8327],[2412],[8327],"[""Ġrecord""]","[""Ġwant""]","[""Ġlog""]","[""Ġdesire""]","[""Ġlog""]","[""Ġdesire""]"
17,swords,"Malaquez answered the door in blood-red pajamas and a black silk robe. Sixty
                    years ago in a similar situation, I had broken my knuckles on someone's face. I
                    merely said, ""Is Tasha here?""","Malaquez answered the door in blood-red pajamas and a dark silk robe. Sixty
                    years ago in a similar situation, I had damage my knuckles on someone's face. I
                    merely said, ""Is Tasha here?""",broken,damage,137,143,black,dark,54,59,-7.1875,-2.953125,-10.140625,-16.25,-5.0625,-21.3125,11.171875,-16.25,-5.09375,-21.34375,11.203125,3.7002446009562564,3.8807443380355835,192.41271924972534,201.79870557785034,52,52,0.1804997370793271,-3.7002446009562564,-3.8807443380355835,0.1804997370793271,[7154],[2806],[4723],[3644],[4723],[3644],"[""Ġbroken""]","[""Ġblack""]","[""Ġdamage""]","[""Ġdark""]","[""Ġdamage""]","[""Ġdark""]"
19,swords,"Stepping into the living room, he said, ""A beautiful house."" 
                 ""I'm glad you came after dark."" 
                 Tasha, by accident or design, had found an innocently erotic posture on the
                    couch, where she lay with a book of M'duvian prints.","Stepping into the living room, he stated, ""A beautiful house."" 
                 ""I'm glad you came after dusk."" 
                 Tasha, by accident or design, had found an innocently erotic posture on the
                    couch, where she lay with a book of M'duvian prints.",dark,dusk,104,108,said,stated,34,38,-6.21875,-5.3125,-11.53125,-10.3125,-9.4375,-19.75,8.21875,-10.6875,-9.4375,-20.125,8.59375,3.9996145925214215,4.147497361706149,247.97610473632812,257.14483642578125,62,62,0.14788276918472754,-3.9996145925214215,-4.147497361706149,0.14788276918472754,[3644],[753],[47619],[4767],[47619],[4767],"[""Ġdark""]","[""Ġsaid""]","[""Ġdusk""]","[""Ġstated""]","[""Ġdusk""]","[""Ġstated""]"
20,swords,"No. I abandoned these notes to my future self to have the wipe done immediately,
                    thinking that Bernardo Flynn should receive such services when he needed them,
                    even should the need arise at the third hour after midnight. My mindsmith is not
                    so understanding.","No. I abandoned these notes to my future ego to have the wipe done immediately,
                    thinking that Bernardo Flynn should receive such services when he require them,
                    even should the need arise at the third hour after midnight. My mindsmith is not
                    so understanding.",needed,require,167,173,self,ego,41,45,-4.03125,-0.07568359375,-4.10693359375,-12.875,-10.4375,-23.3125,19.20556640625,-12.6875,-10.4375,-23.125,19.01806640625,4.634319305419922,4.927954537527902,259.5218811035156,275.9654541015625,56,56,0.29363523210798004,-4.634319305419922,-4.927954537527902,0.29363523210798004,[3058],[1881],[2430],[23057],[2430],[23057],"[""Ġneeded""]","[""Ġself""]","[""Ġrequire""]","[""Ġego""]","[""Ġrequire""]","[""Ġego""]"
21,swords,"Probably not. But it is something marvelous and rare, which is surely a
                    sign of love. 
                 If my love for her was the only important thing, I would leave a holo of her
                    with a note: ""Dear Future, this is Tasha Cortez.","Probably not. But it is something marvelous and uncommon, which is clearly a
                    sign of love. 
                 If my love for her was the only important thing, I would leave a holo of her
                    with a note: ""Dear Future, this is Tasha Cortez.",surely,clearly,63,69,rare,uncommon,48,52,-6.71875,-4.78125,-11.5,-7.90625,-7.28125,-15.1875,3.6875,-7.90625,-7.28125,-15.1875,3.6875,3.7908832097457625,3.8229442531779663,223.662109375,225.5537109375,59,59,0.03206104343220373,-3.7908832097457625,-3.8229442531779663,0.03206104343220373,[13353],[7520],[4518],[24666],[4518],[24666],"[""Ġsurely""]","[""Ġrare""]","[""Ġclearly""]","[""Ġuncommon""]","[""Ġclearly""]","[""Ġuncommon""]"
22,swords,"""Results, Harmon?"" she suppressed the surge of annoyance that ran through her as
she contemplated the psi's gift of getting all the hot news first.

Harmon's face slowly animated - joy sweeping in to replace stern concentration.","""Results, Harmon?"" she repressed the surge of annoyance that ran through her as
she contemplated the psi's gift of obtain all the hot news first.

Harmon's face slowly animated - joy sweeping in to replace stern concentration.",getting,obtain,116,123,suppressed,repressed,23,33,-9.0,-12.3125,-21.3125,-14.3125,-14.0,-28.3125,7.0,-14.25,-14.0,-28.25,6.9375,4.723619384765625,5.088084716796875,236.18096923828125,254.40423583984375,50,50,0.36446533203124964,-4.723619384765625,-5.088084716796875,0.36446533203124964,[2970],[16013],[4044],[47960],[4044],[47960],"[""Ġgetting""]","[""Ġsuppressed""]","[""Ġobtain""]","[""Ġrepressed""]","[""Ġobtain""]","[""Ġrepressed""]"
23,swords,"The rental
                    agent, an attractive N'apulcan named Tasha Cortez, was not mood-sensitive
                    either. She said, ""It's beautiful, isn't it, Señor Flynn?"" 
                 My instinct was to gesture curtly with a cupped hand that she lift the wind boat
                    and take me elsewhere.","The rental
                    agent, an attractive N'apulcan called Tasha Cortez, was not mood-sensitive
                    either. She state, ""It's beautiful, isn't it, Señor Flynn?"" 
                 My instinct was to gesture curtly with a cupped hand that she lift the wind boat
                    and take me elsewhere.",said,state,137,141,named,called,62,67,-4.59375,-5.3125,-9.90625,-13.6875,-7.1875,-20.875,10.96875,-13.6875,-7.1875,-20.875,10.96875,4.404128383582746,4.614522584727113,312.693115234375,327.631103515625,71,71,0.2103942011443669,-4.404128383582746,-4.614522584727113,0.2103942011443669,[753],[4907],[1375],[1925],[1375],[1925],"[""Ġsaid""]","[""Ġnamed""]","[""Ġstate""]","[""Ġcalled""]","[""Ġstate""]","[""Ġcalled""]"
24,swords,"Intelogic Trace Inc., San Antonio, Texas, said it bought 2.7 million shares, or about 18%, of its common stock from an unaffiliated shareholder for $3.625 a share, or $9.9 million.  

The move boosts Intelogic Chairman Asher Edelman's stake to 20% from 16.2% and may help prevent Martin Ackerman from making a run at the computer-services concern. Mr. Ackerman already is seeking to oust Mr. Edelman as chairman of Datapoint Corp., an Intelogic affiliate.","Intelogic Trace Inc., San Antonio, Texas, stated it bought 2.7 million shares, or about 18%, of its common stock from an unaffiliated shareholder for $3.625 a share, or $9.9 million.  

The move boosts Intelogic Chairman Asher Edelman's stake to 20% from 16.2% and may help stop Martin Ackerman from making a run at the computer-services concern. Mr. Ackerman already is seeking to oust Mr. Edelman as chairman of Datapoint Corp., an Intelogic affiliate.",prevent,stop,272,279,said,stated,42,46,-5.8125,-5.0625,-10.875,-7.125,-9.375,-16.5,5.625,-7.0,-9.375,-16.375,5.5,2.684110047387295,2.800644311748567,327.46142578125,341.6786060333252,122,122,0.11653426436127212,-2.684110047387295,-2.800644311748567,0.11653426436127212,[3657],[753],[3523],[4767],[3523],[4767],"[""Ġprevent""]","[""Ġsaid""]","[""Ġstop""]","[""Ġstated""]","[""Ġstop""]","[""Ġstated""]"
25,swords,"Tasha snatched it from him to rip away the paper. 
            
            
                 I stopped writing, and only the thought that I might miss the mindwipe kept me
                    from another spree. I went walking, but after N'apulco, Rio seems no fit abode
                    for a creature of flesh.","Tasha snatched it from him to rip away the paper. 
            
            
                 I ended writing, and only the thought that I might neglect the mindwipe kept me
                    from another spree. I went walking, but after N'apulco, Rio seems no fit abode
                    for a creature of flesh.",miss,neglect,147,151,stopped,ended,96,103,-4.40625,-6.5625,-10.96875,-10.75,-8.5,-19.25,8.28125,-10.5,-8.4375,-18.9375,7.96875,4.528621897977941,4.689657772288603,307.9462890625,318.896728515625,68,68,0.16103587431066213,-4.528621897977941,-4.689657772288603,0.16103587431066213,[2985],[6331],[18369],[7402],[18369],[7402],"[""Ġmiss""]","[""Ġstopped""]","[""Ġneglect""]","[""Ġended""]","[""Ġneglect""]","[""Ġended""]"
27,swords,"Reed International PLC said that net income for the six months ended Oct. 1 slipped 5% to #89.7 million ($141.9 million), or 16 pence a share, from #94.8 million ($149.9 million), or 17.3 pence a share.  

The British paper, packaging and publishing concern, said profit from continuing lines fell 10% to #118 million from #130.6 million.","Reed International PLC stated that net earnings for the six months ended Oct. 1 slipped 5% to #89.7 million ($141.9 million), or 16 pence a share, from #94.8 million ($149.9 million), or 17.3 pence a share.  

The British paper, packaging and publishing concern, said profit from continuing lines fell 10% to #118 million from #130.6 million.",income,earnings,37,43,said,stated,23,27,-2.09375,-4.25,-6.34375,-3.40625,-8.3125,-11.71875,5.375,-3.015625,-8.25,-11.265625,4.921875,2.5903298024381143,2.681953344452247,230.5393524169922,238.69384765625,89,89,0.09162354201413292,-2.5903298024381143,-2.681953344452247,0.09162354201413292,[6021],[753],[20375],[4767],[20375],[4767],"[""Ġincome""]","[""Ġsaid""]","[""Ġearnings""]","[""Ġstated""]","[""Ġearnings""]","[""Ġstated""]"
29,swords,"The company also cited interest costs and amortization of goodwill as factors in the loss.  

A year earlier, net income was $2.1 million, or six cents a share, on revenue of $169.9 million.","The company likewise cited interest costs and amortization of goodwill as factors in the loss.  

A year earlier, net gains was $2.1 million, or six cents a share, on revenue of $169.9 million.",income,gains,114,120,also,likewise,12,16,-0.248046875,-2.921875,-3.169921875,-8.375,-8.125,-16.5,13.330078125,-7.875,-8.1875,-16.0625,12.892578125,2.2593047472895407,2.833588269292092,110.7059326171875,138.8458251953125,49,49,0.5742835220025513,-2.2593047472895407,-2.833588269292092,0.5742835220025513,[6021],[671],[15988],[21223],[15988],[21223],"[""Ġincome""]","[""Ġalso""]","[""Ġgains""]","[""Ġlikewise""]","[""Ġgains""]","[""Ġlikewise""]"
31,swords,"But knowing this did not mean I wanted it. 
                 I said, ""Truthfully."" It was the statement of a younger and crueler man than I.","But knowing this did not mean I desired it. 
                 I remark, ""Truthfully."" It was the statement of a younger and crueler man than I.",said,remark,63,67,wanted,desired,32,38,-5.125,-4.0625,-9.1875,-14.3125,-8.0,-22.3125,13.125,-12.9375,-8.0625,-21.0,11.8125,3.6029829545454546,3.983664772727273,118.8984375,131.4609375,33,33,0.38068181818181834,-3.6029829545454546,-3.983664772727273,0.38068181818181834,[753],[3078],[7579],[6799],[7579],[6799],"[""Ġsaid""]","[""Ġwanted""]","[""Ġremark""]","[""Ġdesired""]","[""Ġremark""]","[""Ġdesired""]"
32,swords,"""Tell me, Malaquez."" 
                 ""She wanted to be famous. She did!","""Tell me, Malaquez."" 
                 ""She desired to be recognized. She did!",famous,recognized,57,63,wanted,desired,44,50,-6.125,-5.21875,-11.34375,-7.8125,-10.0625,-17.875,6.53125,-7.0625,-10.0,-17.0625,5.71875,4.9115953947368425,5.3589638157894735,93.3203125,101.8203125,19,19,0.44736842105263097,-4.9115953947368425,-5.3589638157894735,0.44736842105263097,[8530],[3078],[7478],[6799],[7478],[6799],"[""Ġfamous""]","[""Ġwanted""]","[""Ġrecognized""]","[""Ġdesired""]","[""Ġrecognized""]","[""Ġdesired""]"
33,swords,"He began to cry. ""She left. Earlier this morning --""","He started to cry. ""She withdraw. Earlier this morning --""",left,withdraw,22,26,began,started,3,8,-5.21875,-6.875,-12.09375,-14.4375,-5.96875,-20.40625,8.3125,-14.8125,-6.0,-20.8125,8.71875,4.114483173076923,5.245793269230769,53.48828125,68.1953125,13,13,1.1313100961538458,-4.114483173076923,-5.245793269230769,1.1313100961538458,[1669],[3407],[10687],[3053],[10687],[3053],"[""Ġleft""]","[""Ġbegan""]","[""Ġwithdraw""]","[""Ġstarted""]","[""Ġwithdraw""]","[""Ġstarted""]"
34,swords,"(I do
                    not remember any of this well, just now, nor do I care to. Those who are truly
                    curious may look at the last act of ""Captured Moments."") I remember suggesting,
                    with characteristic tact, that she add Emil to her small list of major
                    accomplishments.","(I do
                    not recall any of this well, just now, nor do I care to. Those who are truly
                    curious may look at the ultimate act of ""Captured Moments."") I remember suggesting,
                    with characteristic tact, that she add Emil to her small list of major
                    accomplishments.",last,ultimate,149,153,remember,recall,30,38,-6.0625,-5.5,-11.5625,-11.25,-7.25,-18.5,6.9375,-11.25,-7.25,-18.5,6.9375,3.7870357900426006,3.9237553140391475,261.30546951293945,270.7391166687012,69,69,0.13671952399654685,-3.7870357900426006,-3.9237553140391475,0.13671952399654685,[1390],[4456],[12553],[6983],[12553],[6983],"[""Ġlast""]","[""Ġremember""]","[""Ġultimate""]","[""Ġrecall""]","[""Ġultimate""]","[""Ġrecall""]"
37,swords,"And Tasha? I could say that I did not dare to take responsibility for her fate.
                    I could say that I chose out of consideration for her desire for fame; some
                    critics already say ""Waking With Tasha"" is Malaquez's finest work.","And Tasha? I could say that I did not dare to take accountability for her fate.
                    I could say that I selected out of consideration for her desire for fame; some
                    critics already say ""Waking With Tasha"" is Malaquez's finest work.",responsibility,accountability,51,65,chose,selected,119,124,-6.3125,-6.59375,-12.90625,-11.1875,-10.375,-21.5625,8.65625,-11.1875,-10.3125,-21.5,8.59375,4.159830729166667,4.42260313870614,237.1103515625,252.08837890625,57,57,0.26277240953947345,-4.159830729166667,-4.42260313870614,0.26277240953947345,[8294],[9703],[30990],[4236],[30990],[4236],"[""Ġresponsibility""]","[""Ġchose""]","[""Ġaccountability""]","[""Ġselected""]","[""Ġaccountability""]","[""Ġselected""]"
38,swords,"Disgusted with Tasha but more disgusted with myself, I
                    finally realized she would not return that night and went into The Sleeping
                    Flamingo to drink myself to sleep. 
                 She had not come home when I woke in mid-morning. I waited, and drank a glass of
                    MorningAfter and three cups of coffee, and wondered whether our affair could
                    survive the events of the night, and whether I wanted it to.","Disgusted with Tasha but more disgusted with myself, I
                    finally recognized she would not return that night and went into The Sleeping
                    Flamingo to drink myself to sleep. 
                 She had not return home when I woke in mid-morning. I waited, and drank a glass of
                    MorningAfter and three cups of coffee, and wondered whether our affair could
                    survive the events of the night, and whether I wanted it to.",come,return,236,240,realized,recognized,83,91,-2.796875,-4.25,-7.046875,-6.78125,-7.8125,-14.59375,7.546875,-6.84375,-7.75,-14.59375,7.546875,3.1946768712515783,3.320654050268308,316.27301025390625,328.7447509765625,99,99,0.12597717901672967,-3.1946768712515783,-3.320654050268308,0.12597717901672967,[1705],[8156],[1091],[7478],[1091],[7478],"[""Ġcome""]","[""Ġrealized""]","[""Ġreturn""]","[""Ġrecognized""]","[""Ġreturn""]","[""Ġrecognized""]"
39,swords,"I suppose I could
                    assist a friend. Purely for the sake of the race, of course --"" 
                 ""Ever the altruist.","I think I could
                    assist a friend. Purely for the sake of the event, of course --"" 
                 ""Ever the altruist.",race,event,82,86,suppose,think,2,9,-7.21875,-7.34375,-14.5625,-7.3125,-3.171875,-10.484375,-4.078125,-7.1875,-3.15625,-10.34375,-4.21875,4.115495204925537,3.944150924682617,131.6958465576172,126.21282958984375,32,32,-0.17134428024291992,-4.115495204925537,-3.944150924682617,-0.17134428024291992,[5492],[9428],[2362],[1158],[2362],[1158],"[""Ġrace""]","[""Ġsuppose""]","[""Ġevent""]","[""Ġthink""]","[""Ġevent""]","[""Ġthink""]"
40,swords,"I have disguised us in the play, and deleted one brief melodramatic
                    interchange. Now I will mention it, in case I/You decide to restore it. Shortly
                    before she left, Tasha said, ""You steal from life for art, Bernardo.","I have masked us in the play, and deleted one brief melodramatic
                    interchange. Now I will discuss it, in case I/You decide to restore it. Shortly
                    before she left, Tasha said, ""You steal from life for art, Bernardo.",mention,discuss,112,119,disguised,masked,7,16,-6.53125,-14.0625,-20.59375,-6.75,-12.6875,-19.4375,-1.15625,-6.75,-12.6875,-19.4375,-1.15625,4.355199353448276,4.446860477842134,252.6015625,257.91790771484375,58,58,0.0916611243938581,-4.355199353448276,-4.446860477842134,0.0916611243938581,[3748],[49932],[2319],[34741],[2319],[34741],"[""Ġmention""]","[""Ġdisguised""]","[""Ġdiscuss""]","[""Ġmasked""]","[""Ġdiscuss""]","[""Ġmasked""]"
41,swords,"The publishers in Monterrey command no battalions, but they agreed to express their outrage with editorials in today's editions.
Many will use a common editorial.
A final statement yesterday said: ""While some advances are being made in nations throughout the hemisphere, the state of press freedom in the Americas still must be regarded as grim as long as journalists and their families are subject to the crudest form of censorship: death by assassination.""","The publishers in Monterrey command no battalions, but they agreed to express their outrage with editorials in today's editions.
Many will use a generic editorial.
A last statement yesterday said: ""While some advances are being made in nations throughout the hemisphere, the state of press freedom in the Americas still must be regarded as grim as long as journalists and their families are subject to the crudest form of censorship: death by assassination.""",common,generic,145,151,final,last,165,170,-5.25,-6.6875,-11.9375,-7.09375,-7.5,-14.59375,2.65625,-7.125,-7.4375,-14.5625,2.625,3.7111480712890623,3.7518290201822917,334.0033264160156,337.66461181640625,90,90,0.040680948893229374,-3.7111480712890623,-3.7518290201822917,0.040680948893229374,[1846],[2457],[12314],[1390],[12314],[1390],"[""Ġcommon""]","[""Ġfinal""]","[""Ġgeneric""]","[""Ġlast""]","[""Ġgeneric""]","[""Ġlast""]"
43,swords,"I looked at Malaquez. His eyes opened wider while we watched
                    each other. His lips contorted as if they had lost their ability to shape sound.","I looked at Malaquez. His eyes unfolded largely while we watched
                    each other. His lips contorted as if they had lost their ability to shape sound.",wider,largely,38,43,opened,unfolded,31,37,-3.28125,-4.625,-7.90625,-12.9375,-12.9375,-25.875,17.96875,-12.875,-12.9375,-25.8125,17.90625,4.3026751893939394,4.906560724431818,141.98828125,161.91650390625,33,33,0.6038855350378789,-4.3026751893939394,-4.906560724431818,0.6038855350378789,[14200],[5485],[8127],[42273],[8127],[42273],"[""Ġwider""]","[""Ġopened""]","[""Ġlargely""]","[""Ġunfolded""]","[""Ġlargely""]","[""Ġunfolded""]"
45,swords,"""Has she said as much about me?"" 
                 ""She thinks you are a genius. Do come in.""","""Has she stated as much about me?"" 
                 ""She believe you are a genius. Do come in.""",thinks,believe,56,62,said,stated,9,13,-5.1875,-4.625,-9.8125,-11.9375,-8.3125,-20.25,10.4375,-11.5625,-8.375,-19.9375,10.125,4.1848366477272725,4.9921875,92.06640625,109.828125,22,22,0.8073508522727275,-4.1848366477272725,-4.9921875,0.8073508522727275,[11121],[753],[2868],[4767],[2868],[4767],"[""Ġthinks""]","[""Ġsaid""]","[""Ġbelieve""]","[""Ġstated""]","[""Ġbelieve""]","[""Ġstated""]"
47,swords,"I did not listen. I took the capturador, a matte black Tiempo
                    Capturado, from his grip and studied it, not really thinking about it or
                    Malaquez or Tasha. I think I was wondering what it meant to say that a thing was
                    art, so we accepted it as art.","I did not listen. I took the capturador, a matte dark Tiempo
                    Capturado, from his grip and studied it, not truly thinking about it or
                    Malaquez or Tasha. I think I was wondering what it meant to say that a thing was
                    art, so we accepted it as art.",black,dark,49,54,really,truly,127,133,-1.796875,-4.46875,-6.265625,-5.8125,-8.0625,-13.875,7.609375,-5.78125,-8.25,-14.03125,7.765625,4.08088017853213,4.311547077877421,289.74249267578125,306.1198425292969,71,71,0.23066689934529094,-4.08088017853213,-4.311547077877421,0.23066689934529094,[2806],[1663],[3644],[7777],[3644],[7777],"[""Ġblack""]","[""Ġreally""]","[""Ġdark""]","[""Ġtruly""]","[""Ġdark""]","[""Ġtruly""]"
48,swords,"She was a twenty-four-year-old (Terran Standard) N'Apulcan
                    who left university training in hydroponics to work for her aunt's real estate
                    firm. Her family said she did it to support her father, who was dying of a
                    particularly painful degenerative disease. Tasha said she woke up one morning
                    convinced that if she spent another day studying vegetables, she would become
                    one.","She was a twenty-four-year-old (Terran Standard) N'Apulcan
                    who left university education in hydroponics to work for her aunt's real estate
                    firm. Her family said she did it to support her father, who was dying of a
                    particularly difficult degenerative disease. Tasha said she woke up one morning
                    convinced that if she spent another day studying vegetables, she would become
                    one.",painful,difficult,286,293,training,education,99,107,-2.578125,-7.8125,-10.390625,-4.9375,-7.5625,-12.5,2.109375,-4.78125,-7.4375,-12.21875,1.828125,3.148553506951583,3.2358435379831416,299.1125831604004,307.40513610839844,95,95,0.08729003103155852,-3.148553506951583,-3.2358435379831416,0.08729003103155852,[16592],[3733],[2834],[4730],[2834],[4730],"[""Ġpainful""]","[""Ġtraining""]","[""Ġdifficult""]","[""Ġeducation""]","[""Ġdifficult""]","[""Ġeducation""]"
49,swords,"""Has she said as much about me?"" 
                 ""She thinks you are a genius. Do come in.""","""Has she stated as much about me?"" 
                 ""She consider you are a genius. Do come in.""",thinks,consider,56,62,said,stated,9,13,-5.1875,-4.625,-9.8125,-12.1875,-8.3125,-20.5,10.6875,-12.25,-8.375,-20.625,10.8125,4.1848366477272725,5.229048295454546,92.06640625,115.0390625,22,22,1.0442116477272734,-4.1848366477272725,-5.229048295454546,1.0442116477272734,[11121],[753],[1908],[4767],[1908],[4767],"[""Ġthinks""]","[""Ġsaid""]","[""Ġconsider""]","[""Ġstated""]","[""Ġconsider""]","[""Ġstated""]"
50,swords,"The spokesman said it is the first early retirement plan offered under its two-year cost-control strategy. Earlier staff-reduction moves have trimmed about 300 jobs, the spokesman said.","The spokesman stated it is the first early retirement plan offered under its two-year cost-control strategy. Earlier workers-reduction moves have trimmed about 300 jobs, the spokesman said.",staff,workers,115,120,said,stated,14,18,-10.375,-0.94921875,-11.32421875,-9.5,-6.0,-15.5,4.17578125,-9.375,-6.0,-15.375,4.05078125,3.8301060267857143,4.356389508928571,134.0537109375,152.4736328125,35,35,0.526283482142857,-3.8301060267857143,-4.356389508928571,0.526283482142857,[4750],[753],[5820],[4767],[5820],[4767],"[""Ġstaff""]","[""Ġsaid""]","[""Ġworkers""]","[""Ġstated""]","[""Ġworkers""]","[""Ġstated""]"
51,swords,"Call me
                    Bernardo."" 
                 ""If you wish."" 
                 ""I beg you, change the color of the walls, at the very least.""","Call me
                    Bernardo."" 
                 ""If you like."" 
                 ""I beg you, change the colour of the walls, at the very least.""",wish,like,65,69,color,colour,113,118,-3.71875,-4.6875,-8.40625,-4.21875,-5.5,-9.71875,1.3125,-4.21875,-5.875,-10.09375,1.6875,3.5430450439453125,3.55609130859375,113.37744140625,113.794921875,32,32,0.0130462646484375,-3.5430450439453125,-3.55609130859375,0.0130462646484375,[5730],[3295],[751],[10688],[751],[10688],"[""Ġwish""]","[""Ġcolor""]","[""Ġlike""]","[""Ġcolour""]","[""Ġlike""]","[""Ġcolour""]"
52,swords,"Its subsidiaries' services are marketed by closely held A.L. Williams & Associates. Primerica, as expected, also acquired certain assets of the agency and assumed certain of its liabilities. Terms weren't disclosed.","Its subsidiaries' services are marketed by closely held A.L. Williams & Associates. Primerica, as predict, likewise acquired certain assets of the agency and assumed certain of its liabilities. Terms weren't disclosed.",expected,predict,98,106,also,likewise,108,112,-9.875,-4.3125,-14.1875,-17.125,-9.3125,-26.4375,12.25,-17.125,-9.125,-26.25,12.0625,3.538945752520894,4.117567550304324,152.17466735839844,177.05540466308594,43,43,0.57862179778343,-3.538945752520894,-4.117567550304324,0.57862179778343,[3264],[671],[3283],[21223],[3283],[21223],"[""Ġexpected""]","[""Ġalso""]","[""Ġpredict""]","[""Ġlikewise""]","[""Ġpredict""]","[""Ġlikewise""]"
53,swords,"I could say that I did not dare to take responsibility for her fate.
                    I could say that I chose out of consideration for her desire for fame; some
                    critics already say ""Waking With Tasha"" is Malaquez's finest work. If science
                    finds a way to safely free the subjects of Emil's art, perhaps the I who reads
                    this file will know that my decision is wise.","I could say that I did not dare to take obligation for her fate.
                    I could say that I chose out of consideration for her desire for fame; some
                    critics already say ""Waking With Tasha"" is Malaquez's finest piece. If science
                    finds a way to safely free the subjects of Emil's art, perhaps the I who reads
                    this file will know that my decision is wise.",work,piece,246,250,responsibility,obligation,40,54,-1.2109375,-6.0625,-7.2734375,-3.703125,-12.8125,-16.515625,9.2421875,-3.234375,-12.875,-16.109375,8.8359375,4.097595729184954,4.210491394728757,364.68601989746094,374.7337341308594,89,89,0.11289566554380315,-4.097595729184954,-4.210491394728757,0.11289566554380315,[789],[8294],[5313],[14904],[5313],[14904],"[""Ġwork""]","[""Ġresponsibility""]","[""Ġpiece""]","[""Ġobligation""]","[""Ġpiece""]","[""Ġobligation""]"
54,swords,"The spokesman said it is the first early retirement plan offered under its two-year cost-control strategy. Earlier staff-reduction moves have trimmed about 300 jobs, the spokesman said.","The spokesman stated it is the first early retirement plan offered under its two-year cost-control strategy. Earlier worker-reduction moves have trimmed about 300 jobs, the spokesman said.",staff,worker,115,120,said,stated,14,18,-10.375,-0.94921875,-11.32421875,-10.625,-6.0,-16.625,5.30078125,-10.5,-6.0,-16.5,5.17578125,3.8301060267857143,4.157784598214286,134.0537109375,145.5224609375,35,35,0.32767857142857126,-3.8301060267857143,-4.157784598214286,0.32767857142857126,[4750],[753],[12954],[4767],[12954],[4767],"[""Ġstaff""]","[""Ġsaid""]","[""Ġworker""]","[""Ġstated""]","[""Ġworker""]","[""Ġstated""]"
55,swords,"Malaquez glanced away, embarrassed. Tasha looked at me as if to say, ""I will.""
                    She said, ""I feel sorry for you, Nardo.","Malaquez glanced away, embarrassed. Tasha looked at me as if to utter, ""I will.""
                    She stated, ""I feel sorry for you, Nardo.",say,utter,64,67,said,stated,103,107,-0.53125,-3.546875,-4.078125,-10.75,-8.4375,-19.1875,15.109375,-10.6875,-8.3125,-19.0,14.921875,3.852878146701389,4.342881944444445,138.70361328125,156.34375,36,36,0.4900037977430558,-3.852878146701389,-4.342881944444445,0.4900037977430558,[1333],[753],[13894],[4767],[13894],[4767],"[""Ġsay""]","[""Ġsaid""]","[""Ġutter""]","[""Ġstated""]","[""Ġutter""]","[""Ġstated""]"
57,swords,"Don't let
fatigue get to you.

She used the discretion of the mirrored window to secretively survey her crew.
Harmon was an excellent addition to the bridge team, but was she open minded
enough to defy United Earth Command and sever all ties from Earth?","Don't let
fatigue get to you.

She employed the discretion of the mirrored window to secretively observe her crew.
Harmon was an excellent addition to the bridge team, but was she open minded
enough to defy United Earth Command and sever all ties from Earth?",survey,observe,93,99,used,employed,35,39,-6.46875,-6.78125,-13.25,-4.6875,-11.1875,-15.875,2.625,-4.125,-11.1875,-15.3125,2.0625,3.846809895833333,4.049837239583334,230.80859375,242.990234375,60,60,0.20302734375000053,-3.846809895833333,-4.049837239583334,0.20302734375000053,[6630],[908],[10018],[7091],[10018],[7091],"[""Ġsurvey""]","[""Ġused""]","[""Ġobserve""]","[""Ġemployed""]","[""Ġobserve""]","[""Ġemployed""]"
58,swords,"BRIEFS: Only 57.6% of New Yorkers watch the local news, the lowest viewership in the country, says a new study by Impact Resources Inc., Columbus, Ohio. . . . FreudToy, a pillow bearing the likeness of Sigmund Freud, is marketed as a $24.95 tool for do-it-yourself analysis.","BRIEFS: Just 57.6% of New Yorkers watch the local news, the lowest viewership in the country, says a new study by Impact Resources Inc., Columbus, Ohio. . . . FreudToy, a pillow bearing the likeness of Sigmund Freud, is marketed as a $24.95 tool for do-it-yourself research.",analysis,research,265,273,Only,Just,8,12,-7.375,-7.65625,-15.03125,-8.8125,-6.5,-15.3125,0.28125,-8.8125,-6.46875,-15.28125,0.25,3.1327124143901623,3.183974542115864,238.08614349365234,241.98206520080566,76,76,0.05126212772570149,-3.1327124143901623,-3.183974542115864,0.05126212772570149,[1783],[7214],[2561],[3771],[2561],[3771],"[""Ġanalysis""]","[""ĠOnly""]","[""Ġresearch""]","[""ĠJust""]","[""Ġresearch""]","[""ĠJust""]"
59,swords,"She says I am emotionally a child, to which I reply, ""Of
                    course. Why else would I come to you?"" This logic does not soothe her; she says
                    I must wait three weeks.","She states I am emotionally a child, to which I reply, ""Of
                    course. Why else would I approach to you?"" This logic does not soothe her; she says
                    I must wait three weeks.",come,approach,102,106,says,states,4,8,-3.953125,-4.09375,-8.046875,-9.375,-8.625,-18.0,9.953125,-9.5625,-8.3125,-17.875,9.828125,3.3096812855113638,3.734560879794034,145.6259765625,164.3206787109375,44,44,0.4248795942826704,-3.3096812855113638,-3.734560879794034,0.4248795942826704,[1705],[2296],[2746],[3054],[2746],[3054],"[""Ġcome""]","[""Ġsays""]","[""Ġapproach""]","[""Ġstates""]","[""Ġapproach""]","[""Ġstates""]"
60,swords,"And the tiniest chance of
                    all: she would blink as if I had just materialized in Emil's bedroom, and then
                    she would laugh and tell me that she was going to be immortal. 
                 As I put my hand on the impervious surface of Tasha's stopbox, I heard Malaquez
                    run for the door. 
                 It is strange to know that we can do acts of unrepayable kindness to those we
                    should hate.","And the tiniest chance of
                    all: she would wink as if I had just materialized in Emil's bedroom, and then
                    she would laugh and tell me that she was going to be immortal. 
                 As I put my hand on the impervious surface of Tasha's stopbox, I heard Malaquez
                    bolt for the door. 
                 It is strange to know that we can do acts of unrepayable kindness to those we
                    should hate.",run,bolt,326,329,blink,wink,61,66,-8.375,-9.25,-17.625,-10.4375,-9.375,-19.8125,2.1875,-10.4375,-9.375,-19.8125,2.1875,3.585503455435876,3.590409231658029,362.13584899902344,362.63133239746094,101,101,0.0049057762221531576,-3.585503455435876,-3.590409231658029,0.0049057762221531576,[6321],[25924],[45296],[42790],[45296],[42790],"[""run""]","[""Ġblink""]","[""bolt""]","[""Ġwink""]","[""bolt""]","[""Ġwink""]"
61,swords,"El Espectador has been a special target because of the extraordinary courage of its publisher and his staff.
At Monterrey, publisher Luis Gabriel Cano, although shaken by the murders, issued a statement saying: ""We will not cease our fight against drug trafficking.
They want to terrify the press and in particular El Espectador because it has always been a torchbearer in this war.""","El Espectador has been a special objective because of the extraordinary courage of its publisher and his staff.
At Monterrey, publisher Luis Gabriel Cano, although shaken by the murders, issued a statement saying: ""We will not quit our fight against drug trafficking.
They want to terrify the press and in particular El Espectador because it has always been a torchbearer in this war.""",cease,quit,224,229,target,objective,33,39,-4.90625,-7.0,-11.90625,-4.78125,-9.375,-14.15625,2.25,-4.875,-9.375,-14.25,2.34375,3.0753278732299805,3.178585157161806,252.1768856048584,260.64398288726807,82,82,0.10325728393182532,-3.0753278732299805,-3.178585157161806,0.10325728393182532,[22907],[2303],[15856],[8103],[15856],[8103],"[""Ġcease""]","[""Ġtarget""]","[""Ġquit""]","[""Ġobjective""]","[""Ġquit""]","[""Ġobjective""]"
62,swords,"Dow Jones, which owns about 64 million of Telerate's 95 million common shares outstanding, said that about 24,000 shares have been tendered under its offer.  

Telerate's two independent directors have rejected the offer as inadequate. In composite trading on the New York Stock Exchange, Telerate shares closed at $19.50, up 12.5 cents.","Dow Jones, which owns about 64 million of Telerate's 95 million common shares outstanding, stated that about 24,000 shares have been tendered under its offer.  

Telerate's two independent head have rejected the offer as inadequate. In composite trading on the New York Stock Exchange, Telerate shares closed at $19.50, up 12.5 cents.",directors,head,187,196,said,stated,91,95,-0.1328125,-2.4375,-2.5703125,-14.8125,-7.3125,-22.125,19.5546875,-14.4375,-7.3125,-21.75,19.1796875,2.895504913330078,3.2845701599121093,217.16286849975586,246.3427619934082,75,75,0.38906524658203123,-2.895504913330078,-3.2845701599121093,0.38906524658203123,[17970],[753],[1481],[4767],[1481],[4767],"[""Ġdirectors""]","[""Ġsaid""]","[""Ġhead""]","[""Ġstated""]","[""Ġhead""]","[""Ġstated""]"
63,swords,"Montedison currently owns about 72% of Erbamont's common shares outstanding.  

The offer is being launched pursuant to a previously announced agreement between the companies.","Montedison presently owns about 72% of Erbamont's common shares outstanding.  

The offer is being launched pursuant to a previously announced agreement between the firm.",companies,firm,165,174,currently,presently,11,20,-2.78125,-8.3125,-11.09375,-8.8125,-11.0625,-19.875,8.78125,-8.75,-11.0625,-19.8125,8.71875,3.6542061941964286,3.93760986328125,127.897216796875,137.81634521484375,35,35,0.2834036690848216,-3.6542061941964286,-3.93760986328125,0.2834036690848216,[4413],[4390],[5882],[21654],[5882],[21654],"[""Ġcompanies""]","[""Ġcurrently""]","[""Ġfirm""]","[""Ġpresently""]","[""Ġfirm""]","[""Ġpresently""]"
65,swords,"Had he said then that I should use it on
                    myself, I might have. 
                 That moment passed. I looked at Malaquez.","Had he stated then that I should use it on
                    myself, I might have. 
                 That moment end. I looked at Malaquez.",passed,end,113,119,said,stated,7,11,-4.09375,-4.28125,-8.375,-10.5,-8.1875,-18.6875,10.3125,-10.5,-8.1875,-18.6875,10.3125,4.1339332826675905,4.6585087930002524,128.1519317626953,144.4137725830078,31,31,0.5245755103326619,-4.1339332826675905,-4.6585087930002524,0.5245755103326619,[4817],[753],[990],[4767],[990],[4767],"[""Ġpassed""]","[""Ġsaid""]","[""Ġend""]","[""Ġstated""]","[""Ġend""]","[""Ġstated""]"
66,swords,"Any crew member that would
jeopardize the project was meat. It would be a shame to lose that talent,
though.

Rakal, her first officer, was staring pensively at his panel.","Any crew member that would
jeopardize the project was meat. It would be a disgrace to lose that expertise,
though.

Rakal, her first officer, was staring pensively at his panel.",talent,expertise,93,99,shame,disgrace,74,79,-5.78125,-3.609375,-9.390625,-8.5625,-5.0625,-13.625,4.234375,-11.0,-5.125,-16.125,6.734375,3.654940518465909,3.923672762784091,160.8173828125,172.6416015625,44,44,0.26873224431818166,-3.654940518465909,-3.923672762784091,0.26873224431818166,[12816],[14816],[15040],[40655],[15040],[40655],"[""Ġtalent""]","[""Ġshame""]","[""Ġexpertise""]","[""Ġdisgrace""]","[""Ġexpertise""]","[""Ġdisgrace""]"
67,swords,"First of America Bank Corp. said it completed its acquisition of Midwest Financial Group Inc. for about $250 million. First of America, which now has 45 banks and $12.5 billion in assets, announced an agreement to acquire the Peoria, Ill., bank holding company in January.","First of America Bank Corp. announce it finished its acquisition of Midwest Financial Group Inc. for about $250 million. First of America, which now has 45 banks and $12.5 billion in assets, announced an agreement to acquire the Peoria, Ill., bank holding company in January.",said,announce,28,32,completed,finished,36,45,-7.28125,-4.59375,-11.875,-11.8125,-7.71875,-19.53125,7.65625,-11.75,-10.0625,-21.8125,9.9375,2.639588473135965,2.925843355948465,150.45654296875,166.7730712890625,57,57,0.2862548828125,-2.639588473135965,-2.925843355948465,0.2862548828125,[753],[6312],[10578],[6699],[10578],[6699],"[""Ġsaid""]","[""Ġcompleted""]","[""Ġannounce""]","[""Ġfinished""]","[""Ġannounce""]","[""Ġfinished""]"
69,swords,"I stopped writing, and only the thought that I might miss the mindwipe kept me
                    from another spree. I went walking, but after N'apulco, Rio seems no fit abode
                    for a creature of flesh. I walked from this hotel to the old city, past the end
                    of the slidewalks and softwalks to the hard, cracked pavement of City Park.","I ended writing, and only the thought that I might miss the mindwipe kept me
                    from another spree. I went stroll, but after N'apulco, Rio seems no fit abode
                    for a creature of flesh. I walked from this hotel to the old city, past the end
                    of the slidewalks and softwalks to the hard, cracked pavement of City Park.",walking,stroll,126,133,stopped,ended,2,9,-7.46875,-8.25,-15.71875,-13.75,-7.78125,-21.53125,5.8125,-14.0,-7.6875,-21.6875,5.96875,4.209646829744664,4.409694392506669,345.1910400390625,361.5949401855469,82,82,0.20004756276200464,-4.209646829744664,-4.409694392506669,0.20004756276200464,[7824],[6331],[42121],[7402],[42121],[7402],"[""Ġwalking""]","[""Ġstopped""]","[""Ġstroll""]","[""Ġended""]","[""Ġstroll""]","[""Ġended""]"
70,swords,"She watched
the psi bob her head, unaware of the rest of the bridge, shaking blonde curls as
she chattered away with the approaching psi relay on Mason's ship. She seemed so
depthless - self conscious and shallow on the outside, but having that
incredible gift. There had to be more to her.","She observed
the psi bob her head, unaware of the rest of the bridge, shaking blonde curls as
she chattered away with the approaching psi relay on Mason's ship. She seemed so
depthless - self conscious and superficial on the outside, but having that
incredible gift. There had to be more to her.",shallow,superficial,205,212,watched,observed,4,11,-5.71875,-7.84375,-13.5625,-6.71875,-9.75,-16.46875,2.90625,-6.625,-9.75,-16.375,2.8125,4.027890450613839,4.191116768973214,281.95233154296875,293.378173828125,70,70,0.16322631835937518,-4.027890450613839,-4.191116768973214,0.16322631835937518,[20126],[9047],[28019],[2540],[28019],[2540],"[""Ġshallow""]","[""Ġwatched""]","[""Ġsuperficial""]","[""Ġobserved""]","[""Ġsuperficial""]","[""Ġobserved""]"
71,swords,"They expect him to cut costs throughout the organization.  

The company said Mr. Stronach will personally direct the restructuring, assisted by Manfred Gingl, president and chief executive. Neither they nor Mr. McAlpine could be reached for comment.","They expect him to cut costs throughout the organization.  

The company stated Mr. Stronach will personally direct the restructuring, assisted by Manfred Gingl, president and head executive. Neither they nor Mr. McAlpine could be reached for comment.",chief,head,174,179,said,stated,73,77,-0.263671875,-5.625,-5.888671875,-6.90625,-7.5625,-14.46875,8.580078125,-6.46875,-7.5625,-14.03125,8.142578125,3.387359043337264,3.720104289504717,179.530029296875,197.16552734375,53,53,0.33274524616745316,-3.387359043337264,-3.720104289504717,0.33274524616745316,[7015],[753],[1481],[4767],[1481],[4767],"[""Ġchief""]","[""Ġsaid""]","[""Ġhead""]","[""Ġstated""]","[""Ġhead""]","[""Ġstated""]"
72,swords,"The controls of the capturador were more complex than those of a kitchen model,
                    but I recognized the unstop tab. I could free Tasha. If I did, one of three
                    things would happen.","The controls of the capturador were more complex than those of a kitchen model,
                    but I realized the unstop tab. I could save Tasha. If I did, one of three
                    things would happen.",free,save,141,145,recognized,realized,106,116,-7.59375,-7.71875,-15.3125,-6.28125,-6.03125,-12.3125,-3.0,-5.84375,-6.03125,-11.875,-3.4375,4.218793402777778,4.389739312065972,189.845703125,197.53826904296875,45,45,0.17094590928819375,-4.218793402777778,-4.389739312065972,0.17094590928819375,[1959],[7478],[5321],[8156],[5321],[8156],"[""Ġfree""]","[""Ġrecognized""]","[""Ġsave""]","[""Ġrealized""]","[""Ġsave""]","[""Ġrealized""]"
73,swords,"""I'm glad you came after dark."" 
                 Tasha, by accident or design, had found an innocently erotic posture on the
                    couch, where she lay with a book of M'duvian prints. ""Emil!""","""I'm happy you came after dark."" 
                 Tasha, by accident or design, had found an innocently sexy posture on the
                    couch, where she lay with a book of M'duvian prints. ""Emil!""",erotic,sexy,104,110,glad,happy,5,9,-6.53125,-4.0,-10.53125,-5.03125,-4.5,-9.53125,-1.0,-4.8125,-4.5,-9.3125,-1.21875,4.591458067602041,4.646479392538265,224.9814453125,227.677490234375,49,49,0.05502132493622458,-4.591458067602041,-4.646479392538265,0.05502132493622458,[45810],[9995],[25594],[5211],[25594],[5211],"[""Ġerotic""]","[""Ġglad""]","[""Ġsexy""]","[""Ġhappy""]","[""Ġsexy""]","[""Ġhappy""]"
75,swords,"Her lower lip (a trifle
                    too narrow for her face, perhaps her only physical flaw) thrust forward slightly
                    as she started to speak. She caught herself, slid her jaw infinitesimally back
                    into place, and said, ""You don't like it?"" 
                 I laughed.","Her lower lip (a trifle
                    too narrow for her face, maybe her only physical flaw) thrust forward slightly
                    as she started to speak. She caught herself, adjust her jaw infinitesimally back
                    into place, and said, ""You don't like it?"" 
                 I laughed.",slid,adjust,190,194,perhaps,maybe,69,76,-8.8125,-4.40625,-13.21875,-12.25,-7.71875,-19.96875,6.75,-12.0625,-7.65625,-19.71875,6.5,3.2885238893570437,3.4114790578042307,203.88848114013672,211.5117015838623,62,62,0.12295516844718701,-3.2885238893570437,-3.4114790578042307,0.12295516844718701,[22803],[4931],[4575],[5046],[4575],[5046],"[""Ġslid""]","[""Ġperhaps""]","[""Ġadjust""]","[""Ġmaybe""]","[""Ġadjust""]","[""Ġmaybe""]"
76,swords,"First of America Bank Corp. said it completed its acquisition of Midwest Financial Group Inc. for about $250 million. First of America, which now has 45 banks and $12.5 billion in assets, announced an agreement to acquire the Peoria, Ill., bank holding company in January.","First of America Bank Corp. reveal it finished its acquisition of Midwest Financial Group Inc. for about $250 million. First of America, which now has 45 banks and $12.5 billion in assets, announced an agreement to acquire the Peoria, Ill., bank holding company in January.",said,reveal,28,32,completed,finished,36,45,-7.28125,-4.59375,-11.875,-14.25,-7.71875,-21.96875,10.09375,-14.3125,-10.8125,-25.125,13.25,2.639588473135965,3.061951754385965,150.45654296875,174.53125,57,57,0.42236328125,-2.639588473135965,-3.061951754385965,0.42236328125,[753],[6312],[10313],[6699],[10313],[6699],"[""Ġsaid""]","[""Ġcompleted""]","[""Ġreveal""]","[""Ġfinished""]","[""Ġreveal""]","[""Ġfinished""]"
77,swords,"She had no choice but to follow. (I do
                    not remember any of this well, just now, nor do I care to. Those who are truly
                    curious may look at the last act of ""Captured Moments.""","She had no choice but to follow. (I do
                    not recall any of this clearly, just now, nor do I care to. Those who are truly
                    curious may look at the last act of ""Captured Moments.""",well,clearly,84,88,remember,recall,63,71,-4.40625,-4.0,-8.40625,-5.28125,-4.125,-9.40625,1.0,-5.6875,-4.0625,-9.75,1.34375,3.701069734534439,3.742008131377551,181.3524169921875,183.3583984375,49,49,0.040938396843111846,-3.701069734534439,-3.742008131377551,0.040938396843111846,[973],[4456],[4518],[6983],[4518],[6983],"[""Ġwell""]","[""Ġremember""]","[""Ġclearly""]","[""Ġrecall""]","[""Ġclearly""]","[""Ġrecall""]"
78,swords,"Xerox Corp. has told employees in its Crum & Forster personal insurance operations that it is laying off about 300 people, or 25% of the staff.  

A spokeswoman for Crum & Forster said employees were told early this week that numerous staff functions for the personal insurance lines were going to be centralized as a cost-cutting move.","Xerox Corp. has told employees in its Crum & Forster personal insurance operations that it is laying off about 300 persons, or 25% of the staff.  

A spokeswoman for Crum & Forster stated employees were told early this week that numerous staff functions for the personal insurance lines were going to be centralized as a cost-cutting move.",people,persons,115,121,said,stated,180,184,-1.4921875,-0.84375,-2.3359375,-8.4375,-7.46875,-15.90625,13.5703125,-8.4375,-6.75,-15.1875,12.8515625,2.729170905219184,2.9400401645236545,196.50030517578125,211.68289184570312,72,72,0.21086925930447054,-2.729170905219184,-2.9400401645236545,0.21086925930447054,[952],[753],[7732],[4767],[7732],[4767],"[""Ġpeople""]","[""Ġsaid""]","[""Ġpersons""]","[""Ġstated""]","[""Ġpersons""]","[""Ġstated""]"
79,swords,"I had not considered that I might not write to learn, but to
                    punish myself. Let me abuse the playwright and dismiss the penultimate scene in
                    a few sentences: After giving Emil full rights to a sculpture of Tasha and me,
                    we had a good dinner of curried clam chowder, lobsters boiled on Terra and
                    unstopped still steaming on N'Apulco, and cinnamon custard for desert. Then we
                    went out for a late swim.","I had not regarded that I might not write to learn, but to
                    punish myself. Let me abuse the playwright and retire the penultimate scene in
                    a few sentences: After giving Emil full rights to a sculpture of Tasha and me,
                    we had a good dinner of curried clam chowder, lobsters boiled on Terra and
                    unstopped still steaming on N'Apulco, and cinnamon custard for desert. Then we
                    went out for a late swim.",dismiss,retire,128,135,considered,regarded,10,20,-9.5,-4.28125,-13.78125,-11.625,-9.125,-20.75,6.96875,-11.5,-9.0625,-20.5625,6.78125,4.048210815147117,4.201464335123698,437.2067680358887,453.7581481933594,108,108,0.1532535199765812,-4.048210815147117,-4.201464335123698,0.1532535199765812,[5597],[2783],[11585],[12258],[11585],[12258],"[""Ġdismiss""]","[""Ġconsidered""]","[""Ġretire""]","[""Ġregarded""]","[""Ġretire""]","[""Ġregarded""]"
81,swords,"She did not like my plays. I had impressed her because I was famous and amusing
                    and not, as I had hoped, because I was a great artist. That bothered (yes, and
                    intrigued) me until I realized that she was bored by most plays, movies, and
                    vid.","She did not like my plays. I had impressed her because I was renowned and amusing
                    and not, as I had hoped, because I was a remarkable artist. That bothered (yes, and
                    intrigued) me until I realized that she was bored by most plays, movies, and
                    vid.",great,remarkable,141,146,famous,renowned,61,67,-3.203125,-8.0,-11.203125,-6.84375,-11.125,-17.96875,6.765625,-6.75,-11.125,-17.875,6.671875,3.6209306716918945,3.8415679931640625,231.73956298828125,245.8603515625,64,64,0.22063732147216797,-3.6209306716918945,-3.8415679931640625,0.22063732147216797,[1270],[8530],[13406],[30101],[13406],[30101],"[""Ġgreat""]","[""Ġfamous""]","[""Ġremarkable""]","[""Ġrenowned""]","[""Ġremarkable""]","[""Ġrenowned""]"
82,swords,"""Yes?"" 
                 ""How should I reply?"" Her voice had grown quiet, and I began to feel some guilt.","""Yes?"" 
                 ""How should I react?"" Her voice had grown quiet, and I started to feel some guilt.",reply,react,39,44,began,started,80,85,-5.46875,-5.09375,-10.5625,-5.59375,-5.15625,-10.75,0.1875,-5.59375,-5.1875,-10.78125,0.21875,3.7158203125,3.7088216145833335,89.1796875,89.01171875,24,24,-0.006998697916666519,-3.7158203125,-3.7088216145833335,-0.006998697916666519,[12252],[3407],[8071],[3053],[8071],[3053],"[""Ġreply""]","[""Ġbegan""]","[""Ġreact""]","[""Ġstarted""]","[""Ġreact""]","[""Ġstarted""]"
83,swords,"It was the statement of a younger and crueler man than I. 
                 She screamed, ""I haven't socialized with Terra's elite for most of my life! I
                    haven't socialized with hardly anyone for hardly any of my life!","It was the assertion of a younger and crueler man than I. 
                 She yell, ""I haven't socialized with Terra's elite for most of my life! I
                    haven't socialized with hardly anyone for hardly any of my life!",screamed,yell,80,88,statement,assertion,11,20,-7.03125,-9.1875,-16.21875,-15.5625,-11.25,-26.8125,10.59375,-15.1875,-11.3125,-26.5,10.28125,3.5199158008282003,3.7620309682992787,183.0356216430664,195.6256103515625,52,52,0.24211516747107842,-3.5199158008282003,-3.7620309682992787,0.24211516747107842,[29273],[3908],[42963],[17077],[42963],[17077],"[""Ġscreamed""]","[""Ġstatement""]","[""Ġyell""]","[""Ġassertion""]","[""Ġyell""]","[""Ġassertion""]"
84,swords,"Don't let
fatigue get to you.

She used the discretion of the mirrored window to secretively survey her crew.
Harmon was an excellent addition to the bridge team, but was she open minded
enough to defy United Earth Command and sever all ties from Earth?","Don't let
fatigue get to you.

She employed the discretion of the mirrored window to secretively track her crew.
Harmon was an excellent addition to the bridge team, but was she open minded
enough to defy United Earth Command and sever all ties from Earth?",survey,track,93,99,used,employed,35,39,-6.46875,-6.78125,-13.25,-8.6875,-11.1875,-19.875,6.625,-9.1875,-11.1875,-20.375,7.125,3.846809895833333,4.127669270833334,230.80859375,247.66015625,60,60,0.28085937500000036,-3.846809895833333,-4.127669270833334,0.28085937500000036,[6630],[908],[3540],[7091],[3540],[7091],"[""Ġsurvey""]","[""Ġused""]","[""Ġtrack""]","[""Ġemployed""]","[""Ġtrack""]","[""Ġemployed""]"
85,swords,"Perpetual preferred shares aren't retractable by the holders, the company said. Rogers said the shares will be convertible into Class B shares, but that the company has the option to redeem the shares before a conversion takes place. A spokesman for the Toronto cable television and telecommunications concern said the coupon rate hasn't yet been fixed, but will probably be set at around 8%.","Perpetual preferred shares aren't retractable by the holders, the company said. Rogers stated the shares will be convertible into Class B shares, but that the company has the opportunity to redeem the shares before a conversion takes place. A spokesman for the Toronto cable television and telecommunications concern said the coupon rate hasn't yet been fixed, but will probably be set at around 8%.",option,opportunity,173,179,said,stated,87,91,-1.7734375,-2.296875,-4.0703125,-5.65625,-6.0,-11.65625,7.5859375,-5.5625,-5.96875,-11.53125,7.4609375,3.0415606689453125,3.149516398111979,228.11705017089844,236.21372985839844,75,75,0.10795572916666663,-3.0415606689453125,-3.149516398111979,0.10795572916666663,[4500],[753],[5107],[4767],[5107],[4767],"[""Ġoption""]","[""Ġsaid""]","[""Ġopportunity""]","[""Ġstated""]","[""Ġopportunity""]","[""Ġstated""]"
86,swords,"He began with small animals
                    and moved on to derelicts and Undersiders, people who would never be missed. Now
                    he had thought to use vacationers like Tasha and me, and when someone came
                    looking, he would say we had gone island-hopping in our windboat. Our boat would
                    disappear into the ocean to be found or not as the wind and tides chose.","He started with small animals
                    and moved on to derelicts and Undersiders, people who would never be missed. Now
                    he had thought to use vacationers like Tasha and me, and when someone arrive
                    looking, he would say we had gone island-hopping in our windboat. Our boat would
                    disappear into the ocean to be found or not as the wind and tides chose.",came,arrive,219,223,began,started,3,8,-3.390625,-6.78125,-10.171875,-12.5625,-5.96875,-18.53125,8.359375,-12.6875,-5.90625,-18.59375,8.421875,3.7130019089271284,3.878956323382498,323.03116607666016,337.46920013427734,87,87,0.16595441445536974,-3.7130019089271284,-3.878956323382498,0.16595441445536974,[2210],[3407],[12666],[3053],[12666],[3053],"[""Ġcame""]","[""Ġbegan""]","[""Ġarrive""]","[""Ġstarted""]","[""Ġarrive""]","[""Ġstarted""]"
87,swords,"I looked at Malaquez. His eyes opened wider while we watched
                    each other. His lips contorted as if they had lost their ability to shape sound.","I looked at Malaquez. His eyes unfolded big while we watched
                    each other. His lips contorted as if they had lost their ability to shape sound.",wider,big,38,43,opened,unfolded,31,37,-3.28125,-4.625,-7.90625,-6.84375,-12.9375,-19.78125,11.875,-8.5625,-12.9375,-21.5,13.59375,4.3026751893939394,4.773430101799242,141.98828125,157.523193359375,33,33,0.47075491240530276,-4.3026751893939394,-4.773430101799242,0.47075491240530276,[14200],[5485],[1943],[42273],[1943],[42273],"[""Ġwider""]","[""Ġopened""]","[""Ġbig""]","[""Ġunfolded""]","[""Ġbig""]","[""Ġunfolded""]"
88,swords,"Were they
                    mood-sensitive, they would have changed as I first viewed them. The rental
                    agent, an attractive N'apulcan named Tasha Cortez, was not mood-sensitive
                    either. She said, ""It's beautiful, isn't it, Señor Flynn?""","Were they
                    mood-sensitive, they would have changed as I first considered them. The rental
                    rep, an attractive N'apulcan named Tasha Cortez, was not mood-sensitive
                    either. She said, ""It's beautiful, isn't it, Señor Flynn?""",agent,rep,125,130,viewed,considered,81,87,-3.28125,-6.1875,-9.46875,-9.8125,-6.90625,-16.71875,7.25,-9.5,-6.9375,-16.4375,6.96875,3.804027803482548,4.041722697596396,235.84972381591797,250.58680725097656,62,62,0.2376948941138477,-3.804027803482548,-4.041722697596396,0.2376948941138477,[12788],[11575],[4762],[2783],[4762],[2783],"[""agent""]","[""Ġviewed""]","[""rep""]","[""Ġconsidered""]","[""rep""]","[""Ġconsidered""]"
89,swords,"I hoped no one would bring up my last three plays. 
                 ""I must change my subject matter. No more urchins, dopers, vagrants, or whores.","I desired no one would bring up my last three plays. 
                 ""I must alter my subject matter. No more urchins, dopers, vagrants, or whores.",change,alter,77,83,hoped,desired,2,7,-6.40625,-9.3125,-15.71875,-10.0,-10.375,-20.375,4.65625,-9.8125,-10.3125,-20.125,4.40625,4.0140182907516895,4.26234312315245,148.5186767578125,157.70669555664062,37,37,0.2483248324007601,-4.0140182907516895,-4.26234312315245,0.2483248324007601,[1818],[13937],[6990],[6799],[6990],[6799],"[""Ġchange""]","[""Ġhoped""]","[""Ġalter""]","[""Ġdesired""]","[""Ġalter""]","[""Ġdesired""]"
90,swords,"The service -- which costs the caller from 30 cents to $25 a minute -- currently is dominated by celebrity chatter, horoscopes and romance lines. But more serious applications are in the wings, and that is where the future growth is expected.  

""I'm starting to see more business transactions,"" says Andrea West of American Telephone & Telegraph Co., noting growing interest in use of 900 service for stock sales, software tutorials and even service contracts.","The service -- which costs the caller from 30 cents to $25 a minute -- presently is dominated by celebrity chatter, horoscopes and romance lines. But more serious applications are in the wings, and that is where the coming growth is expected.  

""I'm starting to see more business transactions,"" says Andrea West of American Telephone & Telegraph Co., noting growing interest in use of 900 service for stock sales, software tutorials and even service contracts.",future,coming,216,222,currently,presently,71,80,-3.65625,-7.1875,-10.84375,-9.0625,-11.75,-20.8125,9.96875,-8.875,-11.75,-20.625,9.78125,3.8053355793376547,3.833020556104052,346.28553771972656,348.80487060546875,91,91,0.027684976766397362,-3.8053355793376547,-3.833020556104052,0.027684976766397362,[2852],[4390],[3551],[21654],[3551],[21654],"[""Ġfuture""]","[""Ġcurrently""]","[""Ġcoming""]","[""Ġpresently""]","[""Ġcoming""]","[""Ġpresently""]"
91,swords,"My last show --"" 
                 "" --was glorious!"" Tasha said.","My last display --"" 
                 "" --was awesome!"" Tasha said.",glorious,awesome,43,51,show,display,8,12,-9.75,-6.15625,-15.90625,-5.84375,-10.375,-16.21875,0.3125,-7.40625,-10.375,-17.78125,1.875,6.065104166666667,6.611458333333333,90.9765625,99.171875,15,15,0.5463541666666663,-6.065104166666667,-6.611458333333333,0.5463541666666663,[28548],[921],[13103],[3148],[13103],[3148],"[""Ġglorious""]","[""Ġshow""]","[""Ġawesome""]","[""Ġdisplay""]","[""Ġawesome""]","[""Ġdisplay""]"
93,swords,"Dunkin' is based in Randolph, Mass. Cara, a food services chain operator and Unicorp, a holding company, are based in Toronto.","Dunkin' is founded in Randolph, Mass. Cara, a food services chain operator and Unicorp, a holding corporation, are based in Toronto.",company,corporation,96,103,based,founded,11,16,-0.11669921875,-6.84375,-6.96044921875,-4.75,-8.875,-13.625,6.66455078125,-4.125,-8.875,-13.0,6.03955078125,3.633148193359375,4.149749755859375,116.2607421875,132.7919921875,32,32,0.5166015625,-3.633148193359375,-4.149749755859375,0.5166015625,[2567],[1754],[13739],[11420],[13739],[11420],"[""Ġcompany""]","[""Ġbased""]","[""Ġcorporation""]","[""Ġfounded""]","[""Ġcorporation""]","[""Ġfounded""]"
94,swords,"""Yes."" 
                 ""May I see her?"" When he hesitated, I said, ""Last night was my fault.","""Yes."" 
                 ""May I visit her?"" When he hesitated, I stated, ""Last night was my fault.",see,visit,32,35,said,stated,63,67,-2.0625,-2.015625,-4.078125,-7.28125,-7.0,-14.28125,10.203125,-7.25,-6.71875,-13.96875,9.890625,3.6065470377604165,3.9731852213541665,86.55712890625,95.3564453125,24,24,0.36663818359375,-3.6065470377604165,-3.9731852213541665,0.36663818359375,[923],[753],[4143],[4767],[4143],[4767],"[""Ġsee""]","[""Ġsaid""]","[""Ġvisit""]","[""Ġstated""]","[""Ġvisit""]","[""Ġstated""]"
96,swords,"""Tell me, Malaquez."" 
                 ""She wanted to be famous. She did!","""Tell me, Malaquez."" 
                 ""She desired to be prominent. She did!",famous,prominent,57,63,wanted,desired,44,50,-6.125,-5.21875,-11.34375,-11.1875,-10.0625,-21.25,9.90625,-10.5625,-10.0,-20.5625,9.21875,4.9115953947368425,5.5053453947368425,93.3203125,104.6015625,19,19,0.59375,-4.9115953947368425,-5.5053453947368425,0.59375,[8530],[3078],[11906],[6799],[11906],[6799],"[""Ġfamous""]","[""Ġwanted""]","[""Ġprominent""]","[""Ġdesired""]","[""Ġprominent""]","[""Ġdesired""]"
99,swords,"Don't let
fatigue get to you.

She used the discretion of the mirrored window to secretively survey her crew.
Harmon was an excellent addition to the bridge team, but was she open minded
enough to defy United Earth Command and sever all ties from Earth?","Don't let
fatigue get to you.

She employed the discretion of the mirrored window to secretively analyse her crew.
Harmon was an excellent addition to the bridge team, but was she open minded
enough to defy United Earth Command and sever all ties from Earth?",survey,analyse,93,99,used,employed,35,39,-6.46875,-6.78125,-13.25,-10.8125,-11.1875,-22.0,8.75,-10.5,-11.1875,-21.6875,8.4375,3.846809895833333,4.076460774739584,230.80859375,244.587646484375,60,60,0.22965087890625036,-3.846809895833333,-4.076460774739584,0.22965087890625036,[6630],[908],[30648],[7091],[30648],[7091],"[""Ġsurvey""]","[""Ġused""]","[""Ġanalyse""]","[""Ġemployed""]","[""Ġanalyse""]","[""Ġemployed""]"
100,swords,"They say the cubes will outlast
                    planets and suns, that when the universe dies, the works of Malaquez and his
                    followers will be the last things seen in the final wink of God's eye. 
                 Yes, Self, I am also bothered that this observation ignores half-eaten cheese
                    sandwiches, incomplete insect collections, and locks of infants' hair, forgotten
                    in closets, basements, and warehouses. 
                 You see the inspiration for my latest play, ""Captured Moments.""","They say the blocks will outlast
                    planets and suns, that when the universe dies, the works of Malaquez and his
                    followers will be the last things seen in the final wink of God's eye. 
                 Yes, Self, I am also concern that this observation ignores half-eaten cheese
                    sandwiches, incomplete insect collections, and locks of infants' hair, forgotten
                    in closets, basements, and warehouses. 
                 You see the inspiration for my latest play, ""Captured Moments.""",bothered,concern,259,267,cubes,blocks,13,18,-9.25,-11.5,-20.75,-11.5625,-9.875,-21.4375,0.6875,-11.6875,-9.875,-21.5625,0.8125,3.718546014083059,3.761326940436112,423.91424560546875,428.7912712097168,114,114,0.04278092635305297,-3.718546014083059,-3.761326940436112,0.04278092635305297,[28860],[37072],[4468],[8336],[4468],[8336],"[""Ġbothered""]","[""Ġcubes""]","[""Ġconcern""]","[""Ġblocks""]","[""Ġconcern""]","[""Ġblocks""]"
101,swords,"He was what this
was all about. She watched his graceful fingers ending in thick black claws tap
out calculations on the panel. His pointed ears swiveled back and forth,
catching every sound from the bridge, while his long tail swished to the rhythm
of his thoughts.","He was what this
was all about. She observe his graceful fingers ending in thick dark claws tap
out calculations on the panel. His pointed ears swiveled back and forth,
catching every sound from the bridge, while his long tail swished to the rhythm
of his thoughts.",watched,observe,36,43,black,dark,81,86,-6.65625,-3.15625,-9.8125,-18.5,-4.53125,-23.03125,13.21875,-18.625,-4.8125,-23.4375,13.625,3.382171113612288,3.85060248940678,199.548095703125,227.185546875,59,59,0.4684313757944918,-3.382171113612288,-3.85060248940678,0.4684313757944918,[9047],[2806],[10018],[3644],[10018],[3644],"[""Ġwatched""]","[""Ġblack""]","[""Ġobserve""]","[""Ġdark""]","[""Ġobserve""]","[""Ġdark""]"
103,swords,"Concerned about shrinking landfills and the safety of chemicals used in super-absorbent disposables, parents are returning to the cloth diaper. Tiny Tots Inc., Campbell, Calif., says business is up 35% in the past year. ""We're gaining 1,200 new customers each week,"" says Jack Mogavero of General Health Care Corp., Piscataway, N.J. In Syracuse, N.Y., DyDee Service's new marketing push stresses environmental awareness.","Concerned about shrinking landfills and the safety of chemicals employed in super-absorbent disposables, parents are returning to the cloth diaper. Tiny Tots Inc., Campbell, Calif., says commerce is up 35% in the past year. ""We're gaining 1,200 new customers each week,"" says Jack Mogavero of General Health Care Corp., Piscataway, N.J. In Syracuse, N.Y., DyDee Service's new marketing push stresses environmental awareness.",business,commerce,183,191,used,employed,64,68,-5.9375,-1.25,-7.1875,-12.875,-9.25,-22.125,14.9375,-12.8125,-9.25,-22.0625,14.875,3.0469991683959963,3.2344468688964843,304.6999168395996,323.44468688964844,100,100,0.18744770050048798,-3.0469991683959963,-3.2344468688964843,0.18744770050048798,[2136],[908],[19938],[7091],[19938],[7091],"[""Ġbusiness""]","[""Ġused""]","[""Ġcommerce""]","[""Ġemployed""]","[""Ġcommerce""]","[""Ġemployed""]"
106,swords,"10 as the deadline for the receipt of any competing bids. DD Acquisition said the extension is to allow this process to be completed. Dunkin' is based in Randolph, Mass.","10 as the deadline for the receipt of any competing bids. DD Acquisition stated the extension is to allow this transaction to be completed. Dunkin' is based in Randolph, Mass.",process,transaction,109,116,said,stated,73,77,-2.953125,-5.125,-8.078125,-5.09375,-8.125,-13.21875,5.140625,-4.375,-8.125,-12.5,4.421875,3.7075063344594597,3.9230033255912162,137.177734375,145.151123046875,37,37,0.21549699113175658,-3.7075063344594597,-3.9230033255912162,0.21549699113175658,[1232],[753],[9996],[4767],[9996],[4767],"[""Ġprocess""]","[""Ġsaid""]","[""Ġtransaction""]","[""Ġstated""]","[""Ġtransaction""]","[""Ġstated""]"
108,swords,"I remember Papa's stopbox, a teal blue Tiempo Capturado that Mama brought home
                    for his birthday. It was huge and inefficient, and she should never have spent
                    so many pesos on a toy, but Papa would not let her return it. He used it to
                    preserve baby tomatoes, cucumbers, and strawberries in translucent cubes that he
                    stored in the pantry for spring-time meals in the middle of winter.","I recall Papa's stopbox, a teal blue Tiempo Capturado that Mama brought home
                    for his birthday. It was huge and inefficient, and she should never have spent
                    so numerous pesos on a toy, but Papa would not let her return it. He used it to
                    preserve baby tomatoes, cucumbers, and strawberries in translucent cubes that he
                    stored in the pantry for spring-time meals in the middle of winter.",many,numerous,201,205,remember,recall,2,10,-5.03125,-5.8125,-10.84375,-15.5625,-7.90625,-23.46875,12.625,-14.9375,-7.875,-22.8125,11.96875,3.507319864600596,3.658409995262069,347.224666595459,362.1825895309448,99,99,0.15109013066147314,-3.507319864600596,-3.658409995262069,0.15109013066147314,[1142],[4456],[7418],[6983],[7418],[6983],"[""Ġmany""]","[""Ġremember""]","[""Ġnumerous""]","[""Ġrecall""]","[""Ġnumerous""]","[""Ġrecall""]"
109,swords,"He had made his name with a home capturador. He began with small animals
                    and moved on to derelicts and Undersiders, people who would never be missed. Now
                    he had thought to use vacationers like Tasha and me, and when someone came
                    looking, he would say we had gone island-hopping in our windboat.","He had made his name with a home capturador. He started with small creature
                    and moved on to derelicts and Undersiders, people who would never be missed. Now
                    he had thought to use vacationers like Tasha and me, and when someone came
                    looking, he would say we had gone island-hopping in our windboat.",animals,creature,65,72,began,started,48,53,-4.5,-5.375,-9.875,-10.25,-5.3125,-15.5625,5.6875,-10.3125,-5.3125,-15.625,5.75,4.277497965494792,4.380354817708334,320.8123474121094,328.526611328125,75,75,0.10285685221354157,-4.277497965494792,-4.380354817708334,0.10285685221354157,[5074],[3407],[15906],[3053],[15906],[3053],"[""Ġanimals""]","[""Ġbegan""]","[""Ġcreature""]","[""Ġstarted""]","[""Ġcreature""]","[""Ġstarted""]"
110,swords,"A spokesman for the Stamford, Conn.based company said operations had a loss of $5.5 million for the quarter; in addition, the loss was magnified by nonrecurring charges totaling $23.5 million and $8.2 million in asset-valuation adjustments that he described as ""unusual."" The charges were partly offset by a $2 million gain on the sale of investments of two joint ventures, he said.  

Revenue declined 8% to $85.7 million, from $93.3 million a year earlier.","A spokesman for the Stamford, Conn.based company stated operations had a loss of $5.5 million for the quarter; in addition, the loss was magnified by nonrecurring charges totaling $23.5 million and $8.2 million in asset-valuation adjustments that he described as ""unusual."" The charges were partly offset by a $2 million gain on the sale of investments of two collective ventures, he said.  

Revenue declined 8% to $85.7 million, from $93.3 million a year earlier.",joint,collective,358,363,said,stated,49,53,-5.375,-0.5859375,-5.9609375,-10.4375,-6.40625,-16.84375,10.8828125,-10.25,-6.40625,-16.65625,10.6953125,2.379826512830011,2.5501874726394127,276.05987548828125,295.8217468261719,116,116,0.1703609598094018,-2.379826512830011,-2.5501874726394127,0.1703609598094018,[6036],[753],[12786],[4767],[12786],[4767],"[""Ġjoint""]","[""Ġsaid""]","[""Ġcollective""]","[""Ġstated""]","[""Ġcollective""]","[""Ġstated""]"
111,swords,"The struggle against the drug lords in Colombia will be a near thing.
This week, the government arrested Jose Abello Silva, said to be the fourth-ranking cartel leader.
He will probably be extradited to the U.S. for trial under an extradition treaty President Virgilia Barco has revived.","The struggle against the drug masters in Colombia will be a near thing.
This week, the government imprison Jose Abello Silva, said to be the fourth-ranking cartel leader.
He will probably be extradited to the U.S. for trial under an extradition treaty President Virgilia Barco has revived.",arrested,imprison,96,104,lords,masters,30,35,-4.5625,-3.390625,-7.953125,-14.4375,-10.9375,-25.375,17.421875,-14.3125,-10.9375,-25.25,17.296875,3.0586773212139424,3.477561833308293,198.81402587890625,226.04151916503906,65,65,0.41888451209435074,-3.0586773212139424,-3.477561833308293,0.41888451209435074,[9833],[49117],[14875],[26616],[14875],[26616],"[""Ġarrested""]","[""Ġlords""]","[""Ġimprison""]","[""Ġmasters""]","[""Ġimprison""]","[""Ġmasters""]"
112,swords,"The other concern wasn't identified.  

Ratners's chairman, Gerald Ratner, said the deal remains of ""substantial benefit to Ratners."" In London at mid-afternoon yesterday, Ratners's shares were up 2 pence (1.26 cents), at 260 pence ($1.64).","The other concern wasn't identified.  

Ratners's chairman, Gerald Ratner, stated the deal remains of ""substantial advantage to Ratners."" In London at mid-afternoon yesterday, Ratners's shares were up 2 pence (1.26 cents), at 260 pence ($1.64).",benefit,advantage,113,120,said,stated,75,79,-2.59375,-2.421875,-5.015625,-5.34375,-7.25,-12.59375,7.578125,-5.0625,-7.25,-12.3125,7.296875,3.461406980242048,3.571444284348261,218.06863975524902,225.00098991394043,63,63,0.11003730410621282,-3.461406980242048,-3.571444284348261,0.11003730410621282,[5649],[753],[5750],[4767],[5750],[4767],"[""Ġbenefit""]","[""Ġsaid""]","[""Ġadvantage""]","[""Ġstated""]","[""Ġadvantage""]","[""Ġstated""]"
113,swords,"There's
                    only one city: called Nuevo Acapulco in La Enciclopedia del Empirio de la
                    Humanidad, it's N'apulco to the locals. The N'apulcans are mostly emigrants from
                    Polaris II; the only difference between them and their Carribbean ancestors is
                    that the ancestors fleeced NorAm tourists. Now the N'apulcans profit from their
                    Hispanic siblings.","There's
                    just one city: called Nuevo Acapulco in La Enciclopedia del Empirio de la
                    Humanidad, it's N'apulco to the locals. The N'apulcans are mostly emigrants from
                    Polaris II; the only difference between them and their Carribbean ancestors is
                    that the ancestors fleeced NorAm visitor. Now the N'apulcans profit from their
                    Hispanic siblings.",tourists,visitor,355,363,only,just,28,32,-8.125,-5.375,-13.5,-14.5625,-5.4375,-20.0,6.5,-14.375,-5.4375,-19.8125,6.3125,3.5700876617431643,3.6609355926513674,357.0087661743164,366.0935592651367,100,100,0.09084793090820309,-3.5700876617431643,-3.6609355926513674,0.09084793090820309,[24359],[7483],[23218],[6309],[23218],[6309],"[""Ġtourists""]","[""only""]","[""Ġvisitor""]","[""just""]","[""Ġvisitor""]","[""just""]"
115,swords,"Its subsidiaries' services are marketed by closely held A.L. Williams & Associates. Primerica, as expected, also acquired certain assets of the agency and assumed certain of its liabilities. Terms weren't disclosed.","Its subsidiaries' services are marketed by closely held A.L. Williams & Associates. Primerica, as anticipate, likewise acquired certain assets of the agency and assumed certain of its liabilities. Terms weren't disclosed.",expected,anticipate,98,106,also,likewise,108,112,-9.875,-4.3125,-14.1875,-17.875,-9.3125,-27.1875,13.0,-17.875,-7.9375,-25.8125,11.625,3.538945752520894,3.9738709205804867,152.17466735839844,170.87644958496094,43,43,0.4349251680595927,-3.538945752520894,-3.9738709205804867,0.4349251680595927,[3264],[671],[30258],[21223],[30258],[21223],"[""Ġexpected""]","[""Ġalso""]","[""Ġanticipate""]","[""Ġlikewise""]","[""Ġanticipate""]","[""Ġlikewise""]"
116,swords,"Meridian National Corp. said it sold 750,000 shares of its common stock to the McAlpine family interests, for $1 million, or $1.35 a share. The sale represents 10.2% of Meridian's shares outstanding.","Meridian National Corp. stated it sold 750,000 shares of its common assets to the McAlpine family interests, for $1 million, or $1.35 a share. The sale represents 10.2% of Meridian's shares outstanding.",stock,assets,66,71,said,stated,24,28,-0.01483154296875,-6.15625,-6.17108154296875,-14.5,-8.3125,-22.8125,16.64141845703125,-13.1875,-8.3125,-21.5,15.32891845703125,2.578027801513672,2.9106265258789064,128.9013900756836,145.5313262939453,50,50,0.3325987243652344,-2.578027801513672,-2.9106265258789064,0.3325987243652344,[5739],[753],[10434],[4767],[10434],[4767],"[""Ġstock""]","[""Ġsaid""]","[""Ġassets""]","[""Ġstated""]","[""Ġassets""]","[""Ġstated""]"
118,swords,"Malaquez was not prepared for me to
                    react so quickly, or perhaps he waited too long for an expression I would not
                    have, a gesture I would not make, a poignant moment of repentence, wonder,
                    despair, or love. Had he been faster, he could have had rage. I threw a chair at
                    him.","Malaquez was not prepared for me to
                    react so rapidly, or perhaps he waited too long for an expression I would not
                    have, a gesture I would not make, a poignant moment of repentence, wonder,
                    despair, or love. Had he been speedy, he could have had rage. I threw a chair at
                    him.",faster,speedy,279,285,quickly,rapidly,65,72,-7.21875,-2.53125,-9.75,-12.5625,-6.625,-19.1875,9.4375,-12.3125,-6.59375,-18.90625,9.15625,3.5287469482421874,3.6843465169270835,264.65602111816406,276.32598876953125,75,75,0.1555995686848961,-3.5287469482421874,-3.6843465169270835,0.1555995686848961,[7938],[4541],[39103],[9086],[39103],[9086],"[""Ġfaster""]","[""Ġquickly""]","[""Ġspeedy""]","[""Ġrapidly""]","[""Ġspeedy""]","[""Ġrapidly""]"
119,swords,"DD Acquisition has launched a suit in a Delaware court seeking the withdrawal of Dunkin's poison pill rights and employee stock ownership plans, which it claims were put in place to deter bidders.  

DD Acquisition said 2.2 million shares, or about 38.","DD Acquisition has launched a suit in a Delaware court trying the withdrawal of Dunkin's poison pill rights and employee stock ownership plans, which it claims were put in place to deter bidders.  

DD Acquisition note 2.2 million shares, or about 38.",said,note,215,219,seeking,trying,55,62,-3.65625,-3.28125,-6.9375,-11.6875,-7.40625,-19.09375,12.15625,-11.6875,-7.46875,-19.15625,12.21875,3.33218276709841,3.884800158048931,189.93441772460938,221.43360900878906,57,57,0.552617390950521,-3.33218276709841,-3.884800158048931,0.552617390950521,[753],[8445],[3877],[2820],[3877],[2820],"[""Ġsaid""]","[""Ġseeking""]","[""Ġnote""]","[""Ġtrying""]","[""Ġnote""]","[""Ġtrying""]"
120,swords,"The slaughter in Colombia was very much on the minds of 450 editors and publishers from Latin America, the United States, the Caribbean and Canada attending the 45th general assembly of the Inter-American Press Association in Monterrey, Mexico, this week.
On Tuesday the conference got word of another atrocity, the assassination in Medellin of two employees of El Espectador, Colombia's second-largest newspaper.
The paper's local administrator, Maria Luz Lopez, was shot dead, and her mother wounded, while her car was stopped for a red light.","The slaughter in Colombia was really much on the minds of 450 editors and publishers from Latin America, the United States, the Caribbean and Canada attending the 45th general assembly of the Inter-American Press Association in Monterrey, Mexico, this week.
On Tuesday the conference got word of another atrocity, the assassination in Medellin of two employees of El Espectador, Colombia's second-largest paper.
The paper's local administrator, Maria Luz Lopez, was shot dead, and her mother wounded, while her car was stopped for a red light.",newspaper,paper,403,412,very,really,30,34,-0.70703125,-4.90625,-5.61328125,-4.71875,-6.28125,-11.0,5.38671875,-4.71875,-6.34375,-11.0625,5.44921875,2.565475530791701,2.6822875842713474,292.4642105102539,305.7807846069336,114,114,0.1168120534796464,-2.565475530791701,-2.6822875842713474,0.1168120534796464,[11547],[1077],[2929],[1663],[2929],[1663],"[""Ġnewspaper""]","[""Ġvery""]","[""Ġpaper""]","[""Ġreally""]","[""Ġpaper""]","[""Ġreally""]"
122,swords,"""Too bad. If I thought he could free me from you --"" 
                 ""Hah!""","""Too bad. If I consider he could release me from you --"" 
                 ""Hah!""",thought,consider,15,22,free,release,32,36,-5.65625,-9.875,-15.53125,-9.875,-8.5625,-18.4375,2.90625,-9.875,-8.0625,-17.9375,2.40625,4.623828125,5.2203125,92.4765625,104.40625,20,20,0.5964843750000002,-4.623828125,-5.2203125,0.5964843750000002,[1869],[1959],[1908],[3727],[1908],[3727],"[""Ġthought""]","[""Ġfree""]","[""Ġconsider""]","[""Ġrelease""]","[""Ġconsider""]","[""Ġrelease""]"
125,swords,"She did not like my plays. I had impressed her because I was famous and amusing
                    and not, as I had hoped, because I was a great artist. That bothered (yes, and
                    intrigued) me until I realized that she was bored by most plays, movies, and
                    vid.","She did not like my plays. I had impressed her because I was renowned and amusing
                    and not, as I had hoped, because I was a fabulous artist. That bothered (yes, and
                    intrigued) me until I realized that she was bored by most plays, movies, and
                    vid.",great,fabulous,141,146,famous,renowned,61,67,-3.203125,-8.0,-11.203125,-9.625,-11.125,-20.75,9.546875,-9.6875,-11.125,-20.8125,9.609375,3.6209306716918945,3.852292060852051,231.73956298828125,246.54669189453125,64,64,0.23136138916015625,-3.6209306716918945,-3.852292060852051,0.23136138916015625,[1270],[8530],[31848],[30101],[31848],[30101],"[""Ġgreat""]","[""Ġfamous""]","[""Ġfabulous""]","[""Ġrenowned""]","[""Ġfabulous""]","[""Ġrenowned""]"
127,swords,"Dunkin' is based in Randolph, Mass. Cara, a food services chain operator and Unicorp, a holding company, are based in Toronto.","Dunkin' is founded in Randolph, Mass. Cara, a food services chain operator and Unicorp, a holding firm, are based in Toronto.",company,firm,96,103,based,founded,11,16,-0.11669921875,-6.84375,-6.96044921875,-3.734375,-8.875,-12.609375,5.64892578125,-4.125,-8.875,-13.0,6.03955078125,3.633148193359375,4.141082763671875,116.2607421875,132.5146484375,32,32,0.5079345703125,-3.633148193359375,-4.141082763671875,0.5079345703125,[2567],[1754],[5882],[11420],[5882],[11420],"[""Ġcompany""]","[""Ġbased""]","[""Ġfirm""]","[""Ġfounded""]","[""Ġfirm""]","[""Ġfounded""]"
128,swords,"I'm in love."" We both thought I
                    referred to the vista. 
            
            
                 It's strange how one can write delightedly of the happier moments of life,
                    forgetting the things that one would forget by remembering fully the things one
                    would remember, and suddenly the forgotten, in revenge, rears up to savage the
                    unwary.","I'm in love."" We both gather I
                    referred to the vista. 
            
            
                 It's unusual how one can write delightedly of the happier moments of life,
                    forgetting the things that one would forget by remembering fully the things one
                    would remember, and suddenly the forgotten, in revenge, rears up to savage the
                    unwary.",thought,gather,22,29,strange,unusual,124,131,-5.125,-6.3125,-11.4375,-10.25,-8.8125,-19.0625,7.625,-10.25,-8.875,-19.125,7.6875,3.967461308346519,4.2206753115110756,313.429443359375,333.433349609375,79,79,0.25321400316455644,-3.967461308346519,-4.2206753115110756,0.25321400316455644,[1869],[8921],[9580],[11555],[9580],[11555],"[""Ġthought""]","[""Ġstrange""]","[""Ġgather""]","[""Ġunusual""]","[""Ġgather""]","[""Ġunusual""]"
129,swords,"I could free Tasha. If I did, one of three
                    things would happen. Most likely: she would be meat --there is a reason why
                    stopboxes are most often used in kitchens.","I could release Tasha. If I did, one of three
                    things would occur. Most likely: she would be meat --there is a reason why
                    stopboxes are most often used in kitchens.",happen,occur,76,82,free,release,8,12,-0.1865234375,-10.5,-10.6865234375,-4.34375,-9.75,-14.09375,3.4072265625,-4.375,-9.75,-14.125,3.4384765625,4.47703374818314,4.471764852834302,192.512451171875,192.285888671875,43,43,-0.005268895348837788,-4.47703374818314,-4.471764852834302,-0.005268895348837788,[5108],[1959],[2826],[3727],[2826],[3727],"[""Ġhappen""]","[""Ġfree""]","[""Ġoccur""]","[""Ġrelease""]","[""Ġoccur""]","[""Ġrelease""]"
132,swords,"Earlier this morning --"" 
                 Her clothes lay by the cube enclosing the bed. I hit him with the back of my
                    hand.","Earlier this morning --"" 
                 Her dress sit by the cube enclosing the bed. I hit him with the back of my
                    hand.",lay,sit,55,58,clothes,dress,47,54,-5.4375,-8.625,-14.0625,-9.25,-7.96875,-17.21875,3.15625,-13.3125,-7.96875,-21.28125,7.21875,4.763907596982759,5.070750269396552,138.1533203125,147.0517578125,29,29,0.3068426724137927,-4.763907596982759,-5.070750269396552,0.3068426724137927,[2242],[10015],[1790],[7619],[1790],[7619],"[""Ġlay""]","[""Ġclothes""]","[""Ġsit""]","[""Ġdress""]","[""Ġsit""]","[""Ġdress""]"
134,swords,"""Good. My last show --"" 
                 "" --was glorious!""","""Good. My final display --"" 
                 "" --was glorious!""",last,final,10,14,show,display,15,19,-5.71875,-6.125,-11.84375,-7.6875,-10.6875,-18.375,6.53125,-7.71875,-9.9375,-17.65625,5.8125,5.666573660714286,6.204241071428571,79.33203125,86.859375,14,14,0.5376674107142856,-5.666573660714286,-6.204241071428571,0.5376674107142856,[1390],[921],[2457],[3148],[2457],[3148],"[""Ġlast""]","[""Ġshow""]","[""Ġfinal""]","[""Ġdisplay""]","[""Ġfinal""]","[""Ġdisplay""]"
136,swords,"""This is cosmetic?"" 
                 ""He's not that ugly. I think they're his natural features.""","""This is decorative?"" 
                 ""He's not that deformed. I think they're his natural features.""",ugly,deformed,53,57,cosmetic,decorative,9,17,-3.21875,-13.25,-16.46875,-9.375,-14.1875,-23.5625,7.09375,-10.25,-14.125,-24.375,7.90625,4.3976934523809526,4.654389880952381,92.3515625,97.7421875,21,21,0.2566964285714288,-4.3976934523809526,-4.654389880952381,0.2566964285714288,[19513],[35361],[37196],[38323],[37196],[38323],"[""Ġugly""]","[""Ġcosmetic""]","[""Ġdeformed""]","[""Ġdecorative""]","[""Ġdeformed""]","[""Ġdecorative""]"
137,swords,"""Results, Harmon?"" she suppressed the surge of annoyance that ran through her as
she contemplated the psi's gift of getting all the hot news first.

Harmon's face slowly animated - joy sweeping in to replace stern concentration.","""Results, Harmon?"" she repressed the surge of annoyance that ran through her as
she contemplated the psi's gift of procure all the hot news first.

Harmon's face slowly animated - joy sweeping in to replace stern concentration.",getting,procure,116,123,suppressed,repressed,23,33,-9.0,-12.3125,-21.3125,-17.25,-14.0,-31.25,9.9375,-17.125,-14.0,-31.125,9.8125,4.723619384765625,5.172694091796875,236.18096923828125,258.63470458984375,50,50,0.44907470703124996,-4.723619384765625,-5.172694091796875,0.44907470703124996,[2970],[16013],[29877],[47960],[29877],[47960],"[""Ġgetting""]","[""Ġsuppressed""]","[""Ġprocure""]","[""Ġrepressed""]","[""Ġprocure""]","[""Ġrepressed""]"
139,swords,"Sixty
                    years ago in a similar situation, I had broken my knuckles on someone's face. I
                    merely said, ""Is Tasha here?"" 
                 He pursed his lips slightly, then nodded.","Sixty
                    years ago in a similar situation, I had broken my knuckles on somebody's face. I
                    merely affirm, ""Is Tasha here?"" 
                 He pursed his lips slightly, then nodded.",said,affirm,133,137,someone,somebody,88,95,-4.0625,-8.0625,-12.125,-13.875,-9.875,-23.75,11.625,-13.6875,-9.9375,-23.625,11.5,3.631153272545856,3.965018894361413,167.03305053710938,182.390869140625,46,46,0.3338656218155571,-3.631153272545856,-3.965018894361413,0.3338656218155571,[753],[3095],[10418],[11853],[10418],[11853],"[""Ġsaid""]","[""Ġsomeone""]","[""Ġaffirm""]","[""Ġsomebody""]","[""Ġaffirm""]","[""Ġsomebody""]"
140,swords,"I could say that I did not dare to take responsibility for her fate.
                    I could say that I chose out of consideration for her desire for fame; some
                    critics already say ""Waking With Tasha"" is Malaquez's finest work. If science
                    finds a way to safely free the subjects of Emil's art, perhaps the I who reads
                    this file will know that my decision is wise.","I could say that I did not dare to take obligation for her fate.
                    I could say that I chose out of consideration for her desire for fame; some
                    critics already say ""Waking With Tasha"" is Malaquez's finest creation. If science
                    finds a way to safely free the subjects of Emil's art, perhaps the I who reads
                    this file will know that my decision is wise.",work,creation,246,250,responsibility,obligation,40,54,-1.2109375,-6.0625,-7.2734375,-5.46875,-12.8125,-18.28125,11.0078125,-5.09375,-12.875,-17.96875,10.6953125,4.097595729184954,4.225791673981742,364.68601989746094,376.095458984375,89,89,0.1281959447967873,-4.097595729184954,-4.225791673981742,0.1281959447967873,[789],[8294],[8869],[14904],[8869],[14904],"[""Ġwork""]","[""Ġresponsibility""]","[""Ġcreation""]","[""Ġobligation""]","[""Ġcreation""]","[""Ġobligation""]"
141,swords,"The Rockford, Ill., maker of fasteners also said it expects to post sales in the current fiscal year that are ""slightly above"" fiscal 1989 sales of $155 million. The company said its industrial unit continues to face margin pressures and lower demand.  

In fiscal 1989, Elco earned $7.8 million, or $1.65 a share.","The Rockford, Ill., maker of fasteners likewise said it expects to post sales in the current fiscal year that are ""slightly above"" fiscal 1989 sales of $155 million. The company said its industrial unit continues to endure margin pressures and lower demand.  

In fiscal 1989, Elco earned $7.8 million, or $1.65 a share.",face,endure,212,216,also,likewise,39,43,-3.90625,-5.1875,-9.09375,-9.6875,-12.3125,-22.0,12.90625,-9.5,-12.3125,-21.8125,12.71875,2.781871337890625,2.990156656901042,208.64035034179688,224.26174926757812,75,75,0.2082853190104168,-2.781871337890625,-2.990156656901042,0.2082853190104168,[2454],[671],[30565],[21223],[30565],[21223],"[""Ġface""]","[""Ġalso""]","[""Ġendure""]","[""Ġlikewise""]","[""Ġendure""]","[""Ġlikewise""]"
143,swords,"Sales for the full year were $6.6 billion, up 13% from $5.8 billion.  

Ralston said its restructuring costs include the phase-out of a battery facility in Greenville, N.C., the recent closing of a Hostess cake bakery in Cincinnati and a reduction in staff throughout the company. The battery plant, which makes rechargeable nickel cadmium and carbon zinc products, will be closed over the next year or so, a spokesman said.","Sales for the full year were $6.6 billion, up 13% from $5.8 billion.  

Ralston stated its restructuring figure include the phase-out of a battery facility in Greenville, N.C., the recent closing of a Hostess cake bakery in Cincinnati and a reduction in staff throughout the company. The battery plant, which makes rechargeable nickel cadmium and carbon zinc products, will be closed over the next year or so, a spokesman said.",costs,figure,103,108,said,stated,80,84,-2.46875,-2.953125,-5.421875,-11.8125,-7.03125,-18.84375,13.421875,-11.5,-7.0,-18.5,13.078125,2.5504742933042124,2.7134803160272463,252.496955037117,268.6345512866974,99,99,0.16300602272303388,-2.5504742933042124,-2.7134803160272463,0.16300602272303388,[4815],[753],[4677],[4767],[4677],[4767],"[""Ġcosts""]","[""Ġsaid""]","[""Ġfigure""]","[""Ġstated""]","[""Ġfigure""]","[""Ġstated""]"
145,swords,"""Tell her I love her."" 
                 He studied me, then said, ""I'm sorry things happened this way, Bernardo. I
                    didn't anticipate last night --""","""Tell her I love her."" 
                 He examine me, then stated, ""I'm sorry things happened this way, Bernardo. I
                    didn't anticipate last night --""",studied,examine,44,51,said,stated,61,65,-9.0625,-2.9375,-12.0,-14.0,-7.9375,-21.9375,9.9375,-13.9375,-9.125,-23.0625,11.0625,3.916614223170925,4.308462194494299,144.91472625732422,159.41310119628906,37,37,0.39184797132337446,-3.916614223170925,-4.308462194494299,0.39184797132337446,[5421],[753],[9186],[4767],[9186],[4767],"[""Ġstudied""]","[""Ġsaid""]","[""Ġexamine""]","[""Ġstated""]","[""Ġexamine""]","[""Ġstated""]"
147,swords,"The play's second act concludes with the last fight between Tasha
                    and me. I have disguised us in the play, and deleted one brief melodramatic
                    interchange. Now I will mention it, in case I/You decide to restore it.","The play's second act concludes with the last fight between Tasha
                    and me. I have masked us in the play, and deleted one short melodramatic
                    interchange. Now I will mention it, in case I/You decide to restore it.",brief,short,143,148,disguised,masked,101,110,-10.0,-9.625,-19.625,-9.0,-11.6875,-20.6875,1.0625,-8.75,-11.6875,-20.4375,0.8125,4.235507541232639,4.180031105324074,228.7174072265625,225.7216796875,54,54,-0.05547643590856488,-4.235507541232639,-4.180031105324074,-0.05547643590856488,[4864],[49932],[2159],[34741],[2159],[34741],"[""Ġbrief""]","[""Ġdisguised""]","[""Ġshort""]","[""Ġmasked""]","[""Ġshort""]","[""Ġmasked""]"
149,swords,"""The critics liked it."" 
                 ""I'm glad."" A moment later: ""That's not why I called him 'Emil'.""","""The critics liked it."" 
                 ""I'm delighted."" A minute later: ""That's not why I called him 'Emil'.""",glad,delighted,47,51,moment,minute,56,62,-2.6875,-5.0625,-7.75,-6.6875,-6.96875,-13.65625,5.90625,-6.6875,-6.78125,-13.46875,5.71875,3.9697265625,4.122488839285714,111.15234375,115.4296875,28,28,0.1527622767857144,-3.9697265625,-4.122488839285714,0.1527622767857144,[9995],[2774],[25534],[7017],[25534],[7017],"[""Ġglad""]","[""Ġmoment""]","[""Ġdelighted""]","[""Ġminute""]","[""Ġdelighted""]","[""Ġminute""]"
150,swords,"Probably not. But it is something marvelous and rare, which is surely a
                    sign of love. 
                 If my love for her was the only important thing, I would leave a holo of her
                    with a note: ""Dear Future, this is Tasha Cortez.","Probably not. But it is something marvelous and uncommon, which is positively a
                    sign of love. 
                 If my love for her was the only important thing, I would leave a holo of her
                    with a note: ""Dear Future, this is Tasha Cortez.",surely,positively,63,69,rare,uncommon,48,52,-6.71875,-4.78125,-11.5,-10.375,-7.28125,-17.65625,6.15625,-9.0625,-7.28125,-16.34375,4.84375,3.7908832097457625,3.9133507680084745,223.662109375,230.8876953125,59,59,0.12246755826271194,-3.7908832097457625,-3.9133507680084745,0.12246755826271194,[13353],[7520],[14962],[24666],[14962],[24666],"[""Ġsurely""]","[""Ġrare""]","[""Ġpositively""]","[""Ġuncommon""]","[""Ġpositively""]","[""Ġuncommon""]"
151,swords,"""Ever the altruist. Still, if I do decide, we could practice --"" 
                 Later, I said, ""You've been chosen to succeed the Emperor.""","""Ever the altruist. Still, if I do decide, we could prepare --"" 
                 Later, I stated, ""You've been chosen to succeed the Emperor.""",practice,prepare,52,60,said,stated,92,96,-7.75,-4.5625,-12.3125,-9.25,-8.5,-17.75,5.4375,-9.25,-8.5625,-17.8125,5.5,4.4651715959821425,4.5771414620535715,156.281005859375,160.199951171875,35,35,0.111969866071429,-4.4651715959821425,-4.5771414620535715,0.111969866071429,[3946],[753],[10347],[4767],[10347],[4767],"[""Ġpractice""]","[""Ġsaid""]","[""Ġprepare""]","[""Ġstated""]","[""Ġprepare""]","[""Ġstated""]"
153,swords,"It's strange how one can write delightedly of the happier moments of life,
                    forgetting the things that one would forget by remembering fully the things one
                    would remember, and suddenly the forgotten, in revenge, rears up to savage the
                    unwary. So it was as I wrote the preceding. My heart convulsed, and I left this
                    manuscript for a three-day spree.","It's unusual how one can write delightedly of the happier moments of life,
                    forgetting the things that one would forget by remembering fully the things one
                    would remember, and suddenly the forgotten, in revenge, rears up to savage the
                    unwary. So it was as I write the preceding. My heart convulsed, and I left this
                    manuscript for a three-day spree.",wrote,write,317,322,strange,unusual,5,12,-3.859375,-6.96875,-10.828125,-5.75,-8.5625,-14.3125,3.484375,-6.03125,-8.5625,-14.59375,3.765625,3.771345379708827,3.9083633422851562,328.10704803466797,340.0276107788086,87,87,0.13701796257632903,-3.771345379708827,-3.9083633422851562,0.13701796257632903,[4159],[8921],[3630],[11555],[3630],[11555],"[""Ġwrote""]","[""Ġstrange""]","[""Ġwrite""]","[""Ġunusual""]","[""Ġwrite""]","[""Ġunusual""]"
154,swords,"They expect him to cut costs throughout the organization.  

The company said Mr. Stronach will personally direct the restructuring, assisted by Manfred Gingl, president and chief executive. Neither they nor Mr. McAlpine could be reached for comment.","They expect him to cut costs throughout the organization.  

The company stated Mr. Stronach will personally direct the restructuring, assisted by Manfred Gingl, president and top executive. Neither they nor Mr. McAlpine could be reached for comment.",chief,top,174,179,said,stated,73,77,-0.263671875,-5.625,-5.888671875,-10.9375,-7.5625,-18.5,12.611328125,-10.875,-7.5625,-18.4375,12.548828125,3.387359043337264,3.6653534511350236,179.530029296875,194.26373291015625,53,53,0.27799440779775964,-3.387359043337264,-3.6653534511350236,0.27799440779775964,[7015],[753],[1755],[4767],[1755],[4767],"[""Ġchief""]","[""Ġsaid""]","[""Ġtop""]","[""Ġstated""]","[""Ġtop""]","[""Ġstated""]"
156,swords,"The part of my mind that remembered four months in NorAm during the Great
                    Cleaning sent me rolling across the floor. Malaquez was not prepared for me to
                    react so quickly, or perhaps he waited too long for an expression I would not
                    have, a gesture I would not make, a poignant moment of repentence, wonder,
                    despair, or love. Had he been faster, he could have had rage.","The part of my mind that recalled four months in NorAm during the Great
                    Cleaning sent me rolling across the floor. Malaquez was not prepared for me to
                    react so quickly, or perhaps he waited overly long for an expression I would not
                    have, a gesture I would not make, a poignant moment of repentence, wonder,
                    despair, or love. Had he been faster, he could have had rage.",too,overly,232,235,remembered,recalled,25,35,-1.984375,-7.4375,-9.421875,-11.375,-10.1875,-21.5625,12.140625,-11.375,-10.1875,-21.5625,12.140625,3.8286308620287026,3.9426795296047046,352.2340393066406,362.7265167236328,92,92,0.11404866757600196,-3.8286308620287026,-3.9426795296047046,0.11404866757600196,[1512],[12659],[27662],[17602],[27662],[17602],"[""Ġtoo""]","[""Ġremembered""]","[""Ġoverly""]","[""Ġrecalled""]","[""Ġoverly""]","[""Ġrecalled""]"
157,swords,"She was a twenty-four-year-old (Terran Standard) N'Apulcan
                    who left university training in hydroponics to work for her aunt's real estate
                    firm. Her family said she did it to support her father, who was dying of a
                    particularly painful degenerative disease. Tasha said she woke up one morning
                    convinced that if she spent another day studying vegetables, she would become
                    one.","She was a twenty-four-year-old (Terran Standard) N'Apulcan
                    who left university education in hydroponics to work for her aunt's real estate
                    firm. Her family said she did it to support her father, who was dying of a
                    particularly severe degenerative disease. Tasha said she woke up one morning
                    convinced that if she spent another day studying vegetables, she would become
                    one.",painful,severe,286,293,training,education,99,107,-2.578125,-7.8125,-10.390625,-4.0625,-7.5625,-11.625,1.234375,-3.78125,-7.4375,-11.21875,0.828125,3.148553506951583,3.2248854787726153,299.1125831604004,306.36412048339844,95,95,0.07633197182103224,-3.148553506951583,-3.2248854787726153,0.07633197182103224,[16592],[3733],[5460],[4730],[5460],[4730],"[""Ġpainful""]","[""Ġtraining""]","[""Ġsevere""]","[""Ġeducation""]","[""Ġsevere""]","[""Ġeducation""]"
158,swords,"You think I sleep with every famous
                    person I meet?"" 
                 As you may have guessed, we had talked about such things. I do not claim ours
                    was a perfect affair, only a wonderful one.","You believe I sleep with every famous
                    person I meet?"" 
                 As you may have predict, we had talked about such things. I do not claim ours
                    was a perfect affair, only a wonderful one.",guessed,predict,106,113,think,believe,4,9,-0.62890625,-5.34375,-5.97265625,-10.9375,-6.75,-17.6875,11.71484375,-10.8125,-6.71875,-17.53125,11.55859375,3.6942027698863638,4.0661843039772725,162.544921875,178.912109375,44,44,0.3719815340909087,-3.6942027698863638,-4.0661843039772725,0.3719815340909087,[30346],[1158],[3283],[2868],[3283],[2868],"[""Ġguessed""]","[""Ġthink""]","[""Ġpredict""]","[""Ġbelieve""]","[""Ġpredict""]","[""Ġbelieve""]"
160,swords,"""Tell me, Malaquez."" 
                 ""She wanted to be famous. She did!","""Tell me, Malaquez."" 
                 ""She desired to be celebrated. She did!",famous,celebrated,57,63,wanted,desired,44,50,-6.125,-5.21875,-11.34375,-9.4375,-10.0625,-19.5,8.15625,-9.1875,-10.0,-19.1875,7.84375,4.9115953947368425,5.439555921052632,93.3203125,103.3515625,19,19,0.5279605263157894,-4.9115953947368425,-5.439555921052632,0.5279605263157894,[8530],[3078],[19651],[6799],[19651],[6799],"[""Ġfamous""]","[""Ġwanted""]","[""Ġcelebrated""]","[""Ġdesired""]","[""Ġcelebrated""]","[""Ġdesired""]"
162,swords,"I do not plan to write a book: this narrative must move more quickly. Tasha and
                    I became lovers that evening, after a good dinner of paella at her apartment. I
                    made some small joke afterward, about approving of her firm's business
                    incentives, and she cried.","I do not plan to compose a book: this narrative must move more quickly. Tasha and
                    I became lovers that evening, after a fine dinner of paella at her apartment. I
                    made some small joke afterward, about approving of her firm's business
                    incentives, and she cried.",good,fine,138,142,write,compose,17,22,-5.125,-4.28125,-9.40625,-7.125,-9.75,-16.875,7.46875,-7.09375,-9.75,-16.84375,7.4375,4.037338014632937,4.106843494233631,254.352294921875,258.73114013671875,63,63,0.06950547960069464,-4.037338014632937,-4.106843494233631,0.06950547960069464,[1175],[3630],[4030],[38530],[4030],[38530],"[""Ġgood""]","[""Ġwrite""]","[""Ġfine""]","[""Ġcompose""]","[""Ġfine""]","[""Ġcompose""]"
163,swords,"Upjohn officials said they couldn't estimate the size of the charge until they determine which employees, and how many, will participate in the retirement plan. But the pharmaceutical company said it ""anticipates the long-term savings resulting from the plan's implementation will more than offset short-term costs.""  

The program, available to Upjohn employees 55 years old or older, could increase an individual's retirement benefits 10% to 20%.","Upjohn officials stated they couldn't estimate the size of the charge until they determine which employees, and how many, will participate in the retirement plan. But the pharmaceutical company said it ""anticipates the distant-term savings resulting from the plan's implementation will more than offset short-term costs.""  

The program, available to Upjohn employees 55 years old or older, could increase an individual's retirement benefits 10% to 20%.",long,distant,217,221,said,stated,17,21,-8.8125,-1.8671875,-10.6796875,-15.0,-4.75,-19.75,9.0703125,-14.875,-4.75,-19.625,8.9453125,2.8826054443012583,3.06346933408217,253.66927909851074,269.58530139923096,88,88,0.1808638897809116,-2.8826054443012583,-3.06346933408217,0.1808638897809116,[1048],[753],[13392],[4767],[13392],[4767],"[""Ġlong""]","[""Ġsaid""]","[""Ġdistant""]","[""Ġstated""]","[""Ġdistant""]","[""Ġstated""]"
164,swords,"They say the cubes will outlast
                    planets and suns, that when the universe dies, the works of Malaquez and his
                    followers will be the last things seen in the final wink of God's eye. 
                 Yes, Self, I am also bothered that this observation ignores half-eaten cheese
                    sandwiches, incomplete insect collections, and locks of infants' hair, forgotten
                    in closets, basements, and warehouses. 
                 You see the inspiration for my latest play, ""Captured Moments.""","They say the blocks will outlast
                    planets and suns, that when the universe dies, the works of Malaquez and his
                    followers will be the last things seen in the final wink of God's eye. 
                 Yes, Self, I am also perturb that this observation ignores half-eaten cheese
                    sandwiches, incomplete insect collections, and locks of infants' hair, forgotten
                    in closets, basements, and warehouses. 
                 You see the inspiration for my latest play, ""Captured Moments.""",bothered,perturb,259,267,cubes,blocks,13,18,-9.25,-11.5,-20.75,-16.0,-9.875,-25.875,5.125,-16.125,-9.875,-26.0,5.25,3.718546014083059,3.8134583924946033,423.91424560546875,434.73425674438477,114,114,0.09491237841154421,-3.718546014083059,-3.8134583924946033,0.09491237841154421,[28860],[37072],[12230],[8336],[12230],[8336],"[""Ġbothered""]","[""Ġcubes""]","[""Ġperturb""]","[""Ġblocks""]","[""Ġperturb""]","[""Ġblocks""]"
166,swords,"Earlier this morning --"" 
                 Her clothes lay by the cube enclosing the bed. I hit him with the back of my
                    hand.","Earlier this morning --"" 
                 Her dress rest by the cube enclosing the bed. I hit him with the back of my
                    hand.",lay,rest,55,58,clothes,dress,47,54,-5.4375,-8.625,-14.0625,-11.3125,-7.96875,-19.28125,5.21875,-12.75,-7.96875,-20.71875,6.65625,4.763907596982759,5.0950296336206895,138.1533203125,147.755859375,29,29,0.3311220366379306,-4.763907596982759,-5.0950296336206895,0.3311220366379306,[2242],[10015],[1551],[7619],[1551],[7619],"[""Ġlay""]","[""Ġclothes""]","[""Ġrest""]","[""Ġdress""]","[""Ġrest""]","[""Ġdress""]"
167,swords,"I hoped no one would bring up my last three plays. 
                 ""I must change my subject matter. No more urchins, dopers, vagrants, or whores.","I desired no one would bring up my last three plays. 
                 ""I must adjust my subject matter. No more urchins, dopers, vagrants, or whores.",change,adjust,77,83,hoped,desired,2,7,-6.40625,-9.3125,-15.71875,-9.375,-10.375,-19.75,4.03125,-9.375,-10.3125,-19.6875,3.96875,4.0140182907516895,4.270718961148648,148.5186767578125,158.0166015625,37,37,0.25670067039695876,-4.0140182907516895,-4.270718961148648,0.25670067039695876,[1818],[13937],[4575],[6799],[4575],[6799],"[""Ġchange""]","[""Ġhoped""]","[""Ġadjust""]","[""Ġdesired""]","[""Ġadjust""]","[""Ġdesired""]"
169,swords,"He spoke quickly, prepared to be
                    rejected. ""Would you permit me to do one of you? I would pay --""","He spoke rapidly, prepared to be
                    rejected. ""Would you let me to do one of you? I would pay --""",permit,let,74,80,quickly,rapidly,9,16,-5.84375,-6.78125,-12.625,-5.3125,-8.5,-13.8125,1.1875,-4.875,-8.5625,-13.4375,0.8125,4.142795138888889,4.380642361111111,111.85546875,118.27734375,27,27,0.23784722222222143,-4.142795138888889,-4.380642361111111,0.23784722222222143,[9659],[4541],[1339],[9086],[1339],[9086],"[""Ġpermit""]","[""Ġquickly""]","[""Ġlet""]","[""Ġrapidly""]","[""Ġlet""]","[""Ġrapidly""]"
170,swords,"Malaquez glanced away, embarrassed. Tasha looked at me as if to say, ""I will.""
                    She said, ""I feel sorry for you, Nardo.","Malaquez glanced away, embarrassed. Tasha looked at me as if to communicate, ""I will.""
                    She stated, ""I feel sorry for you, Nardo.",say,communicate,64,67,said,stated,103,107,-0.53125,-3.546875,-4.078125,-8.4375,-8.4375,-16.875,12.796875,-8.375,-8.3125,-16.6875,12.609375,3.852878146701389,4.234429253472222,138.70361328125,152.439453125,36,36,0.3815511067708335,-3.852878146701389,-4.234429253472222,0.3815511067708335,[1333],[753],[13791],[4767],[13791],[4767],"[""Ġsay""]","[""Ġsaid""]","[""Ġcommunicate""]","[""Ġstated""]","[""Ġcommunicate""]","[""Ġstated""]"
171,swords,"She studied me as a suspicious puppy might, then said, ""I'm sorry, too."" 
                 ""I suppose I sound like I'm bragging when I talk of the things I'm tired of."" 
                 ""Only because you are.""","She studied me as a suspicious puppy might, then stated, ""I'm sorry, too."" 
                 ""I assume I sound like I'm bragging when I talk of the things I'm tired of."" 
                 ""Only because you are.""",suppose,assume,94,101,said,stated,49,53,-5.3125,-4.34375,-9.65625,-8.75,-9.0,-17.75,8.09375,-8.125,-9.0,-17.125,7.46875,3.5287039620535716,3.7562779017857144,172.906494140625,184.0576171875,49,49,0.2275739397321428,-3.5287039620535716,-3.7562779017857144,0.2275739397321428,[9428],[753],[5467],[4767],[5467],[4767],"[""Ġsuppose""]","[""Ġsaid""]","[""Ġassume""]","[""Ġstated""]","[""Ġassume""]","[""Ġstated""]"
172,swords,"If science
                    finds a way to safely free the subjects of Emil's art, perhaps the I who reads
                    this file will know that my decision is wise. But I cannot stop thinking that I
                    was never afraid of losing Tasha to brain damage or death. My fear is that she
                    would live, and I would learn that I had lost her long before Emil Malaquez
                    translated her into a thing that can be kept, admired, and loved.","If science
                    finds a way to safely release the subjects of Emil's art, perhaps the I who reads
                    this file will know that my decision is wise. But I cannot stop thinking that I
                    was never afraid of losing Tasha to brain damage or dying. My fear is that she
                    would live, and I would learn that I had lost her long before Emil Malaquez
                    translated her into a thing that can be kept, admired, and loved.",death,dying,282,287,free,release,53,57,-2.40625,-6.46875,-8.875,-6.9375,-5.84375,-12.78125,3.90625,-6.90625,-5.84375,-12.75,3.875,3.662673873901367,3.761466217041016,366.2673873901367,376.14662170410156,100,100,0.09879234313964869,-3.662673873901367,-3.761466217041016,0.09879234313964869,[2471],[1959],[13889],[3727],[13889],[3727],"[""Ġdeath""]","[""Ġfree""]","[""Ġdying""]","[""Ġrelease""]","[""Ġdying""]","[""Ġrelease""]"
173,swords,"I have disguised us in the play, and deleted one brief melodramatic
                    interchange. Now I will mention it, in case I/You decide to restore it. Shortly
                    before she left, Tasha said, ""You steal from life for art, Bernardo.","I have masked us in the play, and deleted one brief melodramatic
                    interchange. Now I will acknowledge it, in case I/You decide to restore it. Shortly
                    before she left, Tasha said, ""You steal from life for art, Bernardo.",mention,acknowledge,112,119,disguised,masked,7,16,-6.53125,-14.0625,-20.59375,-8.625,-12.6875,-21.3125,0.71875,-9.0,-12.6875,-21.6875,1.09375,4.355199353448276,4.521079227842134,252.6015625,262.22259521484375,58,58,0.1658798743938581,-4.355199353448276,-4.521079227842134,0.1658798743938581,[3748],[49932],[14409],[34741],[14409],[34741],"[""Ġmention""]","[""Ġdisguised""]","[""Ġacknowledge""]","[""Ġmasked""]","[""Ġacknowledge""]","[""Ġmasked""]"
174,swords,"Her eyes became circles at the idea of being, as she undoubtedly thought it,
                    immortalized by Emil Malaquez. Catching herself, she said casually, ""Oh..."" And
                    then she smiled, laughed loudly at herself in the way that always made me think
                    how much I loved her, and said, ""My God, yes, yes, yes!"" For a perfect moment,
                    Emil and Tasha and I were one entity, laughing until our lungs hurt.","Her eyes became circles at the idea of being, as she doubtless thought it,
                    immortalized by Emil Malaquez. Catching herself, she said casually, ""Oh..."" And
                    then she smiled, laughed loudly at herself in the way that always made me aware
                    how much I loved her, and said, ""My God, yes, yes, yes!"" For a perfect moment,
                    Emil and Tasha and I were one entity, laughing until our lungs hurt.",think,aware,271,276,undoubtedly,doubtless,53,64,-3.625,-10.4375,-14.0625,-8.1875,-11.5,-19.6875,5.625,-8.0625,-11.5,-19.5625,5.5,3.323336956547756,3.3905656103994333,338.9803695678711,345.8376922607422,102,102,0.06722865385167731,-3.323336956547756,-3.3905656103994333,0.06722865385167731,[1158],[25369],[6600],[49654],[6600],[49654],"[""Ġthink""]","[""Ġundoubtedly""]","[""Ġaware""]","[""Ġdoubtless""]","[""Ġaware""]","[""Ġdoubtless""]"
176,swords,"Heritage, which owns 51% of POP's 3.6 million shares outstanding, said it will exchange one share of a new preferred stock for each POP common share it doesn't already own. Depending upon how many warrants and options are exercised prior to completion of the transaction, Heritage would issue between 1.8 million and 2.35 million preferred shares, a Heritage spokesman estimated. In national over-the-counter trading yesterday, POP plunged $4 to $14.75.","Heritage, which owns 51% of POP's 3.6 million shares outstanding, stated it will exchange one share of a new preferred stock for each POP common share it doesn't already own. Depending upon how many warrants and options are implement prior to completion of the transaction, Heritage would issue between 1.8 million and 2.35 million preferred shares, a Heritage spokesman estimated. In national over-the-counter trading yesterday, POP plunged $4 to $14.75.",exercised,implement,222,231,said,stated,66,70,-0.412109375,-2.640625,-3.052734375,-16.625,-6.625,-23.25,20.197265625,-15.9375,-6.65625,-22.59375,19.541015625,2.679971634714227,2.9352622584292765,254.59730529785156,278.84991455078125,95,95,0.2552906237150494,-2.679971634714227,-2.9352622584292765,0.2552906237150494,[25796],[753],[3359],[4767],[3359],[4767],"[""Ġexercised""]","[""Ġsaid""]","[""Ġimplement""]","[""Ġstated""]","[""Ġimplement""]","[""Ġstated""]"
177,swords,"At Christie's, a folio of 21 prints from Alfred Stieglitz's ""Equivalents"" series sold for $396,000, a single-lot record. Other works also have been exceeding price estimates. In part, prices reflect development of a market structure based on such variables as the number of prints.","At Christie's, a folio of 21 prints from Alfred Stieglitz's ""Equivalents"" series sold for $396,000, a single-lot record. Other print likewise have been exceeding price estimates. In part, prices reflect development of a market structure based on such variables as the number of prints.",works,print,127,132,also,likewise,133,137,-1.9921875,-5.84375,-7.8359375,-6.46875,-11.5,-17.96875,10.1328125,-6.5,-16.125,-22.625,14.7890625,3.3110971450805664,3.524264335632324,211.91021728515625,225.55291748046875,64,64,0.2131671905517578,-3.3110971450805664,-3.524264335632324,0.2131671905517578,[2987],[671],[3379],[21223],[3379],[21223],"[""Ġworks""]","[""Ġalso""]","[""Ġprint""]","[""Ġlikewise""]","[""Ġprint""]","[""Ġlikewise""]"
179,swords,"""You wish to become pregnant? I suppose I could
                    assist a friend. Purely for the sake of the race, of course --""","""You wish to become pregnant? I think I could
                    assist a pal. Purely for the sake of the race, of course --""",friend,pal,77,83,suppose,think,32,39,-3.703125,-5.21875,-8.921875,-8.9375,-3.53125,-12.46875,3.546875,-9.3125,-3.59375,-12.90625,3.984375,3.7825907389322917,3.918290201822917,113.47772216796875,117.5487060546875,30,30,0.13569946289062518,-3.7825907389322917,-3.918290201822917,0.13569946289062518,[3331],[9428],[5796],[1158],[5796],[1158],"[""Ġfriend""]","[""Ġsuppose""]","[""Ġpal""]","[""Ġthink""]","[""Ġpal""]","[""Ġthink""]"
181,swords,"I want to do more traditional portraits."" He spoke quickly, prepared to be
                    rejected. ""Would you permit me to do one of you?","I desire to do more traditional portraits."" He talk quickly, prepared to be
                    rejected. ""Would you permit me to do one of you?",spoke,talk,45,50,want,desire,2,6,-7.1875,-4.25,-11.4375,-12.3125,-9.25,-21.5625,10.125,-12.375,-9.3125,-21.6875,10.25,3.808121744791667,4.346907552083334,114.24365234375,130.4072265625,30,30,0.5387858072916667,-3.808121744791667,-4.346907552083334,0.5387858072916667,[7560],[971],[2312],[8327],[2312],[8327],"[""Ġspoke""]","[""Ġwant""]","[""Ġtalk""]","[""Ġdesire""]","[""Ġtalk""]","[""Ġdesire""]"
182,swords,"""If you wish."" 
                 ""I beg you, change the color of the walls, at the very least."" 
                 ""But of course!""","""If you wish."" 
                 ""I beg you, replace the colour of the walls, at the very least."" 
                 ""But of course!""",change,replace,45,51,color,colour,56,61,-7.625,-5.4375,-13.0625,-11.125,-6.125,-17.25,4.1875,-11.125,-9.4375,-20.5625,7.5,3.2218994140625,3.474137369791667,96.656982421875,104.22412109375,30,30,0.25223795572916696,-3.2218994140625,-3.474137369791667,0.25223795572916696,[1818],[3295],[8171],[10688],[8171],[10688],"[""Ġchange""]","[""Ġcolor""]","[""Ġreplace""]","[""Ġcolour""]","[""Ġreplace""]","[""Ġcolour""]"
183,swords,"N.V. DSM said net income in the third quarter jumped 63% as the company had substantially lower extraordinary charges to account for a restructuring program.  

The Dutch chemical group said net income gained to 235 million guilders ($113.2 million), or 6.70 guilders a share, from 144 million guilders, or 4.10 guilders a share, a year ago.","N.V. DSM stated net income in the third quarter jumped 63% as the company had substantially less extraordinary charges to account for a restructuring program.  

The Dutch chemical group said net income gained to 235 million guilders ($113.2 million), or 6.70 guilders a share, from 144 million guilders, or 4.10 guilders a share, a year ago.",lower,less,90,95,said,stated,9,13,-3.453125,-4.9375,-8.390625,-4.0625,-8.875,-12.9375,4.546875,-4.125,-8.8125,-12.9375,4.546875,2.6845741754845727,2.885648896422567,212.08135986328125,227.9662628173828,79,79,0.2010747209379944,-2.6845741754845727,-2.885648896422567,0.2010747209379944,[2406],[753],[1679],[4767],[1679],[4767],"[""Ġlower""]","[""Ġsaid""]","[""Ġless""]","[""Ġstated""]","[""Ġless""]","[""Ġstated""]"
184,swords,"""Has she said as much about me?"" 
                 ""She thinks you are a genius. Do come in.""","""Has she stated as much about me?"" 
                 ""She deduce you are a genius. Do come in.""",thinks,deduce,56,62,said,stated,9,13,-5.1875,-4.625,-9.8125,-19.0,-8.3125,-27.3125,17.5,-18.25,-8.375,-26.625,16.8125,4.1848366477272725,5.348011363636363,92.06640625,117.65625,22,22,1.1631747159090908,-4.1848366477272725,-5.348011363636363,1.1631747159090908,[11121],[753],[27566],[4767],[27566],[4767],"[""Ġthinks""]","[""Ġsaid""]","[""Ġdeduce""]","[""Ġstated""]","[""Ġdeduce""]","[""Ġstated""]"
185,swords,"""It's easy for me to turn one down."" 
                 He glanced at me and decided I was joking. The surprising thing is that I was.","""It's easy for me to turn one down."" 
                 He glanced at me and determined I was jest. The surprising thing is that I was.",joking,jest,90,96,decided,determined,76,83,-4.5,-6.8125,-11.3125,-9.375,-10.125,-19.5,8.1875,-9.125,-10.125,-19.25,7.9375,3.6309244791666666,4.086653645833334,108.927734375,122.599609375,30,30,0.45572916666666696,-3.6309244791666666,-4.086653645833334,0.45572916666666696,[43707],[4425],[25613],[3413],[25613],[3413],"[""Ġjoking""]","[""Ġdecided""]","[""Ġjest""]","[""Ġdetermined""]","[""Ġjest""]","[""Ġdetermined""]"
186,swords,"And then, because a
                    playwright cannot resist a promising line, I said, ""Your Sleeping Flamingo
                    should be put to sleep."" 
                 To say her face fell would do a disservice to Tasha and to literature. (Allow me
                    my self-indulgences as you would those of a dying man -- when I convince my
                    mindsmith to permit the wipe, there will be another Bernardo Flynn, one who
                    knows no more of Tasha Cortez or Vega IV than he reads here.)","And then, because a
                    playwright cannot resist a promising line, I stated, ""Your Sleeping Flamingo
                    should be put to sleep."" 
                 To affirm her face fell would do a disservice to Tasha and to literature. (Allow me
                    my self-indulgences as you would those of a dying man -- when I convince my
                    mindsmith to permit the wipe, there will be another Bernardo Flynn, one who
                    knows no more of Tasha Cortez or Vega IV than he reads here.)",say,affirm,181,184,said,stated,85,89,-4.375,-4.0625,-8.4375,-11.25,-9.6875,-20.9375,12.5,-11.0625,-9.6875,-20.75,12.3125,4.062173594599185,4.262958029042119,467.14996337890625,490.24017333984375,115,115,0.2007844344429346,-4.062173594599185,-4.262958029042119,0.2007844344429346,[1333],[753],[10418],[4767],[10418],[4767],"[""Ġsay""]","[""Ġsaid""]","[""Ġaffirm""]","[""Ġstated""]","[""Ġaffirm""]","[""Ġstated""]"
187,swords,"Now the N'apulcans profit from their
                    Hispanic siblings. 
                 I don't mean to sound cynical. I suppose I wish to show that I'm still capable
                    of a certain authorial distance, a semblance of dispassionate observation.","Now the N'apulcans earnings from their
                    Hispanic siblings. 
                 I don't mean to sound skeptical. I suppose I wish to show that I'm still capable
                    of a certain authorial distance, a semblance of dispassionate observation.",cynical,skeptical,116,123,profit,earnings,19,25,-5.03125,-12.5,-17.53125,-7.90625,-15.875,-23.78125,6.25,-7.625,-15.875,-23.5,5.96875,4.070407443576389,4.298380533854167,219.802001953125,232.112548828125,54,54,0.22797309027777768,-4.070407443576389,-4.298380533854167,0.22797309027777768,[47892],[11528],[33872],[20375],[33872],[20375],"[""Ġcynical""]","[""Ġprofit""]","[""Ġskeptical""]","[""Ġearnings""]","[""Ġskeptical""]","[""Ġearnings""]"
189,swords,"But
                    Undersiders left me alone. Perhaps they recognized a fellow ghost. So I
                    returned, and slept, and now the mindwipe is thirteen hours away.","But
                    Undersiders left me alone. Maybe they recognized a mate ghost. So I
                    returned, and slept, and now the mindwipe is thirteen hours away.",fellow,mate,77,83,Perhaps,Maybe,51,58,-4.3125,-7.0625,-11.375,-8.6875,-6.5,-15.1875,3.8125,-8.3125,-6.5625,-14.875,3.5,4.589487436655405,4.737436655405405,169.81103515625,175.28515625,37,37,0.14794921875,-4.589487436655405,-4.737436655405405,0.14794921875,[7715],[11243],[20187],[8948],[20187],[8948],"[""Ġfellow""]","[""ĠPerhaps""]","[""Ġmate""]","[""ĠMaybe""]","[""Ġmate""]","[""ĠMaybe""]"
190,swords,"Yes, Self, I am also bothered that this observation ignores half-eaten cheese
                    sandwiches, incomplete insect collections, and locks of infants' hair, forgotten
                    in closets, basements, and warehouses. 
                 You see the inspiration for my latest play, ""Captured Moments."" The mindwipe
                    will take its creation from my future self --but time too often does that
                    without aid.","Yes, Self, I am likewise bothered that this observation ignores half-eaten cheese
                    sandwiches, incomplete insect collections, and locks of infants' hair, forgotten
                    in closets, basements, and warehouses. 
                 You see the inspiration for my recent play, ""Captured Moments."" The mindwipe
                    will take its creation from my future self --but time too often does that
                    without aid.",latest,recent,287,293,also,likewise,16,20,-4.3125,-6.40625,-10.71875,-5.0625,-11.3125,-16.375,5.65625,-4.96875,-11.375,-16.34375,5.625,4.280872641669379,4.326267200046115,385.27853775024414,389.3640480041504,90,90,0.045394558376735894,-4.280872641669379,-4.326267200046115,0.045394558376735894,[6323],[671],[3332],[21223],[3332],[21223],"[""Ġlatest""]","[""Ġalso""]","[""Ġrecent""]","[""Ġlikewise""]","[""Ġrecent""]","[""Ġlikewise""]"
192,swords,"He glanced at me and decided I was joking. The surprising thing is that I was.
                    ""Good.","He glanced at me and determined I was joking. The surprising matter is that I was.
                    ""Good.",thing,matter,58,63,decided,determined,21,28,-0.70703125,-7.15625,-7.86328125,-9.1875,-10.125,-19.3125,11.44921875,-6.53125,-10.125,-16.65625,8.79296875,3.7247869318181817,4.0710227272727275,81.9453125,89.5625,22,22,0.34623579545454586,-3.7247869318181817,-4.0710227272727275,0.34623579545454586,[2181],[4425],[2647],[3413],[2647],[3413],"[""Ġthing""]","[""Ġdecided""]","[""Ġmatter""]","[""Ġdetermined""]","[""Ġmatter""]","[""Ġdetermined""]"
193,swords,"""Interesting."" 
                 ""You could write a play about someone like him."" 
                 ""Perhaps.""","""Interesting."" 
                 ""You could author a play about somebody like him."" 
                 ""Perhaps.""",write,author,44,49,someone,somebody,63,70,-6.15625,-5.03125,-11.1875,-14.25,-7.59375,-21.84375,10.65625,-14.25,-7.59375,-21.84375,10.65625,3.7862723214285716,4.22265625,79.51171875,88.67578125,21,21,0.4363839285714284,-3.7862723214285716,-4.22265625,0.4363839285714284,[3630],[3095],[2488],[11853],[2488],[11853],"[""Ġwrite""]","[""Ġsomeone""]","[""Ġauthor""]","[""Ġsomebody""]","[""Ġauthor""]","[""Ġsomebody""]"
194,swords,"I demanded, squeezing his throat
                    until he began jerking his head madly at the sculpture. 
                 I stared at the naked Tasha. Most of his story I have pieced together since, but
                    I understood enough as I knelt on his chest with my hands tight on his fleshy
                    throat.","I demanded, squeezing his throat
                    until he started jerking his head madly at the sculpture. 
                 I gaze at the naked Tasha. Most of his story I have pieced together since, but
                    I understood enough as I knelt on his chest with my hands tight on his fleshy
                    throat.",stared,gaze,129,135,began,started,62,67,-5.71875,-4.15625,-9.875,-11.25,-4.78125,-16.03125,6.15625,-11.4375,-4.84375,-16.28125,6.40625,3.900644103092934,3.9601139808768657,261.34315490722656,265.32763671875,67,67,0.05946987778393176,-3.900644103092934,-3.9601139808768657,0.05946987778393176,[15014],[3407],[15944],[3053],[15944],[3053],"[""Ġstared""]","[""Ġbegan""]","[""Ġgaze""]","[""Ġstarted""]","[""Ġgaze""]","[""Ġstarted""]"
195,swords,"I could say that I did not dare to take responsibility for her fate.
                    I could say that I chose out of consideration for her desire for fame; some
                    critics already say ""Waking With Tasha"" is Malaquez's finest work. If science
                    finds a way to safely free the subjects of Emil's art, perhaps the I who reads
                    this file will know that my decision is wise.","I could say that I did not dare to take obligation for her fate.
                    I could say that I chose out of consideration for her desire for fame; some
                    critics already say ""Waking With Tasha"" is Malaquez's finest production. If science
                    finds a way to safely free the subjects of Emil's art, perhaps the I who reads
                    this file will know that my decision is wise.",work,production,246,250,responsibility,obligation,40,54,-1.2109375,-6.0625,-7.2734375,-4.84375,-12.8125,-17.65625,10.3828125,-4.21875,-12.875,-17.09375,9.8203125,4.097595729184954,4.235391681113939,364.68601989746094,376.9498596191406,89,89,0.13779595192898508,-4.097595729184954,-4.235391681113939,0.13779595192898508,[789],[8294],[3275],[14904],[3275],[14904],"[""Ġwork""]","[""Ġresponsibility""]","[""Ġproduction""]","[""Ġobligation""]","[""Ġproduction""]","[""Ġobligation""]"
197,swords,"For a perfect moment,
                    Emil and Tasha and I were one entity, laughing until our lungs hurt. 
                 This is torture. I had not considered that I might not write to learn, but to
                    punish myself.","For a perfect instant,
                    Emil and Tasha and I were one entity, laughing until our lungs hurt. 
                 This is painful. I had not considered that I might not write to learn, but to
                    punish myself.",torture,painful,137,144,moment,instant,14,20,-10.125,-6.875,-17.0,-9.4375,-8.6875,-18.125,1.125,-9.25,-8.6875,-17.9375,0.9375,3.9526641222895407,4.041070432079081,193.6805419921875,198.012451171875,49,49,0.08840630978954067,-3.9526641222895407,-4.041070432079081,0.08840630978954067,[21207],[2774],[16592],[8164],[16592],[8164],"[""Ġtorture""]","[""Ġmoment""]","[""Ġpainful""]","[""Ġinstant""]","[""Ġpainful""]","[""Ġinstant""]"
198,swords,"Somehow, Tasha and I began
                    to argue the worth of Solevgrad jazz, as inconsequential a topic as I can
                    imagine. She had studied it in school, so she thought herself as an expert. I
                    once had a neighbor who played it constantly, loudly, and badly, so I thought I
                    knew it better.","Somehow, Tasha and I started
                    to argue the worth of Solevgrad jazz, as inconsequential a topic as I can
                    imagine. She had research it in school, so she thought herself as an expert. I
                    once had a neighbor who played it constantly, loudly, and badly, so I thought I
                    knew it better.",studied,research,158,165,began,started,21,26,-5.46875,-6.65625,-12.125,-11.4375,-6.125,-17.5625,5.4375,-11.25,-6.09375,-17.34375,5.21875,3.406711227015445,3.6200384340788188,258.9100532531738,275.12292098999023,76,76,0.2133272070633736,-3.406711227015445,-3.6200384340788188,0.2133272070633736,[5421],[3407],[2561],[3053],[2561],[3053],"[""Ġstudied""]","[""Ġbegan""]","[""Ġresearch""]","[""Ġstarted""]","[""Ġresearch""]","[""Ġstarted""]"
199,swords,"The company said the one-time provision would substantially eliminate all future losses at the unit. Valley Federal also added $18 million to realestate loan reserves and eliminated $9.9 million of good will.  

The thrift said that ""after these charges and assuming no dramatic fluctuation in interest rates, the association expects to achieve near record earnings in 1990.""","The company stated the one-time provision would substantially eliminate all future losses at the unit. Valley Federal also added $18 million to realestate lending reserves and eliminated $9.9 million of good will.  

The thrift said that ""after these charges and assuming no dramatic fluctuation in interest rates, the association expects to achieve near record earnings in 1990.""",loan,lending,153,157,said,stated,12,16,-5.3125,-3.203125,-8.515625,-9.125,-5.75,-14.875,6.359375,-9.625,-5.75,-15.375,6.859375,3.9259229686162245,4.0247735846532535,286.5923767089844,293.8084716796875,73,73,0.09885061603702905,-3.9259229686162245,-4.0247735846532535,0.09885061603702905,[10119],[753],[32497],[4767],[32497],[4767],"[""Ġloan""]","[""Ġsaid""]","[""Ġlending""]","[""Ġstated""]","[""Ġlending""]","[""Ġstated""]"
201,swords,"I must also write about
                    Emiliano Gabriel Malaquez. 
            
            
                 Future Self, you know our style well enough to tell that time has passed between
                    the last sentence and this. Not another spree --at least, not like the other.","I must likewise write about
                    Emiliano Gabriel Malaquez. 
            
            
                 Future Self, you comprehend our style well enough to tell that time has passed between
                    the last sentence and this. Not another spree --at least, not like the other.",know,comprehend,132,136,also,likewise,7,11,-3.71875,-3.84375,-7.5625,-12.125,-9.875,-22.0,14.4375,-11.125,-9.9375,-21.0625,13.5,4.3783408717105265,4.652960526315789,249.5654296875,265.21875,57,57,0.27461965460526283,-4.3783408717105265,-4.652960526315789,0.27461965460526283,[871],[671],[37240],[21223],[37240],[21223],"[""Ġknow""]","[""Ġalso""]","[""Ġcomprehend""]","[""Ġlikewise""]","[""Ġcomprehend""]","[""Ġlikewise""]"
202,swords,"According to Upjohn's estimates, only 50% to 60% of the 1,100 eligible employees will take advantage of the plan. Upjohn further estimated that about 50% of the employees who leave for early retirement may be replaced. As a result, Upjohn will likely trim only about 275 to 350 of its more than 21,000 jobs world-wide.","According to Upjohn's estimates, just 50% to 60% of the 1,100 eligible employees will take advantage of the plan. Upjohn also estimated that about 50% of the employees who leave for early retirement may be replaced. As a result, Upjohn will likely trim only about 275 to 350 of its more than 21,000 jobs world-wide.",further,also,121,128,only,just,33,37,-7.75,-4.75,-12.5,-2.953125,-5.4375,-8.390625,-4.109375,-2.84375,-5.375,-8.21875,-4.28125,2.8375859790378146,2.786305930879381,204.30619049072266,200.61402702331543,72,72,-0.051280048158433456,-2.8375859790378146,-2.786305930879381,-0.051280048158433456,[2007],[760],[671],[816],[671],[816],"[""Ġfurther""]","[""Ġonly""]","[""Ġalso""]","[""Ġjust""]","[""Ġalso""]","[""Ġjust""]"
203,swords,"The truck maker said the significant drop in net income will result in lower earnings for the fiscal year. In fiscal 1988, the company earned $17.3 million, or $1.92 a share, on revenue of $352.9 million.  

Oshkosh Truck attributed the downturn in its earnings to higher start-up costs of its new chassis division, a softer motor-home market and higher administrative costs of compliance with government contractor regulations.","The truck maker stated the significant drop in net income will result in lower earnings for the fiscal year. In fiscal 1988, the firm earned $17.3 million, or $1.92 a share, on revenue of $352.9 million.  

Oshkosh Truck attributed the downturn in its earnings to higher start-up costs of its new chassis division, a softer motor-home market and higher administrative costs of compliance with government contractor regulations.",company,firm,127,134,said,stated,16,20,-0.376953125,-2.125,-2.501953125,-4.84375,-7.625,-12.46875,9.966796875,-4.09375,-7.625,-11.71875,9.216796875,2.7455352455057125,2.8377318023353495,255.33477783203125,263.9090576171875,93,93,0.09219655682963701,-2.7455352455057125,-2.8377318023353495,0.09219655682963701,[2567],[753],[5882],[4767],[5882],[4767],"[""Ġcompany""]","[""Ġsaid""]","[""Ġfirm""]","[""Ġstated""]","[""Ġfirm""]","[""Ġstated""]"
204,swords,"His
                    story would stand in either case. 
                 I wanted him to tell me more, but he babbled, begging me to forgive him, to
                    understand. I did not listen.","His
                    story would stand in either case. 
                 I desired him to tell me additional, but he babbled, begging me to forgive him, to
                    understand. I did not listen.",more,additional,100,104,wanted,desired,78,84,-3.328125,-6.0,-9.328125,-12.0,-9.4375,-21.4375,12.109375,-10.4375,-9.5,-19.9375,10.609375,3.5698394775390625,3.9507354736328124,142.7935791015625,158.0294189453125,40,40,0.3808959960937499,-3.5698394775390625,-3.9507354736328124,0.3808959960937499,[625],[3078],[3081],[6799],[3081],[6799],"[""Ġmore""]","[""Ġwanted""]","[""Ġadditional""]","[""Ġdesired""]","[""Ġadditional""]","[""Ġdesired""]"
206,swords,"Intelogic Trace Inc., San Antonio, Texas, said it bought 2.7 million shares, or about 18%, of its common stock from an unaffiliated shareholder for $3.625 a share, or $9.9 million.  

The move boosts Intelogic Chairman Asher Edelman's stake to 20% from 16.2% and may help prevent Martin Ackerman from making a run at the computer-services concern. Mr. Ackerman already is seeking to oust Mr. Edelman as chairman of Datapoint Corp., an Intelogic affiliate.","Intelogic Trace Inc., San Antonio, Texas, stated it bought 2.7 million shares, or about 18%, of its common stock from an unaffiliated shareholder for $3.625 a share, or $9.9 million.  

The move boosts Intelogic Chairman Asher Edelman's stake to 20% from 16.2% and may help restrain Martin Ackerman from making a run at the computer-services concern. Mr. Ackerman already is seeking to oust Mr. Edelman as chairman of Datapoint Corp., an Intelogic affiliate.",prevent,restrain,272,279,said,stated,42,46,-5.8125,-5.0625,-10.875,-9.625,-9.375,-19.0,8.125,-9.625,-9.375,-19.0,8.125,2.684110047387295,2.8339058141239355,327.46142578125,345.7365093231201,122,122,0.14979576673664052,-2.684110047387295,-2.8339058141239355,0.14979576673664052,[3657],[753],[46270],[4767],[46270],[4767],"[""Ġprevent""]","[""Ġsaid""]","[""Ġrestrain""]","[""Ġstated""]","[""Ġrestrain""]","[""Ġstated""]"
207,swords,"So, I think, did she. The subject shifted from music to Tasha's obsession with
                    fame, undoubtedly by a leap that I made. She had no choice but to follow.","So, I believe, did she. The subject shifted from music to Tasha's addiction with
                    fame, undoubtedly by a leap that I made. She had no choice but to follow.",obsession,addiction,64,73,think,believe,6,11,-7.03125,-3.578125,-10.609375,-8.1875,-5.9375,-14.125,3.515625,-8.375,-5.96875,-14.34375,3.734375,4.448717948717949,4.7020733173076925,173.5,183.380859375,39,39,0.2533553685897436,-4.448717948717949,-4.7020733173076925,0.2533553685897436,[37238],[1158],[22103],[2868],[22103],[2868],"[""Ġobsession""]","[""Ġthink""]","[""Ġaddiction""]","[""Ġbelieve""]","[""Ġaddiction""]","[""Ġbelieve""]"
210,swords,"The partners said they already hold 15% of all shares outstanding.  

Dunkin' has set Nov. 10 as the deadline for the receipt of any competing bids.","The partners stated they already hold 15% of all shares outstanding.  

Dunkin' has establish Nov. 10 as the deadline for the receipt of any competing bids.",set,establish,82,85,said,stated,13,17,-7.78125,-4.625,-12.40625,-15.75,-6.6875,-22.4375,10.03125,-15.625,-6.625,-22.25,9.84375,3.634291294642857,4.175090680803572,127.2001953125,146.128173828125,35,35,0.5407993861607148,-3.634291294642857,-4.175090680803572,0.5407993861607148,[873],[753],[5100],[4767],[5100],[4767],"[""Ġset""]","[""Ġsaid""]","[""Ġestablish""]","[""Ġstated""]","[""Ġestablish""]","[""Ġstated""]"
211,swords,"""Yes,"" I said, ""Do that,"" and did not care what she did, or why. 
                 Emil asked, ""You're all right?"" I muttered something he must have interpreted as
                    assent.","""Yes,"" I stated, ""Do that,"" and did not care what she did, or why. 
                 Emil asked, ""You're all well?"" I muttered something he must have interpreted as
                    assent.",right,well,107,112,said,stated,9,13,-0.81640625,-0.92578125,-1.7421875,-7.0625,-6.09375,-13.15625,11.4140625,-7.21875,-6.125,-13.34375,11.6015625,3.5465928819444446,3.8383463541666667,159.5966796875,172.7255859375,45,45,0.29175347222222214,-3.5465928819444446,-3.8383463541666667,0.29175347222222214,[987],[753],[973],[4767],[973],[4767],"[""Ġright""]","[""Ġsaid""]","[""Ġwell""]","[""Ġstated""]","[""Ġwell""]","[""Ġstated""]"
212,swords,"I want to do more traditional portraits."" He spoke quickly, prepared to be
                    rejected. ""Would you permit me to do one of you?","I desire to do more traditional portraits."" He utter quickly, prepared to be
                    rejected. ""Would you permit me to do one of you?",spoke,utter,45,50,want,desire,2,6,-7.1875,-4.25,-11.4375,-14.8125,-9.25,-24.0625,12.625,-14.5,-9.3125,-23.8125,12.375,3.808121744791667,4.478059895833334,114.24365234375,134.341796875,30,30,0.6699381510416669,-3.808121744791667,-4.478059895833334,0.6699381510416669,[7560],[971],[13894],[8327],[13894],[8327],"[""Ġspoke""]","[""Ġwant""]","[""Ġutter""]","[""Ġdesire""]","[""Ġutter""]","[""Ġdesire""]"
213,swords,"""No one,"" Tasha replied. 
                 Truth is always more boring than fiction. For Malaquez did not move into Dream's
                    End until four or five months after I -- we?","""No one,"" Tasha replied. 
                 Truth is invariably more dull than fiction. For Malaquez did not move into Dream's
                    End until four or five months after I -- we?",always,invariably,52,58,boring,dull,64,70,-4.8125,-6.09375,-10.90625,-11.75,-9.5,-21.25,10.34375,-11.8125,-7.75,-19.5625,8.65625,5.167260146722561,5.319681307164634,211.857666015625,218.10693359375,41,41,0.15242116044207332,-5.167260146722561,-5.319681307164634,0.15242116044207332,[1900],[22258],[37504],[22544],[37504],[22544],"[""Ġalways""]","[""Ġboring""]","[""Ġinvariably""]","[""Ġdull""]","[""Ġinvariably""]","[""Ġdull""]"
214,swords,"I had not considered that I might not write to learn, but to
                    punish myself. Let me abuse the playwright and dismiss the penultimate scene in
                    a few sentences: After giving Emil full rights to a sculpture of Tasha and me,
                    we had a good dinner of curried clam chowder, lobsters boiled on Terra and
                    unstopped still steaming on N'Apulco, and cinnamon custard for desert. Then we
                    went out for a late swim.","I had not regarded that I might not write to learn, but to
                    punish myself. Let me abuse the playwright and discard the penultimate scene in
                    a few sentences: After giving Emil full rights to a sculpture of Tasha and me,
                    we had a good dinner of curried clam chowder, lobsters boiled on Terra and
                    unstopped still steaming on N'Apulco, and cinnamon custard for desert. Then we
                    went out for a late swim.",dismiss,discard,128,135,considered,regarded,10,20,-9.5,-4.28125,-13.78125,-9.6875,-9.125,-18.8125,5.03125,-10.1875,-9.0625,-19.25,5.46875,4.048210815147117,4.1571694833261,437.2067680358887,448.97430419921875,108,108,0.1089586681789827,-4.048210815147117,-4.1571694833261,0.1089586681789827,[5597],[2783],[37271],[12258],[37271],[12258],"[""Ġdismiss""]","[""Ġconsidered""]","[""Ġdiscard""]","[""Ġregarded""]","[""Ġdiscard""]","[""Ġregarded""]"
215,swords,"Montedison currently owns about 72% of Erbamont's common shares outstanding.  

The offer is being launched pursuant to a previously announced agreement between the companies.","Montedison presently owns about 72% of Erbamont's common shares outstanding.  

The offer is being launched pursuant to a previously announced agreement between the organization.",companies,organization,165,174,currently,presently,11,20,-2.78125,-8.3125,-11.09375,-12.6875,-11.0625,-23.75,12.65625,-12.6875,-11.0625,-23.75,12.65625,3.6542061941964286,4.0666277204241075,127.897216796875,142.33197021484375,35,35,0.4124215262276789,-3.6542061941964286,-4.0666277204241075,0.4124215262276789,[4413],[4390],[6003],[21654],[6003],[21654],"[""Ġcompanies""]","[""Ġcurrently""]","[""Ġorganization""]","[""Ġpresently""]","[""Ġorganization""]","[""Ġpresently""]"
216,swords,"In part, prices reflect development of a market structure based on such variables as the number of prints. This information used to be poorly documented and largely anecdotal, says Beth Gates-Warren of Sotheby's. ""There is finally some sort of sense in the market,"" she says.","In part, prices reflect development of a marketplace structure based on such variables as the number of prints. This information used to be poorly documented and mostly anecdotal, says Beth Gates-Warren of Sotheby's. ""There is finally some sort of sense in the market,"" she says.",largely,mostly,157,164,market,marketplace,41,47,-5.46875,-4.15625,-9.625,-6.6875,-7.5625,-14.25,4.625,-6.5,-7.53125,-14.03125,4.40625,3.5320022065760726,3.607594894150556,208.38813018798828,212.8480987548828,59,59,0.07559268757448345,-3.5320022065760726,-3.607594894150556,0.07559268757448345,[8127],[2791],[6571],[27769],[6571],[27769],"[""Ġlargely""]","[""Ġmarket""]","[""Ġmostly""]","[""Ġmarketplace""]","[""Ġmostly""]","[""Ġmarketplace""]"
218,swords,"The Kearny, N.J.-based maker of hair accessories and other cosmetic products said it cut the dividend due to its third-quarter loss of $992,000, or 15 cents a share. In the year-ago quarter, the company reported net income of $1.9 million, or 29 cents a share. The company also adopted an anti-takeover plan.","The Kearny, N.J.-based maker of hair accessories and other decorative products said it cut the dividend due to its third-quarter loss of $992,000, or 15 cents a share. In the year-ago quarter, the company reported net earnings of $1.9 million, or 29 cents a share. The company also adopted an anti-takeover plan.",income,earnings,216,222,cosmetic,decorative,59,67,-0.12890625,-5.8125,-5.94140625,-2.375,-4.53125,-6.90625,0.96484375,-2.484375,-4.5625,-7.046875,1.10546875,2.0257974599863027,2.054710883598823,155.9864044189453,158.21273803710938,77,77,0.02891342361252036,-2.0257974599863027,-2.054710883598823,0.02891342361252036,[6021],[35361],[20375],[38323],[20375],[38323],"[""Ġincome""]","[""Ġcosmetic""]","[""Ġearnings""]","[""Ġdecorative""]","[""Ġearnings""]","[""Ġdecorative""]"
219,swords,"I asked. 
                 ""No one,"" Tasha replied. 
                 Truth is always more boring than fiction.","I asked. 
                 ""No one,"" Tasha say. 
                 Truth is always more dull than fiction.",replied,say,43,50,boring,dull,91,97,-1.7265625,-6.15625,-7.8828125,-8.75,-9.1875,-17.9375,10.0546875,-8.75,-8.375,-17.125,9.2421875,4.006793478260869,4.453549592391305,92.15625,102.431640625,23,23,0.4467561141304355,-4.006793478260869,-4.453549592391305,0.4467561141304355,[10017],[22258],[1333],[22544],[1333],[22544],"[""Ġreplied""]","[""Ġboring""]","[""Ġsay""]","[""Ġdull""]","[""Ġsay""]","[""Ġdull""]"
221,swords,"Montedison currently owns about 72% of Erbamont's common shares outstanding.  

The offer is being launched pursuant to a previously announced agreement between the companies.","Montedison presently owns about 72% of Erbamont's common shares outstanding.  

The offer is being launched pursuant to a previously announced agreement between the enterprise.",companies,enterprise,165,174,currently,presently,11,20,-2.78125,-8.3125,-11.09375,-10.1875,-11.0625,-21.25,10.15625,-10.0625,-11.0625,-21.125,10.03125,3.6542061941964286,3.985377720424107,127.897216796875,139.48822021484375,35,35,0.33117152622767865,-3.6542061941964286,-3.985377720424107,0.33117152622767865,[4413],[4390],[16100],[21654],[16100],[21654],"[""Ġcompanies""]","[""Ġcurrently""]","[""Ġenterprise""]","[""Ġpresently""]","[""Ġenterprise""]","[""Ġpresently""]"
225,swords,"Stephen Akerfeldt, currently vice president finance, will succeed Mr. McAlpine.  

An ambitious expansion has left Magna with excess capacity and a heavy debt load as the automotive industry enters a downturn. The company has reported declines in operating profit in each of the past three years, despite steady sales growth.","Stephen Akerfeldt, presently vice president finance, will succeed Mr. McAlpine.  

An ambitious expansion has left Magna with excess capacity and a large debt load as the automotive industry enters a downturn. The company has reported declines in operating profit in each of the past three years, despite steady sales growth.",heavy,large,148,153,currently,presently,19,28,-3.9375,-7.59375,-11.53125,-3.46875,-10.75,-14.21875,2.6875,-3.328125,-10.75,-14.078125,2.546875,2.8851632782907197,3.0335193980823862,190.4207763671875,200.2122802734375,66,66,0.14835611979166652,-2.8851632782907197,-3.0335193980823862,0.14835611979166652,[5536],[4390],[1781],[21654],[1781],[21654],"[""Ġheavy""]","[""Ġcurrently""]","[""Ġlarge""]","[""Ġpresently""]","[""Ġlarge""]","[""Ġpresently""]"
226,swords,"This is not easy. I stand up, I walk around, I pretend someone makes a vid about
                    a writer and I must enact every cliche. I cannot decide what's important.","This is not easy. I stand up, I walk around, I pretend somebody film a vid about
                    a writer and I must enact every cliche. I cannot decide what's important.",makes,film,63,68,someone,somebody,55,62,-7.96875,-8.375,-16.34375,-15.5625,-10.125,-25.6875,9.34375,-15.25,-10.0625,-25.3125,8.96875,4.362458881578948,4.643400493421052,165.7734375,176.44921875,38,38,0.2809416118421044,-4.362458881578948,-4.643400493421052,0.2809416118421044,[2789],[3095],[3085],[11853],[3085],[11853],"[""Ġmakes""]","[""Ġsomeone""]","[""Ġfilm""]","[""Ġsomebody""]","[""Ġfilm""]","[""Ġsomebody""]"
227,swords,"The truck maker said the significant drop in net income will result in lower earnings for the fiscal year. In fiscal 1988, the company earned $17.3 million, or $1.92 a share, on revenue of $352.9 million.  

Oshkosh Truck attributed the downturn in its earnings to higher start-up costs of its new chassis division, a softer motor-home market and higher administrative costs of compliance with government contractor regulations.","The truck maker stated the significant drop in net income will result in lower earnings for the fiscal year. In fiscal 1988, the corporation earned $17.3 million, or $1.92 a share, on revenue of $352.9 million.  

Oshkosh Truck attributed the downturn in its earnings to higher start-up costs of its new chassis division, a softer motor-home market and higher administrative costs of compliance with government contractor regulations.",company,corporation,127,134,said,stated,16,20,-0.376953125,-2.125,-2.501953125,-6.53125,-7.625,-14.15625,11.654296875,-5.21875,-7.625,-12.84375,10.341796875,2.7455352455057125,2.8609632266465055,255.33477783203125,266.069580078125,93,93,0.115427981140793,-2.7455352455057125,-2.8609632266465055,0.115427981140793,[2567],[753],[13739],[4767],[13739],[4767],"[""Ġcompany""]","[""Ġsaid""]","[""Ġcorporation""]","[""Ġstated""]","[""Ġcorporation""]","[""Ġstated""]"
229,swords,"You think I sleep with every famous
                    person I meet?"" 
                 As you may have guessed, we had talked about such things. I do not claim ours
                    was a perfect affair, only a wonderful one.","You believe I sleep with every famous
                    person I meet?"" 
                 As you may have reckon, we had talked about such things. I do not claim ours
                    was a perfect affair, only a wonderful one.",guessed,reckon,106,113,think,believe,4,9,-0.62890625,-5.34375,-5.97265625,-14.5,-6.75,-21.25,15.27734375,-14.5,-6.71875,-21.21875,15.24609375,3.6942027698863638,4.094549005681818,162.544921875,180.16015625,44,44,0.4003462357954546,-3.6942027698863638,-4.094549005681818,0.4003462357954546,[30346],[1158],[44352],[2868],[44352],[2868],"[""Ġguessed""]","[""Ġthink""]","[""Ġreckon""]","[""Ġbelieve""]","[""Ġreckon""]","[""Ġbelieve""]"
231,swords,"She used the discretion of the mirrored window to secretively survey her crew.
Harmon was an excellent addition to the bridge team, but was she open minded
enough to defy United Earth Command and sever all ties from Earth? She watched
the psi bob her head, unaware of the rest of the bridge, shaking blonde curls as
she chattered away with the approaching psi relay on Mason's ship.","She employed the discretion of the mirrored window to secretively survey her crew.
Harmon was an excellent addition to the bridge workers, but was she open minded
enough to defy United Earth Command and sever all ties from Earth? She watched
the psi bob her head, unaware of the rest of the bridge, shaking blonde curls as
she chattered away with the approaching psi relay on Mason's ship.",team,workers,126,130,used,employed,4,8,-2.0,-6.90625,-8.90625,-13.75,-10.625,-24.375,15.46875,-13.3125,-10.6875,-24.0,15.09375,4.2093586538029815,4.386371130230783,366.2142028808594,381.6142883300781,87,87,0.1770124764278016,-4.2093586538029815,-4.386371130230783,0.1770124764278016,[2285],[908],[5820],[7091],[5820],[7091],"[""Ġteam""]","[""Ġused""]","[""Ġworkers""]","[""Ġemployed""]","[""Ġworkers""]","[""Ġemployed""]"
232,swords,"They expect him to cut costs throughout the organization.  

The company said Mr. Stronach will personally direct the restructuring, assisted by Manfred Gingl, president and chief executive. Neither they nor Mr. McAlpine could be reached for comment.","They expect him to cut costs throughout the organization.  

The company stated Mr. Stronach will personally direct the restructuring, assisted by Manfred Gingl, president and principal executive. Neither they nor Mr. McAlpine could be reached for comment.",chief,principal,174,179,said,stated,73,77,-0.263671875,-5.625,-5.888671875,-6.90625,-7.5625,-14.46875,8.580078125,-6.59375,-7.5625,-14.15625,8.267578125,3.387359043337264,3.684436726120283,179.530029296875,195.275146484375,53,53,0.2970776827830188,-3.387359043337264,-3.684436726120283,0.2970776827830188,[7015],[753],[8624],[4767],[8624],[4767],"[""Ġchief""]","[""Ġsaid""]","[""Ġprincipal""]","[""Ġstated""]","[""Ġprincipal""]","[""Ġstated""]"
233,swords,"El Espectador has been a special target because of the extraordinary courage of its publisher and his staff.
At Monterrey, publisher Luis Gabriel Cano, although shaken by the murders, issued a statement saying: ""We will not cease our fight against drug trafficking.
They want to terrify the press and in particular El Espectador because it has always been a torchbearer in this war.""","El Espectador has been a special objective because of the extraordinary courage of its publisher and his staff.
At Monterrey, publisher Luis Gabriel Cano, although shaken by the murders, issued a statement saying: ""We will not close our fight against drug trafficking.
They want to terrify the press and in particular El Espectador because it has always been a torchbearer in this war.""",cease,close,224,229,target,objective,33,39,-4.90625,-7.0,-11.90625,-5.15625,-9.375,-14.53125,2.625,-4.875,-9.375,-14.25,2.34375,3.0753278732299805,3.245157393013559,252.1768856048584,266.1029062271118,82,82,0.1698295197835784,-3.0753278732299805,-3.245157393013559,0.1698295197835784,[22907],[2303],[2810],[8103],[2810],[8103],"[""Ġcease""]","[""Ġtarget""]","[""Ġclose""]","[""Ġobjective""]","[""Ġclose""]","[""Ġobjective""]"
234,swords,"I said
                    this from years of learning that romances consume themselves without other fuel.
                    But knowing this did not mean I wanted it. 
                 I said, ""Truthfully.""","I stated
                    this from years of learning that romances consume themselves without other fuel.
                    But knowing this did not imply I wanted it. 
                 I said, ""Truthfully.""",mean,imply,153,157,said,stated,2,6,-2.984375,-6.1875,-9.171875,-7.4375,-9.9375,-17.375,8.203125,-7.125,-9.9375,-17.0625,7.890625,4.4059995993589745,4.765925480769231,171.833984375,185.87109375,39,39,0.3599258814102564,-4.4059995993589745,-4.765925480769231,0.3599258814102564,[1599],[753],[16084],[4767],[16084],[4767],"[""Ġmean""]","[""Ġsaid""]","[""Ġimply""]","[""Ġstated""]","[""Ġimply""]","[""Ġstated""]"
235,swords,"Malaquez was not prepared for me to
                    react so quickly, or perhaps he waited too long for an expression I would not
                    have, a gesture I would not make, a poignant moment of repentence, wonder,
                    despair, or love. Had he been faster, he could have had rage. I threw a chair at
                    him.","Malaquez was not prepared for me to
                    react so rapidly, or perhaps he waited too long for an expression I would not
                    have, a gesture I would not make, a poignant moment of repentence, wonder,
                    despair, or love. Had he been swift, he could have had rage. I threw a chair at
                    him.",faster,swift,279,285,quickly,rapidly,65,72,-7.21875,-2.53125,-9.75,-9.375,-6.625,-16.0,6.25,-8.875,-6.59375,-15.46875,5.71875,3.5287469482421874,3.632937418619792,264.65602111816406,272.4703063964844,75,75,0.10419047037760443,-3.5287469482421874,-3.632937418619792,0.10419047037760443,[7938],[4541],[19779],[9086],[19779],[9086],"[""Ġfaster""]","[""Ġquickly""]","[""Ġswift""]","[""Ġrapidly""]","[""Ġswift""]","[""Ġrapidly""]"
237,swords,"The White House said President Bush has approved duty-free treatment for imports of certain types of watches that aren't produced in ""significant quantities"" in the U.S., the Virgin Islands and other U.S. possessions.  

The action came in response to a petition filed by Timex Inc. for changes in the U.S. Generalized System of Preferences for imports from developing nations. Previously, watch imports were denied such duty-free treatment.","The White House stated President Bush has approved duty-free treatment for imports of certain types of watches that aren't produced in ""significant quantities"" in the U.S., the Virgin Islands and other U.S. possessions.  

The action occur in response to a petition filed by Timex Inc. for changes in the U.S. Generalized System of Preferences for imports from developing nations. Previously, watch imports were denied such duty-free treatment.",came,occur,232,236,said,stated,16,20,-4.15625,-2.703125,-6.859375,-16.875,-5.9375,-22.8125,15.953125,-16.125,-6.0,-22.125,15.265625,2.5215162871986307,2.7421158821352067,234.50101470947266,255.01677703857422,93,93,0.220599594936576,-2.5215162871986307,-2.7421158821352067,0.220599594936576,[2210],[753],[2826],[4767],[2826],[4767],"[""Ġcame""]","[""Ġsaid""]","[""Ġoccur""]","[""Ġstated""]","[""Ġoccur""]","[""Ġstated""]"
238,swords,"He also rejected reports that his departure stemmed from disappointment the general manager's post hadn't also led to a board directorship at the London-based news organization.  

Mr. Reupke was one of three executives on Reuters's eight-person executive committee who didn't also serve on the company's board of directors. ""If I were choosing the people of tomorrow, I would have chosen the people who are now on the board,"" he said.","He likewise rejected reports that his departure stemmed from disappointment the general manager's post hadn't also led to a board directorship at the London-based news organization.  

Mr. Reupke was one of three executives on Reuters's eight-person executive committee who didn't also serve on the organization's board of directors. ""If I were choosing the people of tomorrow, I would have chosen the people who are now on the board,"" he said.",company,organization,295,302,also,likewise,3,7,-3.703125,-3.671875,-7.375,-6.125,-9.375,-15.5,8.125,-5.65625,-9.4375,-15.09375,7.71875,3.143660172172215,3.307229415230129,289.21673583984375,304.2651062011719,92,92,0.1635692430579141,-3.143660172172215,-3.307229415230129,0.1635692430579141,[2567],[671],[6003],[21223],[6003],[21223],"[""Ġcompany""]","[""Ġalso""]","[""Ġorganization""]","[""Ġlikewise""]","[""Ġorganization""]","[""Ġlikewise""]"
240,swords,"Other works also have been exceeding price estimates. In part, prices reflect development of a market structure based on such variables as the number of prints. This information used to be poorly documented and largely anecdotal, says Beth Gates-Warren of Sotheby's.","Other works likewise have been exceeding price estimates. In part, prices reflect progression of a market structure based on such variables as the number of prints. This information used to be poorly documented and largely anecdotal, says Beth Gates-Warren of Sotheby's.",development,progression,78,89,also,likewise,12,16,-9.1875,-6.03125,-15.21875,-12.0625,-11.8125,-23.875,8.65625,-12.25,-11.8125,-24.0625,8.84375,3.848901496743256,4.091603620997015,203.99177932739258,216.8549919128418,53,53,0.2427021242537588,-3.848901496743256,-4.091603620997015,0.2427021242537588,[2440],[671],[10005],[21223],[10005],[21223],"[""Ġdevelopment""]","[""Ġalso""]","[""Ġprogression""]","[""Ġlikewise""]","[""Ġprogression""]","[""Ġlikewise""]"
241,swords,"Pretax profit fell 3.7% to #128 million from #133 million and was below analysts' expectations of #130 million to #135 million, but shares rose 6 pence to 388 pence in early trading yesterday in London.  

Reed is paying an interim dividend of 4.6 pence, up 15% from 4 pence a year earlier.  

Sales fell 20% to #722 million.","Pretax earnings fell 3.7% to #128 million from #133 million and was below analysts' expectations of #130 million to #135 million, but shares rose 6 pence to 388 pence in early trading yesterday in London.  

Reed is paying an interim returns of 4.6 pence, up 15% from 4 pence a year earlier.  

Sales fell 20% to #722 million.",dividend,returns,232,240,profit,earnings,7,13,-0.055908203125,-5.78125,-5.837158203125,-13.6875,-6.8125,-20.5,14.662841796875,-13.6875,-6.78125,-20.46875,14.631591796875,2.599100112915039,2.855458402085578,226.1217098236084,248.4248809814453,87,87,0.25635828917053916,-2.599100112915039,-2.855458402085578,0.25635828917053916,[43690],[11528],[6548],[20375],[6548],[20375],"[""Ġdividend""]","[""Ġprofit""]","[""Ġreturns""]","[""Ġearnings""]","[""Ġreturns""]","[""Ġearnings""]"
242,swords,"Pacific First Financial Corp. said shareholders approved its acquisition by Royal Trustco Ltd. of Toronto for $27 a share, or $212 million.  

The thrift holding company said it expects to obtain regulatory approval and complete the transaction by year-end.","Pacific First Financial Corp. stated shareholders okay its acquisition by Royal Trustco Ltd. of Toronto for $27 a share, or $212 million.  

The thrift holding company said it expects to obtain regulatory approval and complete the transaction by year-end.",approved,okay,48,56,said,stated,30,34,-1.375,-4.59375,-5.96875,-7.75,-7.9375,-15.6875,9.71875,-8.375,-7.65625,-16.03125,10.0625,2.7683915358323317,3.167108095609225,143.95635986328125,164.6896209716797,52,52,0.39871655977689313,-2.7683915358323317,-3.167108095609225,0.39871655977689313,[7012],[753],[8261],[4767],[8261],[4767],"[""Ġapproved""]","[""Ġsaid""]","[""Ġokay""]","[""Ġstated""]","[""Ġokay""]","[""Ġstated""]"
244,swords,"A spokesman for the Stamford, Conn.based company said operations had a loss of $5.5 million for the quarter; in addition, the loss was magnified by nonrecurring charges totaling $23.5 million and $8.2 million in asset-valuation adjustments that he described as ""unusual."" The charges were partly offset by a $2 million gain on the sale of investments of two joint ventures, he said.  

Revenue declined 8% to $85.7 million, from $93.3 million a year earlier.","A spokesman for the Stamford, Conn.based company stated operations had a loss of $5.5 million for the quarter; in addition, the loss was magnified by nonrecurring charges totaling $23.5 million and $8.2 million in asset-valuation adjustments that he described as ""unusual."" The charges were partly offset by a $2 million gain on the sale of investments of two united ventures, he said.  

Revenue declined 8% to $85.7 million, from $93.3 million a year earlier.",joint,united,358,363,said,stated,49,53,-5.375,-0.5859375,-5.9609375,-14.625,-6.40625,-21.03125,15.0703125,-14.5625,-6.40625,-20.96875,15.0078125,2.379826512830011,2.605127268824084,276.05987548828125,302.19476318359375,116,116,0.22530075599407295,-2.379826512830011,-2.605127268824084,0.22530075599407295,[6036],[753],[25536],[4767],[25536],[4767],"[""Ġjoint""]","[""Ġsaid""]","[""Ġunited""]","[""Ġstated""]","[""Ġunited""]","[""Ġstated""]"
245,swords,"Don't let
fatigue get to you.

She used the discretion of the mirrored window to secretively survey her crew.
Harmon was an excellent addition to the bridge team, but was she open minded
enough to defy United Earth Command and sever all ties from Earth?","Don't let
fatigue get to you.

She employed the discretion of the mirrored window to secretively examine her crew.
Harmon was an excellent addition to the bridge team, but was she open minded
enough to defy United Earth Command and sever all ties from Earth?",survey,examine,93,99,used,employed,35,39,-6.46875,-6.78125,-13.25,-5.0625,-11.1875,-16.25,3.0,-4.75,-11.1875,-15.9375,2.6875,3.846809895833333,4.013460286458334,230.80859375,240.8076171875,60,60,0.16665039062500053,-3.846809895833333,-4.013460286458334,0.16665039062500053,[6630],[908],[9186],[7091],[9186],[7091],"[""Ġsurvey""]","[""Ġused""]","[""Ġexamine""]","[""Ġemployed""]","[""Ġexamine""]","[""Ġemployed""]"
246,swords,"Her eyes became circles at the idea of being, as she undoubtedly thought it,
                    immortalized by Emil Malaquez. Catching herself, she said casually, ""Oh..."" And
                    then she smiled, laughed loudly at herself in the way that always made me think
                    how much I loved her, and said, ""My God, yes, yes, yes!"" For a perfect moment,
                    Emil and Tasha and I were one entity, laughing until our lungs hurt.","Her eyes became circles at the idea of being, as she doubtless thought it,
                    immortalized by Emil Malaquez. Catching herself, she said casually, ""Oh..."" And
                    then she smiled, laughed loudly at herself in the way that always made me remember
                    how much I loved her, and said, ""My God, yes, yes, yes!"" For a perfect moment,
                    Emil and Tasha and I were one entity, laughing until our lungs hurt.",think,remember,271,276,undoubtedly,doubtless,53,64,-3.625,-10.4375,-14.0625,-7.8125,-11.5,-19.3125,5.25,-8.0,-11.5,-19.5,5.4375,3.323336956547756,3.352516772700291,338.9803695678711,341.9567108154297,102,102,0.029179816152534954,-3.323336956547756,-3.352516772700291,0.029179816152534954,[1158],[25369],[4456],[49654],[4456],[49654],"[""Ġthink""]","[""Ġundoubtedly""]","[""Ġremember""]","[""Ġdoubtless""]","[""Ġremember""]","[""Ġdoubtless""]"
247,swords,"""Has she said as much about me?"" 
                 ""She thinks you are a genius. Do come in.""","""Has she stated as much about me?"" 
                 ""She feel you are a genius. Do come in.""",thinks,feel,56,62,said,stated,9,13,-5.1875,-4.625,-9.8125,-12.1875,-8.3125,-20.5,10.6875,-12.0,-8.375,-20.375,10.5625,4.1848366477272725,5.171875,92.06640625,113.78125,22,22,0.9870383522727275,-4.1848366477272725,-5.171875,0.9870383522727275,[11121],[753],[1928],[4767],[1928],[4767],"[""Ġthinks""]","[""Ġsaid""]","[""Ġfeel""]","[""Ġstated""]","[""Ġfeel""]","[""Ġstated""]"
248,swords,"Stepping into the living room, he said, ""A beautiful house."" 
                 ""I'm glad you came after dark."" 
                 Tasha, by accident or design, had found an innocently erotic posture on the
                    couch, where she lay with a book of M'duvian prints.","Stepping into the living room, he stated, ""A beautiful house."" 
                 ""I'm glad you came after darkness."" 
                 Tasha, by accident or design, had found an innocently erotic posture on the
                    couch, where she lay with a book of M'duvian prints.",dark,darkness,104,108,said,stated,34,38,-6.21875,-5.3125,-11.53125,-10.6875,-9.4375,-20.125,8.59375,-11.0,-9.4375,-20.4375,8.90625,3.9996145925214215,4.17448966733871,247.97610473632812,258.818359375,62,62,0.17487507481728848,-3.9996145925214215,-4.17448966733871,0.17487507481728848,[3644],[753],[13862],[4767],[13862],[4767],"[""Ġdark""]","[""Ġsaid""]","[""Ġdarkness""]","[""Ġstated""]","[""Ġdarkness""]","[""Ġstated""]"
250,swords,"Who said that those
                    who forget the past are doomed to repeat it? I fear that may be true for me. Add
                    this to the reasons I write now: to remember something, perhaps even to learn --","Who stated that those
                    who forget the past are doomed to repeat it? I suspect that may be true for me. Add
                    this to the reasons I write now: to remember something, perhaps even to learn --",fear,suspect,87,91,said,stated,4,8,-5.6875,-6.03125,-11.71875,-6.84375,-9.8125,-16.65625,4.9375,-5.96875,-9.8125,-15.78125,4.0625,3.371238014914773,3.4455094770951704,148.33447265625,151.6024169921875,44,44,0.07427146218039749,-3.371238014914773,-3.4455094770951704,0.07427146218039749,[4709],[753],[9101],[4767],[9101],[4767],"[""Ġfear""]","[""Ġsaid""]","[""Ġsuspect""]","[""Ġstated""]","[""Ġsuspect""]","[""Ġstated""]"
251,swords,"If that was Malaquez's work, it
                    was a very minor effort. But then, I was in no mood to consider art. I only
                    wanted to despise the man who had slept with my lover.","If that was Malaquez's work, it
                    was a really minor effort. But then, I was in no mood to consider artwork. I only
                    wanted to despise the man who had slept with my lover.",art,artwork,116,119,very,really,58,62,-7.625,-2.890625,-10.515625,-10.25,-4.375,-14.625,4.109375,-10.125,-4.40625,-14.53125,4.015625,3.7336001188858696,3.937117866847826,171.74560546875,181.107421875,46,46,0.20351774796195654,-3.7336001188858696,-3.937117866847826,0.20351774796195654,[1445],[1077],[28227],[1663],[28227],[1663],"[""Ġart""]","[""Ġvery""]","[""Ġartwork""]","[""Ġreally""]","[""Ġartwork""]","[""Ġreally""]"
252,swords,"If I am not, I had the perfect mirror
                    for my narcissism. 
                 As for the issue itself, I'm no longer sure what I want to record. The
                    playwright in me wants every scene of our time together.","If I am not, I had the perfect mirror
                    for my narcissism. 
                 As for the issue itself, I'm no longer sure what I desire to write. The
                    playwright in me wants every scene of our time together.",record,write,154,160,want,desire,146,150,-11.0625,-1.6484375,-12.7109375,-4.40625,-6.59375,-11.0,-1.7109375,-4.875,-6.59375,-11.46875,-1.2421875,3.705,3.820908203125,185.25,191.04541015625,50,50,0.11590820312500005,-3.705,-3.820908203125,0.11590820312500005,[1924],[971],[3630],[8327],[3630],[8327],"[""Ġrecord""]","[""Ġwant""]","[""Ġwrite""]","[""Ġdesire""]","[""Ġwrite""]","[""Ġdesire""]"
254,swords,"The spokesman said it is the first early retirement plan offered under its two-year cost-control strategy. Earlier staff-reduction moves have trimmed about 300 jobs, the spokesman said.","The spokesman stated it is the first early retirement plan offered under its two-year cost-control strategy. Earlier employee-reduction moves have trimmed about 300 jobs, the spokesman said.",staff,employee,115,120,said,stated,14,18,-10.375,-0.94921875,-11.32421875,-8.0625,-6.0,-14.0625,2.73828125,-7.6875,-6.0,-13.6875,2.36328125,3.8301060267857143,4.075948660714285,134.0537109375,142.658203125,35,35,0.24584263392857109,-3.8301060267857143,-4.075948660714285,0.24584263392857109,[4750],[753],[8183],[4767],[8183],[4767],"[""Ġstaff""]","[""Ġsaid""]","[""Ġemployee""]","[""Ġstated""]","[""Ġemployee""]","[""Ġstated""]"
255,swords,"I have disguised us in the play, and deleted one brief melodramatic
                    interchange. Now I will mention it, in case I/You decide to restore it. Shortly
                    before she left, Tasha said, ""You steal from life for art, Bernardo.","I have masked us in the play, and deleted one brief melodramatic
                    interchange. Now I will say it, in case I/You decide to restore it. Shortly
                    before she left, Tasha said, ""You steal from life for art, Bernardo.",mention,say,112,119,disguised,masked,7,16,-6.53125,-14.0625,-20.59375,-4.1875,-12.6875,-16.875,-3.71875,-4.125,-12.6875,-16.8125,-3.78125,4.355199353448276,4.401450321592134,252.6015625,255.28411865234375,58,58,0.046250968143858096,-4.355199353448276,-4.401450321592134,0.046250968143858096,[3748],[49932],[1333],[34741],[1333],[34741],"[""Ġmention""]","[""Ġdisguised""]","[""Ġsay""]","[""Ġmasked""]","[""Ġsay""]","[""Ġmasked""]"
256,swords,"""Ah, she is wonderfully perceptive."" 
                 He raised an eyebrow, then guffawed. ""Has she said as much about me?""","""Ah, she is wonderfully perceptive."" 
                 He lift an eyebrow, then guffawed. ""Has she stated as much about me?""",raised,lift,58,64,said,stated,101,105,-5.3125,-5.9375,-11.25,-11.3125,-9.375,-20.6875,9.4375,-11.3125,-9.25,-20.5625,9.3125,3.6708900188577585,4.203360721982759,106.455810546875,121.8974609375,29,29,0.5324707031250004,-3.6708900188577585,-4.203360721982759,0.5324707031250004,[5439],[753],[8488],[4767],[8488],[4767],"[""Ġraised""]","[""Ġsaid""]","[""Ġlift""]","[""Ġstated""]","[""Ġlift""]","[""Ġstated""]"
257,swords,"Integra-A Hotel & Restaurant Co. said its planned rights offering to raise about $9 million was declared effective and the company will begin mailing materials to shareholders at the end of this week.  

Under the offer, shareholders will receive one right for each 105 common shares owned.","Integra-A Hotel & Restaurant Co. stated its planned rights offering to raise about $9 million was assert effective and the company will begin mailing materials to shareholders at the end of this week.  

Under the offer, shareholders will receive one right for each 105 common shares owned.",declared,assert,96,104,said,stated,33,37,-7.90625,-9.5,-17.40625,-21.25,-11.75,-33.0,15.59375,-19.75,-11.6875,-31.4375,14.03125,3.1613507187157346,3.688716955352248,180.19699096679688,210.25686645507812,57,57,0.5273662366365133,-3.1613507187157346,-3.688716955352248,0.5273662366365133,[8884],[753],[4138],[4767],[4138],[4767],"[""Ġdeclared""]","[""Ġsaid""]","[""Ġassert""]","[""Ġstated""]","[""Ġassert""]","[""Ġstated""]"
258,swords,"A spokesman for the Stamford, Conn.based company said operations had a loss of $5.5 million for the quarter; in addition, the loss was magnified by nonrecurring charges totaling $23.5 million and $8.2 million in asset-valuation adjustments that he described as ""unusual."" The charges were partly offset by a $2 million gain on the sale of investments of two joint ventures, he said.  

Revenue declined 8% to $85.7 million, from $93.3 million a year earlier.","A spokesman for the Stamford, Conn.based company stated operations had a loss of $5.5 million for the quarter; in addition, the loss was magnified by nonrecurring charges totaling $23.5 million and $8.2 million in asset-valuation adjustments that he described as ""unusual."" The charges were partly offset by a $2 million gain on the sale of investments of two merged ventures, he said.  

Revenue declined 8% to $85.7 million, from $93.3 million a year earlier.",joint,merged,358,363,said,stated,49,53,-5.375,-0.5859375,-5.9609375,-10.75,-6.40625,-17.15625,11.1953125,-10.6875,-6.40625,-17.09375,11.1328125,2.379826512830011,2.5506123509900323,276.05987548828125,295.87103271484375,116,116,0.17078583816002135,-2.379826512830011,-2.5506123509900323,0.17078583816002135,[6036],[753],[21884],[4767],[21884],[4767],"[""Ġjoint""]","[""Ġsaid""]","[""Ġmerged""]","[""Ġstated""]","[""Ġmerged""]","[""Ġstated""]"
259,swords,"""Has she said as much about me?"" 
                 ""She thinks you are a genius. Do come in.""","""Has she stated as much about me?"" 
                 ""She reason you are a genius. Do come in.""",thinks,reason,56,62,said,stated,9,13,-5.1875,-4.625,-9.8125,-14.75,-8.3125,-23.0625,13.25,-14.3125,-8.375,-22.6875,12.875,4.1848366477272725,5.303267045454546,92.06640625,116.671875,22,22,1.1184303977272734,-4.1848366477272725,-5.303267045454546,1.1184303977272734,[11121],[753],[1921],[4767],[1921],[4767],"[""Ġthinks""]","[""Ġsaid""]","[""Ġreason""]","[""Ġstated""]","[""Ġreason""]","[""Ġstated""]"
260,swords,"10 as the deadline for the receipt of any competing bids. DD Acquisition said the extension is to allow this process to be completed. Dunkin' is based in Randolph, Mass.","10 as the deadline for the receipt of any competing bids. DD Acquisition stated the extension is to allow this case to be completed. Dunkin' is based in Randolph, Mass.",process,case,109,116,said,stated,73,77,-2.953125,-5.125,-8.078125,-7.15625,-8.125,-15.28125,7.203125,-7.125,-8.125,-15.25,7.171875,3.7075063344594597,4.053776921452703,137.177734375,149.98974609375,37,37,0.346270586993243,-3.7075063344594597,-4.053776921452703,0.346270586993243,[1232],[753],[1083],[4767],[1083],[4767],"[""Ġprocess""]","[""Ġsaid""]","[""Ġcase""]","[""Ġstated""]","[""Ġcase""]","[""Ġstated""]"
261,swords,"Meridian National Corp. said it sold 750,000 shares of its common stock to the McAlpine family interests, for $1 million, or $1.35 a share. The sale represents 10.2% of Meridian's shares outstanding.  

The McAlpine family, which operates a number of multinational companies, including a London-based engineering and construction company, also lent to Meridian National $500,000.","Meridian National Corp. stated it sold 750,000 shares of its common stock to the McAlpine family interests, for $1 million, or $1.35 a share. The sale represents 10.2% of Meridian's shares remaining.  

The McAlpine family, which operates a number of multinational companies, including a London-based engineering and construction company, also lent to Meridian National $500,000.",outstanding,remaining,187,198,said,stated,24,28,-0.0908203125,-6.34375,-6.4345703125,-8.375,-8.3125,-16.6875,10.2529296875,-8.1875,-8.625,-16.8125,10.3779296875,2.514335610893335,2.7037713554468046,223.77586936950684,240.63565063476562,89,89,0.18943574455346956,-2.514335610893335,-2.7037713554468046,0.18943574455346956,[16383],[753],[5780],[4767],[5780],[4767],"[""Ġoutstanding""]","[""Ġsaid""]","[""Ġremaining""]","[""Ġstated""]","[""Ġremaining""]","[""Ġstated""]"
262,swords,"I do not plan to write a book: this narrative must move more quickly. Tasha and
                    I became lovers that evening, after a good dinner of paella at her apartment. I
                    made some small joke afterward, about approving of her firm's business
                    incentives, and she cried.","I do not plan to compose a book: this narrative must move more quickly. Tasha and
                    I became lovers that evening, after a tasty dinner of paella at her apartment. I
                    made some small joke afterward, about approving of her firm's business
                    incentives, and she cried.",good,tasty,138,142,write,compose,17,22,-5.125,-4.28125,-9.40625,-11.125,-9.75,-20.875,11.46875,-11.0625,-9.75,-20.8125,11.40625,4.037338014632937,4.163124689980159,254.352294921875,262.27685546875,63,63,0.12578667534722232,-4.037338014632937,-4.163124689980159,0.12578667534722232,[1175],[3630],[36766],[38530],[36766],[38530],"[""Ġgood""]","[""Ġwrite""]","[""Ġtasty""]","[""Ġcompose""]","[""Ġtasty""]","[""Ġcompose""]"
263,swords,"The publishers in Monterrey command no battalions, but they agreed to express their outrage with editorials in today's editions.
Many will use a common editorial.
A final statement yesterday said: ""While some advances are being made in nations throughout the hemisphere, the state of press freedom in the Americas still must be regarded as grim as long as journalists and their families are subject to the crudest form of censorship: death by assassination.""","The publishers in Monterrey command no battalions, but they agreed to express their outrage with editorials in today's editions.
Many will use a customary editorial.
A last statement yesterday said: ""While some advances are being made in nations throughout the hemisphere, the state of press freedom in the Americas still must be regarded as grim as long as journalists and their families are subject to the crudest form of censorship: death by assassination.""",common,customary,145,151,final,last,165,170,-5.25,-6.6875,-11.9375,-10.3125,-7.5,-17.8125,5.875,-10.3125,-7.03125,-17.34375,5.40625,3.7111480712890623,3.820571560329861,334.0033264160156,343.8514404296875,90,90,0.10942348904079857,-3.7111480712890623,-3.820571560329861,0.10942348904079857,[1846],[2457],[35629],[1390],[35629],[1390],"[""Ġcommon""]","[""Ġfinal""]","[""Ġcustomary""]","[""Ġlast""]","[""Ġcustomary""]","[""Ġlast""]"
264,swords,"He added, ""This has nothing to do with Marty Ackerman and it is not designed, particularly, to take the company private.""  

But Mr. Ackerman said the buy-back, and the above-market price paid, prove that Mr. Edelman is running scared.","He added, ""This has nothing to do with Marty Ackerman and it is not designed, especially, to take the company private.""  

But Mr. Ackerman said the buy-back, and the above-market price paid, verify that Mr. Edelman is running scared.",prove,verify,194,199,particularly,especially,78,90,-7.4375,-8.3125,-15.75,-11.75,-7.25,-19.0,3.25,-11.6875,-7.34375,-19.03125,3.28125,3.3916361490885416,3.5219581604003904,203.4981689453125,211.31748962402344,60,60,0.13032201131184884,-3.3916361490885416,-3.5219581604003904,0.13032201131184884,[5276],[3782],[12654],[3340],[12654],[3340],"[""Ġprove""]","[""Ġparticularly""]","[""Ġverify""]","[""Ġespecially""]","[""Ġverify""]","[""Ġespecially""]"
265,swords,"Integra-A Hotel & Restaurant Co. said its planned rights offering to raise about $9 million was declared effective and the company will begin mailing materials to shareholders at the end of this week.  

Under the offer, shareholders will receive one right for each 105 common shares owned.","Integra-A Hotel & Restaurant Co. stated its planned rights offering to raise about $9 million was deem effective and the company will begin mailing materials to shareholders at the end of this week.  

Under the offer, shareholders will receive one right for each 105 common shares owned.",declared,deem,96,104,said,stated,33,37,-7.90625,-9.5,-17.40625,-15.6875,-11.75,-27.4375,10.03125,-14.875,-11.6875,-26.5625,9.15625,3.1613507187157346,3.540597212942023,180.19699096679688,201.8140411376953,57,57,0.37924649422628853,-3.1613507187157346,-3.540597212942023,0.37924649422628853,[8884],[753],[43413],[4767],[43413],[4767],"[""Ġdeclared""]","[""Ġsaid""]","[""Ġdeem""]","[""Ġstated""]","[""Ġdeem""]","[""Ġstated""]"
266,swords,"DD Acquisition has launched a suit in a Delaware court seeking the withdrawal of Dunkin's poison pill rights and employee stock ownership plans, which it claims were put in place to deter bidders.  

DD Acquisition said 2.2 million shares, or about 38.","DD Acquisition has launched a suit in a Delaware court trying the withdrawal of Dunkin's poison pill rights and employee stock ownership plans, which it claims were put in place to deter bidders.  

DD Acquisition disclose 2.2 million shares, or about 38.",said,disclose,215,219,seeking,trying,55,62,-3.65625,-3.28125,-6.9375,-14.6875,-7.40625,-22.09375,15.15625,-14.625,-7.46875,-22.09375,15.15625,3.33218276709841,3.778646101031387,189.93441772460938,215.38282775878906,57,57,0.4464633339329769,-3.33218276709841,-3.778646101031387,0.4464633339329769,[753],[8445],[17611],[2820],[17611],[2820],"[""Ġsaid""]","[""Ġseeking""]","[""Ġdisclose""]","[""Ġtrying""]","[""Ġdisclose""]","[""Ġtrying""]"
267,swords,"5% of the shares outstanding, have been tendered under its offer. The partners said they already hold 15% of all shares outstanding.  

Dunkin' has set Nov.","5% of the shares outstanding, have been tendered under its offer. The partners stated they currently hold 15% of all shares outstanding.  

Dunkin' has set Nov.",already,currently,89,96,said,stated,79,83,-7.3125,-4.5625,-11.875,-6.96875,-6.0625,-13.03125,1.15625,-6.90625,-6.0625,-12.96875,1.09375,3.394687853361431,3.4953765869140625,128.99813842773438,132.82431030273438,38,38,0.10068873355263142,-3.394687853361431,-3.4953765869140625,0.10068873355263142,[2168],[753],[4390],[4767],[4390],[4767],"[""Ġalready""]","[""Ġsaid""]","[""Ġcurrently""]","[""Ġstated""]","[""Ġcurrently""]","[""Ġstated""]"
271,swords,"My mindsmith is not
                    so understanding. She says I am emotionally a child, to which I reply, ""Of
                    course. Why else would I come to you?""","My mindsmith is not
                    so understanding. She tell I am emotionally a child, to which I respond, ""Of
                    course. Why else would I come to you?""",says,tell,62,66,reply,respond,104,109,-3.515625,-2.015625,-5.53125,-10.25,-2.71875,-12.96875,7.4375,-10.1875,-2.953125,-13.140625,7.609375,3.6084187825520835,4.033067491319445,129.903076171875,145.1904296875,36,36,0.42464870876736116,-3.6084187825520835,-4.033067491319445,0.42464870876736116,[2296],[12252],[2028],[3794],[2028],[3794],"[""Ġsays""]","[""Ġreply""]","[""Ġtell""]","[""Ġrespond""]","[""Ġtell""]","[""Ġrespond""]"
272,swords,"The spokesman said it is the first early retirement plan offered under its two-year cost-control strategy. Earlier staff-reduction moves have trimmed about 300 jobs, the spokesman said.","The spokesman stated it is the first early retirement plan offered under its two-year cost-control strategy. Earlier personnel-reduction moves have trimmed about 300 jobs, the spokesman said.",staff,personnel,115,120,said,stated,14,18,-10.375,-0.94921875,-11.32421875,-11.8125,-6.0,-17.8125,6.48828125,-11.1875,-6.0,-17.1875,5.86328125,3.8301060267857143,4.069684709821429,134.0537109375,142.43896484375,35,35,0.2395786830357145,-3.8301060267857143,-4.069684709821429,0.2395786830357145,[4750],[753],[11570],[4767],[11570],[4767],"[""Ġstaff""]","[""Ġsaid""]","[""Ġpersonnel""]","[""Ġstated""]","[""Ġpersonnel""]","[""Ġstated""]"
273,swords,"I
                    have been re-reading all our favorite books -- 
                 But neither of us care to dwell on such boring subjects, do we? 
                 I want to pick up with Tasha and me walking about The Sleeping Flamingo, and
                    then, for the sake of literary convenience, to say that from a corner of the
                    yard I saw a neighboring house, and the sight filled me with darkest
                    forebodings.","I
                    have been re-reading all our favorite books -- 
                 But neither of us care to dwell on such dull topic, do we? 
                 I want to pick up with Tasha and me walking about The Sleeping Flamingo, and
                    then, for the sake of literary convenience, to say that from a corner of the
                    yard I saw a neighboring house, and the sight filled me with darkest
                    forebodings.",subjects,topic,134,142,boring,dull,127,133,-3.671875,-7.09375,-10.765625,-7.21875,-5.6875,-12.90625,2.140625,-7.46875,-5.71875,-13.1875,2.421875,3.855700421076949,3.9069656864289315,358.58013916015625,363.3478088378906,93,93,0.0512652653519825,-3.855700421076949,-3.9069656864289315,0.0512652653519825,[5705],[22258],[9400],[22544],[9400],[22544],"[""Ġsubjects""]","[""Ġboring""]","[""Ġtopic""]","[""Ġdull""]","[""Ġtopic""]","[""Ġdull""]"
274,swords,"DD Acquisition has launched a suit in a Delaware court seeking the withdrawal of Dunkin's poison pill rights and employee stock ownership plans, which it claims were put in place to deter bidders.  

DD Acquisition said 2.2 million shares, or about 38.","DD Acquisition has launched a suit in a Delaware court trying the withdrawal of Dunkin's poison pill rights and employee stock ownership plans, which it claims were put in place to deter bidders.  

DD Acquisition claim 2.2 million shares, or about 38.",said,claim,215,219,seeking,trying,55,62,-3.65625,-3.28125,-6.9375,-8.1875,-7.40625,-15.59375,8.65625,-7.84375,-7.46875,-15.3125,8.375,3.33218276709841,3.6940792150664747,189.93441772460938,210.56251525878906,57,57,0.36189644796806464,-3.33218276709841,-3.6940792150664747,0.36189644796806464,[753],[8445],[1750],[2820],[1750],[2820],"[""Ġsaid""]","[""Ġseeking""]","[""Ġclaim""]","[""Ġtrying""]","[""Ġclaim""]","[""Ġtrying""]"
275,swords,"(I do
                    not remember any of this well, just now, nor do I care to. Those who are truly
                    curious may look at the last act of ""Captured Moments."") I remember suggesting,
                    with characteristic tact, that she add Emil to her small list of major
                    accomplishments.","(I do
                    not recall any of this well, just now, nor do I care to. Those who are truly
                    curious may look at the closing act of ""Captured Moments."") I remember suggesting,
                    with characteristic tact, that she add Emil to her small list of major
                    accomplishments.",last,closing,149,153,remember,recall,30,38,-6.0625,-5.5,-11.5625,-9.6875,-7.25,-16.9375,5.375,-9.6875,-7.25,-16.9375,5.375,3.7870357900426006,3.829607092815897,261.30546951293945,264.2428894042969,69,69,0.04257130277329635,-3.7870357900426006,-3.829607092815897,0.04257130277329635,[1390],[4456],[11196],[6983],[11196],[6983],"[""Ġlast""]","[""Ġremember""]","[""Ġclosing""]","[""Ġrecall""]","[""Ġclosing""]","[""Ġrecall""]"
277,swords,"""Tell her I love her."" 
                 He studied me, then said, ""I'm sorry things happened this way, Bernardo. I
                    didn't anticipate last night --""","""Tell her I love her."" 
                 He analyze me, then stated, ""I'm sorry things happened this way, Bernardo. I
                    didn't anticipate last night --""",studied,analyze,44,51,said,stated,61,65,-9.0625,-2.9375,-12.0,-16.875,-7.9375,-24.8125,12.8125,-16.875,-8.375,-25.25,13.25,3.916614223170925,4.444117365656672,144.91472625732422,164.43234252929688,37,37,0.5275031424857475,-3.916614223170925,-4.444117365656672,0.5275031424857475,[5421],[753],[12106],[4767],[12106],[4767],"[""Ġstudied""]","[""Ġsaid""]","[""Ġanalyze""]","[""Ġstated""]","[""Ġanalyze""]","[""Ġstated""]"
280,swords,"Tasha and I walked through The Sleeping Flamingo together, and I decided
                    to buy it. Then -- 
            
            
                 This is not easy.","Tasha and I walked through The Sleeping Flamingo together, and I determined
                    to buy it. Suddenly -- 
            
            
                 This is not easy.",Then,Suddenly,104,108,decided,determined,65,72,-4.875,-5.0,-9.875,-8.6875,-9.75,-18.4375,8.5625,-8.25,-9.75,-18.0,8.125,4.208370535714286,4.4717633928571425,147.29296875,156.51171875,35,35,0.26339285714285676,-4.208370535714286,-4.4717633928571425,0.26339285714285676,[2635],[4425],[34399],[3413],[34399],[3413],"[""ĠThen""]","[""Ġdecided""]","[""ĠSuddenly""]","[""Ġdetermined""]","[""ĠSuddenly""]","[""Ġdetermined""]"
281,swords,"Valley Federal also added $18 million to realestate loan reserves and eliminated $9.9 million of good will.  

The thrift said that ""after these charges and assuming no dramatic fluctuation in interest rates, the association expects to achieve near record earnings in 1990.""  

Valley Federal is currently being examined by regulators.","Valley Federal likewise added $18 million to realestate loan reserves and eliminated $9.9 million of good will.  

The thrift said that ""after these charges and expect no dramatic fluctuation in interest rates, the association expects to achieve near record earnings in 1990.""  

Valley Federal is currently being examined by regulators.",assuming,expect,157,165,also,likewise,15,19,-8.1875,-7.25,-15.4375,-11.8125,-12.5625,-24.375,8.9375,-12.3125,-12.5,-24.8125,9.375,3.6610607202502266,3.8801994876585146,252.61318969726562,267.7337646484375,69,69,0.21913876740828808,-3.6610607202502266,-3.8801994876585146,0.21913876740828808,[7384],[671],[1902],[21223],[1902],[21223],"[""Ġassuming""]","[""Ġalso""]","[""Ġexpect""]","[""Ġlikewise""]","[""Ġexpect""]","[""Ġlikewise""]"
282,swords,"""The critics liked it."" 
                 ""I'm glad."" A moment later: ""That's not why I called him 'Emil'.""","""The critics liked it."" 
                 ""I'm pleased."" A minute later: ""That's not why I called him 'Emil'.""",glad,pleased,47,51,moment,minute,56,62,-2.6875,-5.0625,-7.75,-5.6875,-6.96875,-12.65625,4.90625,-5.6875,-6.90625,-12.59375,4.84375,3.9697265625,4.123186383928571,111.15234375,115.44921875,28,28,0.15345982142857117,-3.9697265625,-4.123186383928571,0.15345982142857117,[9995],[2774],[13864],[7017],[13864],[7017],"[""Ġglad""]","[""Ġmoment""]","[""Ġpleased""]","[""Ġminute""]","[""Ġpleased""]","[""Ġminute""]"
285,swords,"Dunkin' is based in Randolph, Mass. Cara, a food services chain operator and Unicorp, a holding company, are based in Toronto.","Dunkin' is founded in Randolph, Mass. Cara, a food services chain operator and Unicorp, a holding group, are based in Toronto.",company,group,96,103,based,founded,11,16,-0.11669921875,-6.84375,-6.96044921875,-3.984375,-8.875,-12.859375,5.89892578125,-4.125,-8.875,-13.0,6.03955078125,3.633148193359375,4.1175537109375,116.2607421875,131.76171875,32,32,0.484405517578125,-3.633148193359375,-4.1175537109375,0.484405517578125,[2567],[1754],[1387],[11420],[1387],[11420],"[""Ġcompany""]","[""Ġbased""]","[""Ġgroup""]","[""Ġfounded""]","[""Ġgroup""]","[""Ġfounded""]"
286,swords,"""I'm very good at making things happen this way. But if Tasha will forgive me
                    --"" 
                 He nodded, repeated, ""I am sorry,"" then slipped into the next room.","""I'm really good at making things happen this way. But if Tasha will pardon me
                    --"" 
                 He nodded, repeated, ""I am sorry,"" then slipped into the next room.",forgive,pardon,67,74,very,really,5,9,-5.03125,-3.71875,-8.75,-7.78125,-4.0625,-11.84375,3.09375,-7.90625,-4.09375,-12.0,3.25,4.202783203125,4.2546142578125,168.111328125,170.1845703125,40,40,0.05183105468750071,-4.202783203125,-4.2546142578125,0.05183105468750071,[23697],[1077],[34030],[1663],[34030],[1663],"[""Ġforgive""]","[""Ġvery""]","[""Ġpardon""]","[""Ġreally""]","[""Ġpardon""]","[""Ġreally""]"
287,swords,"She used the discretion of the mirrored window to secretively survey her crew.
Harmon was an excellent addition to the bridge team, but was she open minded
enough to defy United Earth Command and sever all ties from Earth? She watched
the psi bob her head, unaware of the rest of the bridge, shaking blonde curls as
she chattered away with the approaching psi relay on Mason's ship.","She employed the discretion of the mirrored window to secretively survey her crew.
Harmon was an excellent addition to the bridge squad, but was she open minded
enough to defy United Earth Command and sever all ties from Earth? She watched
the psi bob her head, unaware of the rest of the bridge, shaking blonde curls as
she chattered away with the approaching psi relay on Mason's ship.",team,squad,126,130,used,employed,4,8,-2.0,-6.90625,-8.90625,-8.3125,-10.625,-18.9375,10.03125,-7.96875,-10.6875,-18.65625,9.75,4.2093586538029815,4.314307728032956,366.2142028808594,375.3447723388672,87,87,0.10494907422997457,-4.2093586538029815,-4.314307728032956,0.10494907422997457,[2285],[908],[13487],[7091],[13487],[7091],"[""Ġteam""]","[""Ġused""]","[""Ġsquad""]","[""Ġemployed""]","[""Ġsquad""]","[""Ġemployed""]"
288,swords,"Any crew member that would
jeopardize the project was meat. It would be a shame to lose that talent,
though.

Rakal, her first officer, was staring pensively at his panel.","Any crew member that would
jeopardize the project was meat. It would be a disgrace to lose that gift,
though.

Rakal, her first officer, was staring pensively at his panel.",talent,gift,93,99,shame,disgrace,74,79,-5.78125,-3.609375,-9.390625,-8.5,-5.0625,-13.5625,4.171875,-8.9375,-5.125,-14.0625,4.671875,3.654940518465909,3.8854203657670454,160.8173828125,170.95849609375,44,44,0.23047984730113624,-3.654940518465909,-3.8854203657670454,0.23047984730113624,[12816],[14816],[9140],[40655],[9140],[40655],"[""Ġtalent""]","[""Ġshame""]","[""Ġgift""]","[""Ġdisgrace""]","[""Ġgift""]","[""Ġdisgrace""]"
289,swords,"I stand up, I walk around, I pretend someone makes a vid about
                    a writer and I must enact every cliche. I cannot decide what's important. But I
                    have learned something: writing trivializes.","I stand up, I walk around, I pretend somebody makes a vid about
                    a writer and I must enact every cliche. I cannot conclude what's important. But I
                    have learned something: writing trivializes.",decide,conclude,132,138,someone,somebody,37,44,-6.875,-7.875,-14.75,-10.8125,-9.625,-20.4375,5.6875,-10.8125,-9.625,-20.4375,5.6875,4.350146484375,4.584281412760417,195.756591796875,206.29266357421875,45,45,0.2341349283854166,-4.350146484375,-4.584281412760417,0.2341349283854166,[7617],[3095],[7525],[11853],[7525],[11853],"[""Ġdecide""]","[""Ġsomeone""]","[""Ġconclude""]","[""Ġsomebody""]","[""Ġconclude""]","[""Ġsomebody""]"
290,swords,"And then, because a
                    playwright cannot resist a promising line, I said, ""Your Sleeping Flamingo
                    should be put to sleep."" 
                 To say her face fell would do a disservice to Tasha and to literature. (Allow me
                    my self-indulgences as you would those of a dying man -- when I convince my
                    mindsmith to permit the wipe, there will be another Bernardo Flynn, one who
                    knows no more of Tasha Cortez or Vega IV than he reads here.)","And then, because a
                    playwright cannot resist a promising line, I stated, ""Your Sleeping Flamingo
                    should be put to sleep."" 
                 To declare her face fell would do a disservice to Tasha and to literature. (Allow me
                    my self-indulgences as you would those of a dying man -- when I convince my
                    mindsmith to permit the wipe, there will be another Bernardo Flynn, one who
                    knows no more of Tasha Cortez or Vega IV than he reads here.)",say,declare,181,184,said,stated,85,89,-4.375,-4.0625,-8.4375,-9.8125,-9.6875,-19.5,11.0625,-9.625,-9.6875,-19.3125,10.875,4.062173594599185,4.244889765200408,467.14996337890625,488.1623229980469,115,115,0.18271617060122303,-4.062173594599185,-4.244889765200408,0.18271617060122303,[1333],[753],[11165],[4767],[11165],[4767],"[""Ġsay""]","[""Ġsaid""]","[""Ġdeclare""]","[""Ġstated""]","[""Ġdeclare""]","[""Ġstated""]"
291,swords,"We walked through his house in silence. It was as attractive and as impersonal
                    as a decorator could arrange for tenants of unknown taste. A tall, narrow
                    stopbox stood in the center of one room; sand trickled forever downward while
                    beads of water splashed across the sand's path.","We walked through his house in silence. It was as attractive and as impersonal
                    as a decorator could organize for tenants of unknown taste. A tall, narrow
                    stopbox stood in the middle of one room; sand trickled forever downward while
                    beads of water splashed across the sand's path.",arrange,organize,120,127,center,middle,214,220,-4.3125,-1.9375,-6.25,-8.75,-0.93359375,-9.68359375,3.43359375,-8.6875,-0.9921875,-9.6796875,3.4296875,4.034353314024029,4.071688334147136,266.26731872558594,268.73143005371094,66,66,0.03733502012310641,-4.034353314024029,-4.071688334147136,0.03733502012310641,[23240],[4055],[23968],[4766],[23968],[4766],"[""Ġarrange""]","[""Ġcenter""]","[""Ġorganize""]","[""Ġmiddle""]","[""Ġorganize""]","[""Ġmiddle""]"
292,swords,"A spokesman for the Toronto cable television and telecommunications concern said the coupon rate hasn't yet been fixed, but will probably be set at around 8%. He declined to discuss other terms of the issue.","A spokesman for the Toronto cable television and telecommunications concern stated the coupon rate hasn't yet been fixed, but will probably be set at around 8%. He refuse to discuss other terms of the issue.",declined,refuse,162,170,said,stated,76,80,-2.859375,-1.0078125,-3.8671875,-16.125,-5.625,-21.75,17.8828125,-14.4375,-5.625,-20.0625,16.1953125,3.323460629111842,3.780350534539474,126.29150390625,143.6533203125,38,38,0.45688990542763186,-3.323460629111842,-3.780350534539474,0.45688990542763186,[13072],[753],[16410],[4767],[16410],[4767],"[""Ġdeclined""]","[""Ġsaid""]","[""Ġrefuse""]","[""Ġstated""]","[""Ġrefuse""]","[""Ġstated""]"
294,swords,"But knowing this did not mean I wanted it. 
                 I said, ""Truthfully."" It was the statement of a younger and crueler man than I.","But knowing this did not mean I desired it. 
                 I disclose, ""Truthfully."" It was the statement of a younger and crueler man than I.",said,disclose,63,67,wanted,desired,32,38,-5.125,-4.0625,-9.1875,-14.8125,-8.0,-22.8125,13.625,-13.125,-8.0625,-21.1875,12.0,3.6029829545454546,4.110795454545454,118.8984375,135.65625,33,33,0.5078124999999996,-3.6029829545454546,-4.110795454545454,0.5078124999999996,[753],[3078],[17611],[6799],[17611],[6799],"[""Ġsaid""]","[""Ġwanted""]","[""Ġdisclose""]","[""Ġdesired""]","[""Ġdisclose""]","[""Ġdesired""]"
295,swords,"""Results, Harmon?"" she suppressed the surge of annoyance that ran through her as
she contemplated the psi's gift of getting all the hot news first.

Harmon's face slowly animated - joy sweeping in to replace stern concentration.","""Results, Harmon?"" she repressed the surge of annoyance that ran through her as
she contemplated the psi's gift of gain all the hot news first.

Harmon's face slowly animated - joy sweeping in to replace stern concentration.",getting,gain,116,123,suppressed,repressed,23,33,-9.0,-12.3125,-21.3125,-10.0,-14.0,-24.0,2.6875,-9.9375,-14.0,-23.9375,2.625,4.723619384765625,5.1062109375,236.18096923828125,255.310546875,50,50,0.3825915527343753,-4.723619384765625,-5.1062109375,0.3825915527343753,[2970],[16013],[6351],[47960],[6351],[47960],"[""Ġgetting""]","[""Ġsuppressed""]","[""Ġgain""]","[""Ġrepressed""]","[""Ġgain""]","[""Ġrepressed""]"
296,swords,"Malaquez was not prepared for me to
                    react so quickly, or perhaps he waited too long for an expression I would not
                    have, a gesture I would not make, a poignant moment of repentence, wonder,
                    despair, or love. Had he been faster, he could have had rage. I threw a chair at
                    him.","Malaquez was not prepared for me to
                    react so rapidly, or perhaps he waited too long for an expression I would not
                    have, a gesture I would not make, a poignant moment of repentence, wonder,
                    despair, or love. Had he been quick, he could have had rage. I threw a chair at
                    him.",faster,quick,279,285,quickly,rapidly,65,72,-7.21875,-2.53125,-9.75,-6.46875,-6.625,-13.09375,3.34375,-6.1875,-6.59375,-12.78125,3.03125,3.5287469482421874,3.591622314453125,264.65602111816406,269.3716735839844,75,75,0.06287536621093759,-3.5287469482421874,-3.591622314453125,0.06287536621093759,[7938],[4541],[3158],[9086],[3158],[9086],"[""Ġfaster""]","[""Ġquickly""]","[""Ġquick""]","[""Ġrapidly""]","[""Ġquick""]","[""Ġrapidly""]"
297,swords,"You think I sleep with every famous
                    person I meet?"" 
                 As you may have guessed, we had talked about such things. I do not claim ours
                    was a perfect affair, only a wonderful one.","You believe I sleep with every famous
                    person I meet?"" 
                 As you may have suppose, we had talked about such things. I do not claim ours
                    was a perfect affair, only a wonderful one.",guessed,suppose,106,113,think,believe,4,9,-0.62890625,-5.34375,-5.97265625,-11.75,-6.75,-18.5,12.52734375,-11.6875,-6.71875,-18.40625,12.43359375,3.6942027698863638,4.0153586647727275,162.544921875,176.67578125,44,44,0.32115589488636376,-3.6942027698863638,-4.0153586647727275,0.32115589488636376,[30346],[1158],[9428],[2868],[9428],[2868],"[""Ġguessed""]","[""Ġthink""]","[""Ġsuppose""]","[""Ġbelieve""]","[""Ġsuppose""]","[""Ġbelieve""]"
298,swords,"The other concern wasn't identified.  

Ratners's chairman, Gerald Ratner, said the deal remains of ""substantial benefit to Ratners."" In London at mid-afternoon yesterday, Ratners's shares were up 2 pence (1.26 cents), at 260 pence ($1.64).","The other concern wasn't identified.  

Ratners's chairman, Gerald Ratner, stated the deal remains of ""substantial aid to Ratners."" In London at mid-afternoon yesterday, Ratners's shares were up 2 pence (1.26 cents), at 260 pence ($1.64).",benefit,aid,113,120,said,stated,75,79,-2.59375,-2.421875,-5.015625,-11.375,-7.25,-18.625,13.609375,-11.0,-7.25,-18.25,13.234375,3.461406980242048,3.7330941699800038,218.06863975524902,235.18493270874023,63,63,0.2716871897379556,-3.461406980242048,-3.7330941699800038,0.2716871897379556,[5649],[753],[8596],[4767],[8596],[4767],"[""Ġbenefit""]","[""Ġsaid""]","[""Ġaid""]","[""Ġstated""]","[""Ġaid""]","[""Ġstated""]"
299,swords,"I have disguised us in the play, and deleted one brief melodramatic
                    interchange. Now I will mention it, in case I/You decide to restore it. Shortly
                    before she left, Tasha said, ""You steal from life for art, Bernardo.","I have masked us in the play, and deleted one brief melodramatic
                    interchange. Now I will reveal it, in case I/You decide to restore it. Shortly
                    before she left, Tasha said, ""You steal from life for art, Bernardo.",mention,reveal,112,119,disguised,masked,7,16,-6.53125,-14.0625,-20.59375,-4.4375,-12.6875,-17.125,-3.46875,-4.875,-12.6875,-17.5625,-3.03125,4.355199353448276,4.400406409954202,252.6015625,255.22357177734375,58,58,0.0452070565059266,-4.355199353448276,-4.400406409954202,0.0452070565059266,[3748],[49932],[10313],[34741],[10313],[34741],"[""Ġmention""]","[""Ġdisguised""]","[""Ġreveal""]","[""Ġmasked""]","[""Ġreveal""]","[""Ġmasked""]"
301,swords,"I
                    haven't socialized with hardly anyone for hardly any of my life! And I invite a
                    neighbor, one nice, lonely man --"" 
                 ""I'm sorry.""","I
                    haven't socialized with barely anyone for hardly any of my life! And I invite a
                    neighbor, one nice, lonely individual --"" 
                 ""I'm sorry.""",man,individual,149,152,hardly,barely,46,52,-3.3125,-10.5,-13.8125,-5.84375,-12.375,-18.21875,4.40625,-5.875,-12.375,-18.25,4.4375,4.635898687900641,4.834372495993589,180.800048828125,188.54052734375,39,39,0.198473808092948,-4.635898687900641,-4.834372495993589,0.198473808092948,[637],[10693],[2060],[12345],[2060],[12345],"[""Ġman""]","[""Ġhardly""]","[""Ġindividual""]","[""Ġbarely""]","[""Ġindividual""]","[""Ġbarely""]"
302,swords,"Integra-A Hotel & Restaurant Co. said its planned rights offering to raise about $9 million was declared effective and the company will begin mailing materials to shareholders at the end of this week.  

Under the offer, shareholders will receive one right for each 105 common shares owned. Each right entitles the shareholder to buy $100 face amount of 13.5% bonds due 1993 and warrants to buy 23.5 common shares at 30 cents a share.","Integra-A Hotel & Restaurant Co. stated its planned rights offering to raise about $9 million was declared effective and the company will begin mailing materials to shareholders at the end of this week.  

Under the offer, shareholders will receive one right for each 105 common shares hold. Each right entitles the shareholder to buy $100 face amount of 13.5% bonds due 1993 and warrants to buy 23.5 common shares at 30 cents a share.",owned,hold,284,289,said,stated,33,37,-3.734375,-9.5625,-13.296875,-10.9375,-11.75,-22.6875,9.390625,-10.6875,-11.8125,-22.5,9.203125,3.0393200749936313,3.1914767389712124,279.61744689941406,293.61585998535156,92,92,0.1521566639775811,-3.0393200749936313,-3.1914767389712124,0.1521566639775811,[9633],[753],[2186],[4767],[2186],[4767],"[""Ġowned""]","[""Ġsaid""]","[""Ġhold""]","[""Ġstated""]","[""Ġhold""]","[""Ġstated""]"
303,swords,"""Yes?"" 
                 ""How should I reply?"" Her voice had grown quiet, and I began to feel some guilt.","""Yes?"" 
                 ""How should I answer?"" Her voice had grown quiet, and I started to feel some guilt.",reply,answer,39,44,began,started,80,85,-5.46875,-5.09375,-10.5625,-3.40625,-5.15625,-8.5625,-2.0,-3.390625,-5.21875,-8.609375,-1.953125,3.7158203125,3.6331380208333335,89.1796875,87.1953125,24,24,-0.08268229166666652,-3.7158203125,-3.6331380208333335,-0.08268229166666652,[12252],[3407],[3662],[3053],[3662],[3053],"[""Ġreply""]","[""Ġbegan""]","[""Ġanswer""]","[""Ġstarted""]","[""Ġanswer""]","[""Ġstarted""]"
304,swords,"Xerox Corp. has told employees in its Crum & Forster personal insurance operations that it is laying off about 300 people, or 25% of the staff.  

A spokeswoman for Crum & Forster said employees were told early this week that numerous staff functions for the personal insurance lines were going to be centralized as a cost-cutting move.","Xerox Corp. has told employees in its Crum & Forster personal insurance operations that it is laying off about 300 individual, or 25% of the staff.  

A spokeswoman for Crum & Forster stated employees were told early this week that numerous staff functions for the personal insurance lines were going to be centralized as a cost-cutting move.",people,individual,115,121,said,stated,180,184,-1.4921875,-0.84375,-2.3359375,-10.1875,-7.46875,-17.65625,15.3203125,-10.1875,-6.96875,-17.15625,14.8203125,2.729170905219184,3.041306389702691,196.50030517578125,218.97406005859375,72,72,0.31213548448350714,-2.729170905219184,-3.041306389702691,0.31213548448350714,[952],[753],[2060],[4767],[2060],[4767],"[""Ġpeople""]","[""Ġsaid""]","[""Ġindividual""]","[""Ġstated""]","[""Ġindividual""]","[""Ġstated""]"
305,swords,"""Oh."" 
                 ""The critics liked it."" 
                 ""I'm glad.""","""Oh."" 
                 ""The critics appreciate it."" 
                 ""I'm happy.""",liked,appreciate,37,42,glad,happy,71,75,-5.15625,-2.21875,-7.375,-8.5,-4.59375,-13.09375,5.71875,-8.5,-4.1875,-12.6875,5.3125,3.718405330882353,4.096737132352941,63.212890625,69.64453125,17,17,0.3783318014705883,-3.718405330882353,-4.096737132352941,0.3783318014705883,[10490],[9995],[11435],[5211],[11435],[5211],"[""Ġliked""]","[""Ġglad""]","[""Ġappreciate""]","[""Ġhappy""]","[""Ġappreciate""]","[""Ġhappy""]"
306,swords,"The struggle against the drug lords in Colombia will be a near thing.
This week, the government arrested Jose Abello Silva, said to be the fourth-ranking cartel leader.
He will probably be extradited to the U.S. for trial under an extradition treaty President Virgilia Barco has revived.","The struggle against the drug masters in Colombia will be a near thing.
This week, the government detain Jose Abello Silva, said to be the fourth-ranking cartel leader.
He will probably be extradited to the U.S. for trial under an extradition treaty President Virgilia Barco has revived.",arrested,detain,96,104,lords,masters,30,35,-4.5625,-3.390625,-7.953125,-13.3125,-10.9375,-24.25,16.296875,-12.875,-10.9375,-23.8125,15.859375,3.0586773212139424,3.443262188251202,198.81402587890625,223.81204223632812,65,65,0.3845848670372596,-3.0586773212139424,-3.443262188251202,0.3845848670372596,[9833],[49117],[30054],[26616],[30054],[26616],"[""Ġarrested""]","[""Ġlords""]","[""Ġdetain""]","[""Ġmasters""]","[""Ġdetain""]","[""Ġmasters""]"
307,swords,"He also rejected reports that his departure stemmed from disappointment the general manager's post hadn't also led to a board directorship at the London-based news organization.  

Mr. Reupke was one of three executives on Reuters's eight-person executive committee who didn't also serve on the company's board of directors. ""If I were choosing the people of tomorrow, I would have chosen the people who are now on the board,"" he said.","He likewise rejected reports that his departure stemmed from disappointment the general manager's post hadn't also led to a board directorship at the London-based news organization.  

Mr. Reupke was one of three executives on Reuters's eight-person executive committee who didn't also serve on the association's board of directors. ""If I were choosing the people of tomorrow, I would have chosen the people who are now on the board,"" he said.",company,association,295,302,also,likewise,3,7,-3.703125,-3.671875,-7.375,-10.625,-9.375,-20.0,12.625,-10.125,-9.4375,-19.5625,12.1875,3.143660172172215,3.3489701644234033,289.21673583984375,308.1052551269531,92,92,0.2053099922511885,-3.143660172172215,-3.3489701644234033,0.2053099922511885,[2567],[671],[5864],[21223],[5864],[21223],"[""Ġcompany""]","[""Ġalso""]","[""Ġassociation""]","[""Ġlikewise""]","[""Ġassociation""]","[""Ġlikewise""]"
308,swords,"I could say that I chose out of consideration for her desire for fame; some
                    critics already say ""Waking With Tasha"" is Malaquez's finest work. If science
                    finds a way to safely free the subjects of Emil's art, perhaps the I who reads
                    this file will know that my decision is wise. But I cannot stop thinking that I
                    was never afraid of losing Tasha to brain damage or death.","I could say that I selected out of consideration for her desire for fame; some
                    critics already say ""Waking With Tasha"" is Malaquez's finest work. If science
                    finds a way to safely free the object of Emil's art, perhaps the I who reads
                    this file will know that my decision is wise. But I cannot stop thinking that I
                    was never afraid of losing Tasha to brain damage or death.",subjects,object,225,233,chose,selected,19,24,-8.75,-7.0625,-15.8125,-8.3125,-10.125,-18.4375,2.625,-8.3125,-10.1875,-18.5,2.6875,4.200163658629072,4.253716976084608,394.8153839111328,399.8493957519531,94,94,0.0535533174555356,-4.200163658629072,-4.253716976084608,0.0535533174555356,[5705],[9703],[1789],[4236],[1789],[4236],"[""Ġsubjects""]","[""Ġchose""]","[""Ġobject""]","[""Ġselected""]","[""Ġobject""]","[""Ġselected""]"
309,swords,"It was as attractive and as impersonal
                    as a decorator could arrange for tenants of unknown taste. A tall, narrow
                    stopbox stood in the center of one room; sand trickled forever downward while
                    beads of water splashed across the sand's path. If that was Malaquez's work, it
                    was a very minor effort.","It was as attractive and as impersonal
                    as a decorator could arrange for tenants of unknown taste. A tall, skinny
                    stopbox stood in the middle of one room; sand trickled forever downward while
                    beads of water splashed across the sand's path. If that was Malaquez's work, it
                    was a very minor effort.",narrow,skinny,126,132,center,middle,174,180,-4.28125,-1.828125,-6.109375,-6.53125,-0.8359375,-7.3671875,1.2578125,-6.53125,-0.734375,-7.265625,1.15625,4.049683219508121,4.076998258891859,307.7759246826172,309.85186767578125,76,76,0.027315039383737805,-4.049683219508121,-4.076998258891859,0.027315039383737805,[6891],[4055],[42345],[4766],[42345],[4766],"[""Ġnarrow""]","[""Ġcenter""]","[""Ġskinny""]","[""Ġmiddle""]","[""Ġskinny""]","[""Ġmiddle""]"
311,swords,"Neither they nor Mr. McAlpine could be reached for comment.  

Magna said Mr. McAlpine resigned to pursue a consulting career, with Magna as one of his clients.","Neither they nor Mr. McAlpine could be reached for comment.  

Magna stated Mr. McAlpine resigned to seek a consulting career, with Magna as one of his clients.",pursue,seek,99,105,said,stated,69,73,-3.21875,-3.59375,-6.8125,-5.96875,-7.96875,-13.9375,7.125,-5.875,-7.96875,-13.84375,7.03125,2.8336873054504395,3.18255729675293,113.34749221801758,127.30229187011719,40,40,0.3488699913024904,-2.8336873054504395,-3.18255729675293,0.3488699913024904,[15142],[753],[7703],[4767],[7703],[4767],"[""Ġpursue""]","[""Ġsaid""]","[""Ġseek""]","[""Ġstated""]","[""Ġseek""]","[""Ġstated""]"
312,swords,"Reed International PLC said that net income for the six months ended Oct. 1 slipped 5% to #89.7 million ($141.9 million), or 16 pence a share, from #94.8 million ($149.9 million), or 17.3 pence a share.  

The British paper, packaging and publishing concern, said profit from continuing lines fell 10% to #118 million from #130.6 million.","Reed International PLC stated that net revenue for the six months ended Oct. 1 slipped 5% to #89.7 million ($141.9 million), or 16 pence a share, from #94.8 million ($149.9 million), or 17.3 pence a share.  

The British paper, packaging and publishing concern, said profit from continuing lines fell 10% to #118 million from #130.6 million.",income,revenue,37,43,said,stated,23,27,-2.09375,-4.25,-6.34375,-3.65625,-8.3125,-11.96875,5.625,-3.265625,-8.25,-11.515625,5.171875,2.5903298024381143,2.761461579397823,230.5393524169922,245.77008056640625,89,89,0.17113177695970894,-2.5903298024381143,-2.761461579397823,0.17113177695970894,[6021],[753],[11784],[4767],[11784],[4767],"[""Ġincome""]","[""Ġsaid""]","[""Ġrevenue""]","[""Ġstated""]","[""Ġrevenue""]","[""Ġstated""]"
313,swords,"Kalamazoo, Mich.-based First of America said it will eliminate the 13 management positions of the former Midwest Financial parent company. First of America said some of the managers will take other jobs with First of America. But it said that severance payments to those executives not staying with the company will reduce First of America's operating results for 1989 by $3 million to $4 million, or 15 cents to 20 cents a share.","Kalamazoo, Mich.-based First of America stated it will eliminate the 13 management positions of the former Midwest Financial parent company. First of America said some of the managers will take other business with First of America. But it said that severance payments to those executives not staying with the company will reduce First of America's operating results for 1989 by $3 million to $4 million, or 15 cents to 20 cents a share.",jobs,business,198,202,said,stated,40,44,-1.21875,-5.5625,-6.78125,-8.125,-9.9375,-18.0625,11.28125,-7.84375,-10.0625,-17.90625,11.125,2.796682559742647,3.0485821892233456,237.718017578125,259.1294860839844,85,85,0.25189962948069855,-2.796682559742647,-3.0485821892233456,0.25189962948069855,[7375],[753],[2136],[4767],[2136],[4767],"[""Ġjobs""]","[""Ġsaid""]","[""Ġbusiness""]","[""Ġstated""]","[""Ġbusiness""]","[""Ġstated""]"
315,swords,"You think I sleep with every famous
                    person I meet?"" 
                 As you may have guessed, we had talked about such things. I do not claim ours
                    was a perfect affair, only a wonderful one.","You believe I sleep with every famous
                    person I meet?"" 
                 As you may have deduce, we had talked about such things. I do not claim ours
                    was a perfect affair, only a wonderful one.",guessed,deduce,106,113,think,believe,4,9,-0.62890625,-5.34375,-5.97265625,-10.9375,-6.75,-17.6875,11.71484375,-10.8125,-6.71875,-17.53125,11.55859375,3.6942027698863638,4.0783913352272725,162.544921875,179.44921875,44,44,0.3841885653409087,-3.6942027698863638,-4.0783913352272725,0.3841885653409087,[30346],[1158],[27566],[2868],[27566],[2868],"[""Ġguessed""]","[""Ġthink""]","[""Ġdeduce""]","[""Ġbelieve""]","[""Ġdeduce""]","[""Ġbelieve""]"
316,swords,"That moment passed. I looked at Malaquez. His eyes opened wider while we watched
                    each other.","That instant passed. I glance at Malaquez. His eyes opened wider while we watched
                    each other.",looked,glance,22,28,moment,instant,5,11,-3.875,-7.53125,-11.40625,-10.0625,-11.1875,-21.25,9.84375,-10.0,-11.1875,-21.1875,9.78125,4.891468394886363,5.521795099431818,107.6123046875,121.4794921875,22,22,0.630326704545455,-4.891468394886363,-5.521795099431818,0.630326704545455,[3261],[2774],[17834],[8164],[17834],[8164],"[""Ġlooked""]","[""Ġmoment""]","[""Ġglance""]","[""Ġinstant""]","[""Ġglance""]","[""Ġinstant""]"
317,swords,"Don't let
fatigue get to you.

She used the discretion of the mirrored window to secretively survey her crew.
Harmon was an excellent addition to the bridge team, but was she open minded
enough to defy United Earth Command and sever all ties from Earth?","Don't let
fatigue get to you.

She employed the discretion of the mirrored window to secretively study her crew.
Harmon was an excellent addition to the bridge team, but was she open minded
enough to defy United Earth Command and sever all ties from Earth?",survey,study,93,99,used,employed,35,39,-6.46875,-6.78125,-13.25,-6.1875,-11.1875,-17.375,4.125,-5.9375,-11.1875,-17.125,3.875,3.846809895833333,4.018265787760416,230.80859375,241.095947265625,60,60,0.17145589192708321,-3.846809895833333,-4.018265787760416,0.17145589192708321,[6630],[908],[1263],[7091],[1263],[7091],"[""Ġsurvey""]","[""Ġused""]","[""Ġstudy""]","[""Ġemployed""]","[""Ġstudy""]","[""Ġemployed""]"
318,swords,"Call me
                    Bernardo."" 
                 ""If you wish."" 
                 ""I beg you, change the color of the walls, at the very least.""","Call me
                    Bernardo."" 
                 ""If you prefer."" 
                 ""I beg you, change the colour of the walls, at the very least.""",wish,prefer,65,69,color,colour,113,118,-3.71875,-4.6875,-8.40625,-6.71875,-5.5,-12.21875,3.8125,-6.65625,-6.1875,-12.84375,4.4375,3.5430450439453125,3.673004150390625,113.37744140625,117.5361328125,32,32,0.1299591064453125,-3.5430450439453125,-3.673004150390625,0.1299591064453125,[5730],[3295],[4510],[10688],[4510],[10688],"[""Ġwish""]","[""Ġcolor""]","[""Ġprefer""]","[""Ġcolour""]","[""Ġprefer""]","[""Ġcolour""]"
319,swords,"And then, because a
                    playwright cannot resist a promising line, I said, ""Your Sleeping Flamingo
                    should be put to sleep."" 
                 To say her face fell would do a disservice to Tasha and to literature. (Allow me
                    my self-indulgences as you would those of a dying man -- when I convince my
                    mindsmith to permit the wipe, there will be another Bernardo Flynn, one who
                    knows no more of Tasha Cortez or Vega IV than he reads here.)","And then, because a
                    playwright cannot resist a promising line, I stated, ""Your Sleeping Flamingo
                    should be put to sleep."" 
                 To suggest her face fell would do a disservice to Tasha and to literature. (Allow me
                    my self-indulgences as you would those of a dying man -- when I convince my
                    mindsmith to permit the wipe, there will be another Bernardo Flynn, one who
                    knows no more of Tasha Cortez or Vega IV than he reads here.)",say,suggest,181,184,said,stated,85,89,-4.375,-4.0625,-8.4375,-7.75,-9.6875,-17.4375,9.0,-7.71875,-9.6875,-17.40625,8.96875,4.062173594599185,4.236944845448369,467.14996337890625,487.2486572265625,115,115,0.17477125084918477,-4.062173594599185,-4.236944845448369,0.17477125084918477,[1333],[753],[1804],[4767],[1804],[4767],"[""Ġsay""]","[""Ġsaid""]","[""Ġsuggest""]","[""Ġstated""]","[""Ġsuggest""]","[""Ġstated""]"
321,swords,"She said, ""It's beautiful, isn't it, Señor Flynn?"" 
                 My instinct was to gesture curtly with a cupped hand that she lift the wind boat
                    and take me elsewhere. But she was young and attractive (as I have said and may
                    say again) and eager and so happy to be assisting the infamous Bernardo Flynn
                    that I merely raised an eyebrow in mild scepticism.","She stated, ""It's beautiful, isn't it, Señor Flynn?"" 
                 My instinct was to gesture curtly with a cupped hand that she lift the wind boat
                    and take me away. But she was young and attractive (as I have said and may
                    say again) and eager and so happy to be assisting the infamous Bernardo Flynn
                    that I merely raised an eyebrow in mild scepticism.",elsewhere,away,182,191,said,stated,4,8,-9.125,-3.484375,-12.609375,-3.484375,-7.59375,-11.078125,-1.53125,-3.53125,-7.46875,-11.0,-1.609375,3.887439245465158,3.897711392106681,338.20721435546875,339.10089111328125,87,87,0.010272146641522983,-3.887439245465158,-3.897711392106681,0.010272146641522983,[11358],[753],[1977],[4767],[1977],[4767],"[""Ġelsewhere""]","[""Ġsaid""]","[""Ġaway""]","[""Ġstated""]","[""Ġaway""]","[""Ġstated""]"
322,swords,"In part, prices reflect development of a market structure based on such variables as the number of prints. This information used to be poorly documented and largely anecdotal, says Beth Gates-Warren of Sotheby's. ""There is finally some sort of sense in the market,"" she says.","In part, prices reflect development of a marketplace structure based on such variables as the number of prints. This information used to be poorly documented and predominantly anecdotal, says Beth Gates-Warren of Sotheby's. ""There is finally some sort of sense in the market,"" she says.",largely,predominantly,157,164,market,marketplace,41,47,-5.46875,-4.15625,-9.625,-10.9375,-7.5625,-18.5,8.875,-10.6875,-7.53125,-18.21875,8.59375,3.5320022065760726,3.68546476202496,208.38813018798828,217.44242095947266,59,59,0.15346255544888754,-3.5320022065760726,-3.68546476202496,0.15346255544888754,[8127],[2791],[18705],[27769],[18705],[27769],"[""Ġlargely""]","[""Ġmarket""]","[""Ġpredominantly""]","[""Ġmarketplace""]","[""Ġpredominantly""]","[""Ġmarketplace""]"
323,swords,"""Why 'Frodo'?"" 
                 Tasha said, ""A little fellow with big, furry feet. What else could he be
                    called?""","""Why 'Frodo'?"" 
                 Tasha stated, ""A little guy with big, furry feet. What else could he be
                    called?""",fellow,guy,55,61,said,stated,39,43,-8.8125,-3.21875,-12.03125,-6.71875,-7.0625,-13.78125,1.75,-6.75,-7.09375,-13.84375,1.8125,4.130950927734375,4.2229766845703125,132.1904296875,135.13525390625,32,32,0.0920257568359375,-4.130950927734375,-4.2229766845703125,0.0920257568359375,[7715],[753],[5599],[4767],[5599],[4767],"[""Ġfellow""]","[""Ġsaid""]","[""Ġguy""]","[""Ġstated""]","[""Ġguy""]","[""Ġstated""]"
324,swords,"Many will use a common editorial.
A final statement yesterday said: ""While some advances are being made in nations throughout the hemisphere, the state of press freedom in the Americas still must be regarded as grim as long as journalists and their families are subject to the crudest form of censorship: death by assassination.""

The report charged that Panama's Manuel Noriega is not only in league with the drug traffickers but also is bullying the press as never before.","Many will use a common editorial.
A last declaration yesterday said: ""While some advances are being made in nations throughout the hemisphere, the state of press freedom in the Americas still must be regarded as grim as long as journalists and their families are subject to the crudest form of censorship: death by assassination.""

The report charged that Panama's Manuel Noriega is not only in league with the drug traffickers but also is bullying the press as never before.",statement,declaration,42,51,final,last,36,41,-6.6875,-6.65625,-13.34375,-9.625,-7.625,-17.25,3.90625,-10.4375,-7.59375,-18.03125,4.6875,3.3588690047568464,3.416479344063617,315.73368644714355,321.14905834198,94,94,0.05761033930677062,-3.3588690047568464,-3.416479344063617,0.05761033930677062,[3908],[2457],[16204],[1390],[16204],[1390],"[""Ġstatement""]","[""Ġfinal""]","[""Ġdeclaration""]","[""Ġlast""]","[""Ġdeclaration""]","[""Ġlast""]"
326,swords,"Well, if she didn't pan out, she'd be terminated. Any crew member that would
jeopardize the project was meat. It would be a shame to lose that talent,
though.","Well, if she didn't pan out, she'd be terminated. Any team member that would
jeopardize the project was meat. It would be a disgrace to lose that talent,
though.",crew,team,54,58,shame,disgrace,124,129,-9.875,-2.421875,-12.296875,-6.125,-4.6875,-10.8125,-1.484375,-6.09375,-4.6875,-10.78125,-1.515625,3.46951904296875,3.6274658203125,138.78076171875,145.0986328125,40,40,0.15794677734375018,-3.46951904296875,-3.6274658203125,0.15794677734375018,[10402],[14816],[2285],[40655],[2285],[40655],"[""Ġcrew""]","[""Ġshame""]","[""Ġteam""]","[""Ġdisgrace""]","[""Ġteam""]","[""Ġdisgrace""]"
327,swords,"You look like hell, Tar. Don't blow this. Don't let
fatigue get to you.","You seem like hell, Tar. Don't wreck this. Don't let
fatigue get to you.",blow,wreck,31,35,look,seem,4,8,-8.4375,-6.1875,-14.625,-9.375,-8.0625,-17.4375,2.8125,-9.6875,-8.0,-17.6875,3.0625,4.047685895647321,4.455887567429316,85.00140380859375,93.57363891601562,21,21,0.4082016717819945,-4.047685895647321,-4.455887567429316,0.4082016717819945,[8230],[1007],[24028],[1646],[24028],[1646],"[""Ġblow""]","[""Ġlook""]","[""Ġwreck""]","[""Ġseem""]","[""Ġwreck""]","[""Ġseem""]"
329,swords,"""My last piece was of four old Undersiders crouched around a trash
                    fire. Be glad someone didn't toss that to you."" He spoke of his art with the
                    enthusiasm of a seven-year-old.","""My last piece was of four old Undersiders crouched around a trash
                    fire. Be happy someone didn't pass that to you."" He spoke of his art with the
                    enthusiasm of a seven-year-old.",toss,pass,116,120,glad,happy,96,100,-6.03125,-5.90625,-11.9375,-7.96875,-7.625,-15.59375,3.65625,-8.0,-7.71875,-15.71875,3.78125,3.8172657246492347,3.9159689144212373,187.0460205078125,191.88247680664062,49,49,0.09870318977200254,-3.8172657246492347,-3.9159689144212373,0.09870318977200254,[15331],[9995],[1509],[5211],[1509],[5211],"[""Ġtoss""]","[""Ġglad""]","[""Ġpass""]","[""Ġhappy""]","[""Ġpass""]","[""Ġhappy""]"
331,swords,"For a perfect moment,
                    Emil and Tasha and I were one entity, laughing until our lungs hurt. 
                 This is torture. I had not considered that I might not write to learn, but to
                    punish myself.","For a perfect instant,
                    Emil and Tasha and I were one entity, laughing until our lungs hurt. 
                 This is torment. I had not considered that I might not write to learn, but to
                    punish myself.",torture,torment,137,144,moment,instant,14,20,-10.125,-6.875,-17.0,-12.8125,-8.6875,-21.5,4.5,-12.25,-8.6875,-20.9375,3.9375,3.9526641222895407,4.100802674585459,193.6805419921875,200.9393310546875,49,49,0.14813855229591866,-3.9526641222895407,-4.100802674585459,0.14813855229591866,[21207],[2774],[44457],[8164],[44457],[8164],"[""Ġtorture""]","[""Ġmoment""]","[""Ġtorment""]","[""Ġinstant""]","[""Ġtorment""]","[""Ġinstant""]"
332,swords,"""Imagine that."" I remembered an article in The Medusa and a photo of a work in
                    which 100-peso notes fell like confetti onto a small Undersider, sexlessly young
                    in grimy, oversized clothing. The child's face was a warground for wonder and
                    mistrust.","""Imagine that."" I recalled an article in The Medusa and a photo of a work in
                    which 100-peso notes descend like confetti onto a small Undersider, sexlessly young
                    in grimy, oversized clothing. The child's face was a warground for wonder and
                    mistrust.",fell,descend,120,124,remembered,recalled,18,28,-6.625,-7.21875,-13.84375,-12.6875,-8.125,-20.8125,6.96875,-12.625,-8.0625,-20.6875,6.84375,4.666914000655666,4.786624157067501,308.0163240432739,315.9171943664551,66,66,0.11971015641183502,-4.666914000655666,-4.786624157067501,0.11971015641183502,[6497],[12659],[36672],[17602],[36672],[17602],"[""Ġfell""]","[""Ġremembered""]","[""Ġdescend""]","[""Ġrecalled""]","[""Ġdescend""]","[""Ġrecalled""]"
333,swords,"Probably not. But it is something marvelous and rare, which is surely a
                    sign of love. 
                 If my love for her was the only important thing, I would leave a holo of her
                    with a note: ""Dear Future, this is Tasha Cortez.","Probably not. But it is something marvelous and uncommon, which is undoubtedly a
                    sign of love. 
                 If my love for her was the only important thing, I would leave a holo of her
                    with a note: ""Dear Future, this is Tasha Cortez.",surely,undoubtedly,63,69,rare,uncommon,48,52,-6.71875,-4.78125,-11.5,-7.90625,-7.28125,-15.1875,3.6875,-7.84375,-7.28125,-15.125,3.625,3.7908832097457625,3.842243776483051,223.662109375,226.6923828125,59,59,0.051360566737288504,-3.7908832097457625,-3.842243776483051,0.051360566737288504,[13353],[7520],[25369],[24666],[25369],[24666],"[""Ġsurely""]","[""Ġrare""]","[""Ġundoubtedly""]","[""Ġuncommon""]","[""Ġundoubtedly""]","[""Ġuncommon""]"
336,swords,"A spokesman for the Toronto cable television and telecommunications concern said the coupon rate hasn't yet been fixed, but will probably be set at around 8%. He declined to discuss other terms of the issue.","A spokesman for the Toronto cable television and telecommunications concern stated the coupon rate hasn't yet been fixed, but will probably be set at around 8%. He refrain to discuss other terms of the issue.",declined,refrain,162,170,said,stated,76,80,-2.859375,-1.0078125,-3.8671875,-18.75,-5.625,-24.375,20.5078125,-16.875,-5.625,-22.5,18.6328125,3.323460629111842,3.965768914473684,126.29150390625,150.69921875,38,38,0.642308285361842,-3.323460629111842,-3.965768914473684,0.642308285361842,[13072],[753],[35531],[4767],[35531],[4767],"[""Ġdeclined""]","[""Ġsaid""]","[""Ġrefrain""]","[""Ġstated""]","[""Ġrefrain""]","[""Ġstated""]"
338,swords,"I looked at Malaquez. His eyes opened wider while we watched
                    each other. His lips contorted as if they had lost their ability to shape sound.","I looked at Malaquez. His eyes unfolded full while we watched
                    each other. His lips contorted as if they had lost their ability to shape sound.",wider,full,38,43,opened,unfolded,31,37,-3.28125,-4.625,-7.90625,-8.625,-12.9375,-21.5625,13.65625,-8.375,-12.9375,-21.3125,13.40625,4.3026751893939394,4.811774976325758,141.98828125,158.78857421875,33,33,0.5090997869318183,-4.3026751893939394,-4.811774976325758,0.5090997869318183,[14200],[5485],[2120],[42273],[2120],[42273],"[""Ġwider""]","[""Ġopened""]","[""Ġfull""]","[""Ġunfolded""]","[""Ġfull""]","[""Ġunfolded""]"
339,swords,"The play's second act concludes with the last fight between Tasha
                    and me. I have disguised us in the play, and deleted one brief melodramatic
                    interchange. Now I will mention it, in case I/You decide to restore it.","The play's second act concludes with the last fight between Tasha
                    and me. I have masked us in the play, and deleted one quick melodramatic
                    interchange. Now I will mention it, in case I/You decide to restore it.",brief,quick,143,148,disguised,masked,101,110,-10.0,-9.625,-19.625,-9.4375,-11.6875,-21.125,1.5,-9.0625,-11.6875,-20.75,1.125,4.235507541232639,4.222733109085648,228.7174072265625,228.027587890625,54,54,-0.012774432146991366,-4.235507541232639,-4.222733109085648,-0.012774432146991366,[4864],[49932],[3158],[34741],[3158],[34741],"[""Ġbrief""]","[""Ġdisguised""]","[""Ġquick""]","[""Ġmasked""]","[""Ġquick""]","[""Ġmasked""]"
340,swords,"Call me
                    Bernardo."" 
                 ""If you wish."" 
                 ""I beg you, change the color of the walls, at the very least.""","Call me
                    Bernardo."" 
                 ""If you desire."" 
                 ""I beg you, change the colour of the walls, at the very least.""",wish,desire,65,69,color,colour,113,118,-3.71875,-4.6875,-8.40625,-6.65625,-5.5,-12.15625,3.75,-6.59375,-5.78125,-12.375,3.96875,3.5430450439453125,3.7626800537109375,113.37744140625,120.40576171875,32,32,0.219635009765625,-3.5430450439453125,-3.7626800537109375,0.219635009765625,[5730],[3295],[8327],[10688],[8327],[10688],"[""Ġwish""]","[""Ġcolor""]","[""Ġdesire""]","[""Ġcolour""]","[""Ġdesire""]","[""Ġcolour""]"
341,swords,"Stephen Akerfeldt, currently vice president finance, will succeed Mr. McAlpine.  

An ambitious expansion has left Magna with excess capacity and a heavy debt load as the automotive industry enters a downturn. The company has reported declines in operating profit in each of the past three years, despite steady sales growth.","Stephen Akerfeldt, presently vice president finance, will succeed Mr. McAlpine.  

An ambitious expansion has left Magna with excess capacity and a massive debt load as the automotive industry enters a downturn. The company has reported declines in operating profit in each of the past three years, despite steady sales growth.",heavy,massive,148,153,currently,presently,19,28,-3.9375,-7.59375,-11.53125,-5.40625,-10.75,-16.15625,4.625,-5.65625,-10.75,-16.40625,4.875,2.8851632782907197,3.0647693980823862,190.4207763671875,202.2747802734375,66,66,0.17960611979166652,-2.8851632782907197,-3.0647693980823862,0.17960611979166652,[5536],[4390],[7863],[21654],[7863],[21654],"[""Ġheavy""]","[""Ġcurrently""]","[""Ġmassive""]","[""Ġpresently""]","[""Ġmassive""]","[""Ġpresently""]"
342,swords,"Concerned about shrinking landfills and the safety of chemicals used in super-absorbent disposables, parents are returning to the cloth diaper. Tiny Tots Inc., Campbell, Calif., says business is up 35% in the past year. ""We're gaining 1,200 new customers each week,"" says Jack Mogavero of General Health Care Corp., Piscataway, N.J. In Syracuse, N.Y., DyDee Service's new marketing push stresses environmental awareness.","Concerned about shrinking landfills and the safety of chemicals employed in super-absorbent disposables, parents are returning to the cloth diaper. Tiny Tots Inc., Campbell, Calif., says market is up 35% in the past year. ""We're gaining 1,200 new customers each week,"" says Jack Mogavero of General Health Care Corp., Piscataway, N.J. In Syracuse, N.Y., DyDee Service's new marketing push stresses environmental awareness.",business,market,183,191,used,employed,64,68,-5.9375,-1.25,-7.1875,-9.875,-9.25,-19.125,11.9375,-9.75,-9.25,-19.0,11.8125,3.0469991683959963,3.258547821044922,304.6999168395996,325.8547821044922,100,100,0.21154865264892564,-3.0469991683959963,-3.258547821044922,0.21154865264892564,[2136],[908],[2791],[7091],[2791],[7091],"[""Ġbusiness""]","[""Ġused""]","[""Ġmarket""]","[""Ġemployed""]","[""Ġmarket""]","[""Ġemployed""]"
343,swords,"""Yes,"" I said, ""Do that,"" and did not care what she did, or why. 
                 Emil asked, ""You're all right?"" I muttered something he must have interpreted as
                    assent.","""Yes,"" I stated, ""Do that,"" and did not care what she did, or why. 
                 Emil asked, ""You're all okay?"" I muttered something he must have interpreted as
                    assent.",right,okay,107,112,said,stated,9,13,-0.81640625,-0.92578125,-1.7421875,-7.6875,-6.09375,-13.78125,12.0390625,-6.71875,-6.125,-12.84375,11.1015625,3.5465928819444446,3.8258897569444446,159.5966796875,172.1650390625,45,45,0.279296875,-3.5465928819444446,-3.8258897569444446,0.279296875,[987],[753],[8261],[4767],[8261],[4767],"[""Ġright""]","[""Ġsaid""]","[""Ġokay""]","[""Ġstated""]","[""Ġokay""]","[""Ġstated""]"
344,swords,"Many will use a common editorial.
A final statement yesterday said: ""While some advances are being made in nations throughout the hemisphere, the state of press freedom in the Americas still must be regarded as grim as long as journalists and their families are subject to the crudest form of censorship: death by assassination.""

The report charged that Panama's Manuel Noriega is not only in league with the drug traffickers but also is bullying the press as never before.","Many will use a common editorial.
A last report yesterday said: ""While some advances are being made in nations throughout the hemisphere, the state of press freedom in the Americas still must be regarded as grim as long as journalists and their families are subject to the crudest form of censorship: death by assassination.""

The report charged that Panama's Manuel Noriega is not only in league with the drug traffickers but also is bullying the press as never before.",statement,report,42,51,final,last,36,41,-6.6875,-6.65625,-13.34375,-5.4375,-7.625,-13.0625,-0.28125,-6.875,-7.59375,-14.46875,1.125,3.3588690047568464,3.315008964944393,315.73368644714355,311.61084270477295,94,94,-0.043860039812453344,-3.3588690047568464,-3.315008964944393,-0.043860039812453344,[3908],[2457],[1304],[1390],[1304],[1390],"[""Ġstatement""]","[""Ġfinal""]","[""Ġreport""]","[""Ġlast""]","[""Ġreport""]","[""Ġlast""]"
345,swords,"He may be more famous than you."" 
                 ""Imagine that."" I remembered an article in The Medusa and a photo of a work in
                    which 100-peso notes fell like confetti onto a small Undersider, sexlessly young
                    in grimy, oversized clothing.","He may be more renowned than you."" 
                 ""Figure that."" I remembered an article in The Medusa and a photo of a work in
                    which 100-peso notes fell like confetti onto a small Undersider, sexlessly young
                    in grimy, oversized clothing.",Imagine,Figure,52,59,famous,renowned,15,21,-8.625,-3.34375,-11.96875,-11.3125,-7.46875,-18.78125,6.8125,-11.4375,-7.46875,-18.90625,6.9375,4.629310417175293,4.792302982012431,277.7586250305176,287.53817892074585,60,60,0.16299256483713798,-4.629310417175293,-4.792302982012431,0.16299256483713798,[38989],[8530],[2841],[30101],[2841],[30101],"[""Imagine""]","[""Ġfamous""]","[""Figure""]","[""Ġrenowned""]","[""Figure""]","[""Ġrenowned""]"
347,swords,"Stephen Akerfeldt, currently vice president finance, will succeed Mr. McAlpine.  

An ambitious expansion has left Magna with excess capacity and a heavy debt load as the automotive industry enters a downturn. The company has reported declines in operating profit in each of the past three years, despite steady sales growth.","Stephen Akerfeldt, presently vice president finance, will succeed Mr. McAlpine.  

An ambitious expansion has left Magna with excess capacity and a serious debt load as the automotive industry enters a downturn. The company has reported declines in operating profit in each of the past three years, despite steady sales growth.",heavy,serious,148,153,currently,presently,19,28,-3.9375,-7.59375,-11.53125,-6.15625,-10.75,-16.90625,5.375,-5.71875,-10.75,-16.46875,4.9375,2.8851632782907197,3.0963874585700757,190.4207763671875,204.361572265625,66,66,0.21122418027935597,-2.8851632782907197,-3.0963874585700757,0.21122418027935597,[5536],[4390],[4092],[21654],[4092],[21654],"[""Ġheavy""]","[""Ġcurrently""]","[""Ġserious""]","[""Ġpresently""]","[""Ġserious""]","[""Ġpresently""]"
349,swords,"""She left. Earlier this morning --"" 
                 Her clothes lay by the cube enclosing the bed.","""She left. Earlier this am --"" 
                 Her dress lay by the cube enclosing the bed.",morning,am,24,31,clothes,dress,58,65,-2.6875,-10.4375,-13.125,-10.375,-9.4375,-19.8125,6.6875,-10.375,-9.0625,-19.4375,6.3125,5.5554315476190474,5.985863095238095,116.6640625,125.703125,21,21,0.43043154761904745,-5.5554315476190474,-5.985863095238095,0.43043154761904745,[4131],[10015],[717],[7619],[717],[7619],"[""Ġmorning""]","[""Ġclothes""]","[""Ġam""]","[""Ġdress""]","[""Ġam""]","[""Ġdress""]"
350,swords,"I do not plan to write a book: this narrative must move more quickly. Tasha and
                    I became lovers that evening, after a good dinner of paella at her apartment. I
                    made some small joke afterward, about approving of her firm's business
                    incentives, and she cried.","I do not plan to compose a book: this narrative must move more quickly. Tasha and
                    I became lovers that evening, after a pleasing dinner of paella at her apartment. I
                    made some small joke afterward, about approving of her firm's business
                    incentives, and she cried.",good,pleasing,138,142,write,compose,17,22,-5.125,-4.28125,-9.40625,-10.3125,-9.75,-20.0625,10.65625,-10.1875,-9.75,-19.9375,10.53125,4.037338014632937,4.1924932570684526,254.352294921875,264.1270751953125,63,63,0.15515524243551582,-4.037338014632937,-4.1924932570684526,0.15515524243551582,[1175],[3630],[37902],[38530],[37902],[38530],"[""Ġgood""]","[""Ġwrite""]","[""Ġpleasing""]","[""Ġcompose""]","[""Ġpleasing""]","[""Ġcompose""]"
351,swords,"The White House said President Bush has approved duty-free treatment for imports of certain types of watches that aren't produced in ""significant quantities"" in the U.S., the Virgin Islands and other U.S. possessions.  

The action came in response to a petition filed by Timex Inc. for changes in the U.S. Generalized System of Preferences for imports from developing nations. Previously, watch imports were denied such duty-free treatment.","The White House stated President Bush has approved duty-free treatment for imports of certain types of watches that aren't produced in ""significant quantities"" in the U.S., the Virgin Islands and other U.S. possessions.  

The action emerge in response to a petition filed by Timex Inc. for changes in the U.S. Generalized System of Preferences for imports from developing nations. Previously, watch imports were denied such duty-free treatment.",came,emerge,232,236,said,stated,16,20,-4.15625,-2.703125,-6.859375,-19.0,-5.9375,-24.9375,18.078125,-18.625,-6.0,-24.625,17.765625,2.5215162871986307,2.7767917263892388,234.50101470947266,258.2416305541992,93,93,0.255275439190608,-2.5215162871986307,-2.7767917263892388,0.255275439190608,[2210],[753],[20177],[4767],[20177],[4767],"[""Ġcame""]","[""Ġsaid""]","[""Ġemerge""]","[""Ġstated""]","[""Ġemerge""]","[""Ġstated""]"
352,swords,"-- occupied The Flamingo. 
                 I do not plan to write a book: this narrative must move more quickly. Tasha and
                    I became lovers that evening, after a good dinner of paella at her apartment.","-- occupied The Flamingo. 
                 I do not plan to compose a book: this narrative must proceed more quickly. Tasha and
                    I became lovers that evening, after a good dinner of paella at her apartment.",move,proceed,95,99,write,compose,61,66,-7.375,-4.125,-11.5,-7.1875,-8.9375,-16.125,4.625,-7.09375,-8.9375,-16.03125,4.53125,4.399966032608695,4.600331182065218,202.3984375,211.615234375,46,46,0.2003651494565224,-4.399966032608695,-4.600331182065218,0.2003651494565224,[2118],[3630],[4262],[38530],[4262],[38530],"[""Ġmove""]","[""Ġwrite""]","[""Ġproceed""]","[""Ġcompose""]","[""Ġproceed""]","[""Ġcompose""]"
353,swords,"My last show --"" 
                 "" --was glorious!"" Tasha said.","My last display --"" 
                 "" --was beautiful!"" Tasha said.",glorious,beautiful,43,51,show,display,8,12,-9.75,-6.15625,-15.90625,-7.40625,-10.375,-17.78125,1.875,-7.09375,-10.375,-17.46875,1.5625,6.065104166666667,6.561458333333333,90.9765625,98.421875,15,15,0.49635416666666643,-6.065104166666667,-6.561458333333333,0.49635416666666643,[28548],[921],[5389],[3148],[5389],[3148],"[""Ġglorious""]","[""Ġshow""]","[""Ġbeautiful""]","[""Ġdisplay""]","[""Ġbeautiful""]","[""Ġdisplay""]"
354,swords,"He glanced at me and decided I was joking. The surprising thing is that I was.
                    ""Good.","He glanced at me and determined I was joking. The surprising part is that I was.
                    ""Good.",thing,part,58,63,decided,determined,21,28,-0.70703125,-7.15625,-7.86328125,-1.9375,-10.125,-12.0625,4.19921875,-1.7265625,-10.125,-11.8515625,3.98828125,3.7247869318181817,3.9984019886363638,81.9453125,87.96484375,22,22,0.2736150568181821,-3.7247869318181817,-3.9984019886363638,0.2736150568181821,[2181],[4425],[629],[3413],[629],[3413],"[""Ġthing""]","[""Ġdecided""]","[""Ġpart""]","[""Ġdetermined""]","[""Ġpart""]","[""Ġdetermined""]"
355,swords,"He laughed. ""My last piece was of four old Undersiders crouched around a trash
                    fire. Be glad someone didn't toss that to you.""","He laughed. ""My ending piece was of four old Undersiders crouched around a trash
                    fire. Be happy someone didn't toss that to you.""",last,ending,16,20,glad,happy,108,112,-5.53125,-5.0625,-10.59375,-11.6875,-6.78125,-18.46875,7.875,-11.6875,-7.0625,-18.75,8.15625,4.658336639404297,5.1121826171875,149.0667724609375,163.58984375,32,32,0.4538459777832031,-4.658336639404297,-5.1121826171875,0.4538459777832031,[1390],[9995],[12365],[5211],[12365],[5211],"[""Ġlast""]","[""Ġglad""]","[""Ġending""]","[""Ġhappy""]","[""Ġending""]","[""Ġhappy""]"
356,swords,"And the tiniest chance of
                    all: she would blink as if I had just materialized in Emil's bedroom, and then
                    she would laugh and tell me that she was going to be immortal. 
                 As I put my hand on the impervious surface of Tasha's stopbox, I heard Malaquez
                    run for the door. 
                 It is strange to know that we can do acts of unrepayable kindness to those we
                    should hate.","And the tiniest chance of
                    all: she would wink as if I had just materialized in Emil's bedroom, and then
                    she would laugh and tell me that she was going to be immortal. 
                 As I put my hand on the impervious surface of Tasha's stopbox, I heard Malaquez
                    dash for the door. 
                 It is strange to know that we can do acts of unrepayable kindness to those we
                    should hate.",run,dash,326,329,blink,wink,61,66,-8.375,-9.25,-17.625,-10.75,-9.375,-20.125,2.5,-10.75,-9.375,-20.125,2.5,3.585503455435876,3.5885733425027073,362.13584899902344,362.44590759277344,101,101,0.0030698870668315337,-3.585503455435876,-3.5885733425027073,0.0030698870668315337,[6321],[25924],[27207],[42790],[27207],[42790],"[""run""]","[""Ġblink""]","[""dash""]","[""Ġwink""]","[""dash""]","[""Ġwink""]"
357,swords,"Don't let
fatigue get to you.

She used the discretion of the mirrored window to secretively survey her crew.
Harmon was an excellent addition to the bridge team, but was she open minded
enough to defy United Earth Command and sever all ties from Earth?","Don't let
fatigue get to you.

She employed the discretion of the mirrored window to secretively oversee her crew.
Harmon was an excellent addition to the bridge team, but was she open minded
enough to defy United Earth Command and sever all ties from Earth?",survey,oversee,93,99,used,employed,35,39,-6.46875,-6.78125,-13.25,-9.875,-11.1875,-21.0625,7.8125,-9.3125,-11.1875,-20.5,7.25,3.846809895833333,4.1161376953125,230.80859375,246.96826171875,60,60,0.26932779947916696,-3.846809895833333,-4.1161376953125,0.26932779947916696,[6630],[908],[48870],[7091],[48870],[7091],"[""Ġsurvey""]","[""Ġused""]","[""Ġoversee""]","[""Ġemployed""]","[""Ġoversee""]","[""Ġemployed""]"
358,swords,"Neither they nor Mr. McAlpine could be reached for comment.  

Magna said Mr. McAlpine resigned to pursue a consulting career, with Magna as one of his clients.","Neither they nor Mr. McAlpine could be reached for comment.  

Magna stated Mr. McAlpine resigned to start a consulting career, with Magna as one of his clients.",pursue,start,99,105,said,stated,69,73,-3.21875,-3.59375,-6.8125,-4.71875,-7.96875,-12.6875,5.875,-5.125,-7.96875,-13.09375,6.28125,2.8336873054504395,3.027524948120117,113.34749221801758,121.10099792480469,40,40,0.19383764266967773,-2.8336873054504395,-3.027524948120117,0.19383764266967773,[15142],[753],[1265],[4767],[1265],[4767],"[""Ġpursue""]","[""Ġsaid""]","[""Ġstart""]","[""Ġstated""]","[""Ġstart""]","[""Ġstated""]"
359,swords,"The White House said Mr. Bush decided to grant duty-free status for 18 categories, but turned down such treatment for other types of watches ""because of the potential for material injury to watch producers located in the U.S. and the Virgin Islands.""  

Timex is a major U.S. producer and seller of watches, including low-priced battery-operated watches assembled in the Philippines and other developing nations covered by the U.S. tariff preferences.  

U.S. trade officials said the Philippines and Thailand would be the main beneficiaries of the president's action.","The White House stated Mr. Bush decided to grant duty-free status for 18 categories, but turned down such treatment for other types of watches ""because of the potential for material injury to watch producers located in the U.S. and the Virgin Islands.""  

Timex is a major U.S. producer and retailer of watches, including low-priced battery-operated watches assembled in the Philippines and other developing nations covered by the U.S. tariff preferences.  

U.S. trade officials said the Philippines and Thailand would be the main beneficiaries of the president's action.",seller,retailer,289,295,said,stated,16,20,-5.15625,-2.671875,-7.828125,-4.375,-5.9375,-10.3125,2.484375,-4.4375,-5.96875,-10.40625,2.578125,2.8367092549299993,2.907412841540425,337.5684013366699,345.98212814331055,119,119,0.07070358661042553,-2.8367092549299993,-2.907412841540425,0.07070358661042553,[24451],[753],[36631],[4767],[36631],[4767],"[""Ġseller""]","[""Ġsaid""]","[""Ġretailer""]","[""Ġstated""]","[""Ġretailer""]","[""Ġstated""]"
360,swords,"We walked through his house in silence. It was as attractive and as impersonal
                    as a decorator could arrange for tenants of unknown taste. A tall, narrow
                    stopbox stood in the center of one room; sand trickled forever downward while
                    beads of water splashed across the sand's path.","We walked through his house in silence. It was as attractive and as impersonal
                    as a decorator could devise for tenants of unknown taste. A tall, narrow
                    stopbox stood in the middle of one room; sand trickled forever downward while
                    beads of water splashed across the sand's path.",arrange,devise,120,127,center,middle,214,220,-4.3125,-1.9375,-6.25,-5.1875,-0.93359375,-6.12109375,-0.12890625,-5.1875,-0.98828125,-6.17578125,-0.07421875,4.034353314024029,4.039212082371567,266.26731872558594,266.58799743652344,66,66,0.004858768347538067,-4.034353314024029,-4.039212082371567,0.004858768347538067,[23240],[4055],[45018],[4766],[45018],[4766],"[""Ġarrange""]","[""Ġcenter""]","[""Ġdevise""]","[""Ġmiddle""]","[""Ġdevise""]","[""Ġmiddle""]"
361,swords,"He added, ""This has nothing to do with Marty Ackerman and it is not designed, particularly, to take the company private.""  

But Mr. Ackerman said the buy-back, and the above-market price paid, prove that Mr. Edelman is running scared.","He added, ""This has nothing to do with Marty Ackerman and it is not designed, especially, to take the company private.""  

But Mr. Ackerman said the buy-back, and the above-market price paid, demonstrate that Mr. Edelman is running scared.",prove,demonstrate,194,199,particularly,especially,78,90,-7.4375,-8.3125,-15.75,-5.8125,-7.25,-13.0625,-2.6875,-5.90625,-7.34375,-13.25,-2.5,3.3916361490885416,3.4098360697428385,203.4981689453125,204.5901641845703,60,60,0.018199920654296875,-3.3916361490885416,-3.4098360697428385,0.018199920654296875,[5276],[3782],[7568],[3340],[7568],[3340],"[""Ġprove""]","[""Ġparticularly""]","[""Ġdemonstrate""]","[""Ġespecially""]","[""Ġdemonstrate""]","[""Ġespecially""]"
364,swords,"My last show --"" 
                 "" --was glorious!"" Tasha said.","My last display --"" 
                 "" --was superb!"" Tasha said.",glorious,superb,43,51,show,display,8,12,-9.75,-6.15625,-15.90625,-8.9375,-10.375,-19.3125,3.40625,-10.0,-10.375,-20.375,4.46875,6.065104166666667,6.743229166666667,90.9765625,101.1484375,15,15,0.6781249999999996,-6.065104166666667,-6.743229166666667,0.6781249999999996,[28548],[921],[29837],[3148],[29837],[3148],"[""Ġglorious""]","[""Ġshow""]","[""Ġsuperb""]","[""Ġdisplay""]","[""Ġsuperb""]","[""Ġdisplay""]"
366,swords,"But I was probably only looking at
                    my reflection in the capturador's lens. Had he said then that I should use it on
                    myself, I might have. 
                 That moment passed.","But I was probably just looking at
                    my reflection in the capturador's lens. Had he said then that I should utilize it on
                    myself, I might have. 
                 That moment passed.",use,utilize,126,129,only,just,19,23,-5.46875,-4.71875,-10.1875,-11.625,-3.296875,-14.921875,4.734375,-11.4375,-3.328125,-14.765625,4.578125,3.9306372709052506,4.088620562886083,169.01740264892578,175.81068420410156,43,43,0.1579832919808326,-3.9306372709052506,-4.088620562886083,0.1579832919808326,[897],[760],[16584],[816],[16584],[816],"[""Ġuse""]","[""Ġonly""]","[""Ġutilize""]","[""Ġjust""]","[""Ġutilize""]","[""Ġjust""]"
367,swords,"I do not plan to write a book: this narrative must move more quickly. Tasha and
                    I became lovers that evening, after a good dinner of paella at her apartment. I
                    made some small joke afterward, about approving of her firm's business
                    incentives, and she cried.","I do not plan to compose a book: this narrative must move more quickly. Tasha and
                    I became lovers that evening, after a lovely dinner of paella at her apartment. I
                    made some small joke afterward, about approving of her firm's business
                    incentives, and she cried.",good,lovely,138,142,write,compose,17,22,-5.125,-4.28125,-9.40625,-6.6875,-9.75,-16.4375,7.03125,-6.90625,-9.75,-16.65625,7.25,4.037338014632937,4.110496884300595,254.352294921875,258.9613037109375,63,63,0.07315886966765817,-4.037338014632937,-4.110496884300595,0.07315886966765817,[1175],[3630],[13491],[38530],[13491],[38530],"[""Ġgood""]","[""Ġwrite""]","[""Ġlovely""]","[""Ġcompose""]","[""Ġlovely""]","[""Ġcompose""]"
369,swords,"U.S. trade officials said the Philippines and Thailand would be the main beneficiaries of the president's action.  

Imports of the types of watches that now will be eligible for duty-free treatment totaled about $37.3 million in 1988, a relatively small share of the $1.5 billion in U.S. watch imports that year, according to an aide to U.S. Trade Representative Carla Hills.","U.S. trade officials stated the Philippines and Thailand would be the main beneficiaries of the president's action.  

Imports of the types of watches that presently will be eligible for duty-free treatment totaled about $37.3 million in 1988, a relatively small share of the $1.5 billion in U.S. watch imports that year, according to an aide to U.S. Trade Representative Carla Hills.",now,presently,154,157,said,stated,21,25,-7.40625,-2.59375,-10.0,-13.5625,-7.40625,-20.96875,10.96875,-13.0625,-7.40625,-20.46875,10.46875,2.2988104820251465,2.480901154604825,202.2953224182129,218.3193016052246,88,88,0.1820906725796787,-2.2988104820251465,-2.480901154604825,0.1820906725796787,[1024],[753],[21654],[4767],[21654],[4767],"[""Ġnow""]","[""Ġsaid""]","[""Ġpresently""]","[""Ġstated""]","[""Ġpresently""]","[""Ġstated""]"
370,swords,"Tasha said she woke up one morning
                    convinced that if she spent another day studying vegetables, she would become
                    one. 
                 She did not like my plays. I had impressed her because I was famous and amusing
                    and not, as I had hoped, because I was a great artist.","Tasha stated she woke up one morning
                    convinced that if she spent another day studying vegetables, she would become
                    one. 
                 She did not like my show. I had impressed her because I was famous and amusing
                    and not, as I had hoped, because I was a great artist.",plays,show,196,201,said,stated,6,10,-11.4375,-5.53125,-16.96875,-7.90625,-8.0,-15.90625,-1.0625,-7.875,-7.96875,-15.84375,-1.125,3.4764251708984375,3.5742897987365723,222.4912109375,228.75454711914062,64,64,0.09786462783813477,-3.4764251708984375,-3.5742897987365723,0.09786462783813477,[7120],[753],[921],[4767],[921],[4767],"[""Ġplays""]","[""Ġsaid""]","[""Ġshow""]","[""Ġstated""]","[""Ġshow""]","[""Ġstated""]"
371,swords,"My last show --"" 
                 "" --was glorious!"" Tasha said.","My last display --"" 
                 "" --was great!"" Tasha said.",glorious,great,43,51,show,display,8,12,-9.75,-6.15625,-15.90625,-4.90625,-10.375,-15.28125,-0.625,-6.53125,-10.375,-16.90625,1.0,6.065104166666667,6.594791666666667,90.9765625,98.921875,15,15,0.5296874999999996,-6.065104166666667,-6.594791666666667,0.5296874999999996,[28548],[921],[1270],[3148],[1270],[3148],"[""Ġglorious""]","[""Ġshow""]","[""Ġgreat""]","[""Ġdisplay""]","[""Ġgreat""]","[""Ġdisplay""]"
373,swords,"He added, ""This has nothing to do with Marty Ackerman and it is not designed, particularly, to take the company private.""  

But Mr. Ackerman said the buy-back, and the above-market price paid, prove that Mr. Edelman is running scared.","He added, ""This has nothing to do with Marty Ackerman and it is not designed, especially, to take the company private.""  

But Mr. Ackerman said the buy-back, and the above-market price paid, confirm that Mr. Edelman is running scared.",prove,confirm,194,199,particularly,especially,78,90,-7.4375,-8.3125,-15.75,-8.3125,-7.25,-15.5625,-0.1875,-8.3125,-7.34375,-15.65625,-0.09375,3.3916361490885416,3.4450701395670573,203.4981689453125,206.70420837402344,60,60,0.053433990478515714,-3.3916361490885416,-3.4450701395670573,0.053433990478515714,[5276],[3782],[6583],[3340],[6583],[3340],"[""Ġprove""]","[""Ġparticularly""]","[""Ġconfirm""]","[""Ġespecially""]","[""Ġconfirm""]","[""Ġespecially""]"
374,swords,"She studied me as a suspicious puppy might, then said, ""I'm sorry, too."" 
                 ""I suppose I sound like I'm bragging when I talk of the things I'm tired of."" 
                 ""Only because you are.""","She studied me as a suspicious puppy might, then stated, ""I'm sorry, too."" 
                 ""I imagine I sound like I'm bragging when I talk of the things I'm tired of."" 
                 ""Only because you are.""",suppose,imagine,94,101,said,stated,49,53,-5.3125,-4.34375,-9.65625,-8.5,-9.0,-17.5,7.84375,-8.375,-9.0,-17.375,7.71875,3.5287039620535716,3.7391332509566326,172.906494140625,183.217529296875,49,49,0.210429288903061,-3.5287039620535716,-3.7391332509566326,0.210429288903061,[9428],[753],[8564],[4767],[8564],[4767],"[""Ġsuppose""]","[""Ġsaid""]","[""Ġimagine""]","[""Ġstated""]","[""Ġimagine""]","[""Ġstated""]"
375,swords,"Mark Shepperd, an analyst at UBS Phillips & Drew in London, said, ""I suspect (the departure) will be fairly irrelevant for the company. I would be very surprised if his departure signals any change in strategy or change in profit expectations."" On London's Stock Exchange, Reuters shares rose five pence to 913 pence ($14.43).","Mark Shepperd, an analyst at UBS Phillips & Drew in London, stated, ""I suspect (the departure) will be fairly irrelevant for the company. I would be very surprised if his departure signals any change in strategy or change in earnings expectations."" On London's Stock Exchange, Reuters shares rose five pence to 913 pence ($14.43).",profit,earnings,223,229,said,stated,60,64,-8.0625,-0.6640625,-8.7265625,-6.96875,-7.09375,-14.0625,5.3359375,-6.9375,-7.09375,-14.03125,5.3046875,3.2271925259942877,3.2906374996655607,235.585054397583,240.21653747558594,73,73,0.063444973671273,-3.2271925259942877,-3.2906374996655607,0.063444973671273,[11528],[753],[20375],[4767],[20375],[4767],"[""Ġprofit""]","[""Ġsaid""]","[""Ġearnings""]","[""Ġstated""]","[""Ġearnings""]","[""Ġstated""]"
376,swords,"Catching herself, she said casually, ""Oh..."" And
                    then she smiled, laughed loudly at herself in the way that always made me think
                    how much I loved her, and said, ""My God, yes, yes, yes!"" For a perfect moment,
                    Emil and Tasha and I were one entity, laughing until our lungs hurt. 
                 This is torture.","Catching herself, she stated casually, ""Oh..."" And
                    then she smiled, laughed loudly at herself in the way that always made me think
                    how much I loved her, and said, ""My God, yes, yes, yes!"" For a perfect moment,
                    Emil and Tasha and I were one entity, laughing until our lungs ache. 
                 This is torture.",hurt,ache,331,335,said,stated,22,26,-1.171875,-3.75,-4.921875,-7.5,-8.5625,-16.0625,11.140625,-7.40625,-8.5625,-15.96875,11.046875,3.3703277587890623,3.4966007232666017,269.626220703125,279.7280578613281,80,80,0.12627296447753933,-3.3703277587890623,-3.4966007232666017,0.12627296447753933,[8513],[753],[49652],[4767],[49652],[4767],"[""Ġhurt""]","[""Ġsaid""]","[""Ġache""]","[""Ġstated""]","[""Ġache""]","[""Ġstated""]"
379,swords,"But knowing this did not mean I wanted it. 
                 I said, ""Truthfully."" It was the statement of a younger and crueler man than I.","But knowing this did not mean I desired it. 
                 I utter, ""Truthfully."" It was the statement of a younger and crueler man than I.",said,utter,63,67,wanted,desired,32,38,-5.125,-4.0625,-9.1875,-13.0625,-8.0,-21.0625,11.875,-11.8125,-8.0625,-19.875,10.6875,3.6029829545454546,3.9708806818181817,118.8984375,131.0390625,33,33,0.36789772727272707,-3.6029829545454546,-3.9708806818181817,0.36789772727272707,[753],[3078],[13894],[6799],[13894],[6799],"[""Ġsaid""]","[""Ġwanted""]","[""Ġutter""]","[""Ġdesired""]","[""Ġutter""]","[""Ġdesired""]"
380,swords,"That moment passed. I looked at Malaquez. His eyes opened wider while we watched
                    each other.","That instant passed. I stare at Malaquez. His eyes opened wider while we watched
                    each other.",looked,stare,22,28,moment,instant,5,11,-3.875,-7.53125,-11.40625,-9.5625,-11.1875,-20.75,9.34375,-9.1875,-11.1875,-20.375,8.96875,4.891468394886363,5.488414417613637,107.6123046875,120.7451171875,22,22,0.5969460227272734,-4.891468394886363,-5.488414417613637,0.5969460227272734,[3261],[2774],[25885],[8164],[25885],[8164],"[""Ġlooked""]","[""Ġmoment""]","[""Ġstare""]","[""Ġinstant""]","[""Ġstare""]","[""Ġinstant""]"
381,swords,"A spokesman for the Stamford, Conn.based company said operations had a loss of $5.5 million for the quarter; in addition, the loss was magnified by nonrecurring charges totaling $23.5 million and $8.2 million in asset-valuation adjustments that he described as ""unusual."" The charges were partly offset by a $2 million gain on the sale of investments of two joint ventures, he said.  

Revenue declined 8% to $85.7 million, from $93.3 million a year earlier.","A spokesman for the Stamford, Conn.based company stated operations had a loss of $5.5 million for the quarter; in addition, the loss was magnified by nonrecurring charges totaling $23.5 million and $8.2 million in asset-valuation adjustments that he described as ""unusual."" The charges were partly offset by a $2 million gain on the sale of investments of two connected ventures, he said.  

Revenue declined 8% to $85.7 million, from $93.3 million a year earlier.",joint,connected,358,363,said,stated,49,53,-5.375,-0.5859375,-5.9609375,-10.625,-6.40625,-17.03125,11.0703125,-10.6875,-6.40625,-17.09375,11.1328125,2.379826512830011,2.548431922649515,276.05987548828125,295.61810302734375,116,116,0.168605409819504,-2.379826512830011,-2.548431922649515,0.168605409819504,[6036],[753],[4802],[4767],[4802],[4767],"[""Ġjoint""]","[""Ġsaid""]","[""Ġconnected""]","[""Ġstated""]","[""Ġconnected""]","[""Ġstated""]"
382,swords,"In part, prices reflect development of a market structure based on such variables as the number of prints. This information used to be poorly documented and largely anecdotal, says Beth Gates-Warren of Sotheby's. ""There is finally some sort of sense in the market,"" she says.","In part, prices reflect development of a marketplace structure based on such variables as the number of prints. This information used to be poorly documented and highly anecdotal, says Beth Gates-Warren of Sotheby's. ""There is finally some sort of sense in the market,"" she says.",largely,highly,157,164,market,marketplace,41,47,-5.46875,-4.15625,-9.625,-5.75,-7.5625,-13.3125,3.6875,-5.6875,-7.53125,-13.21875,3.59375,3.5320022065760726,3.6346499556202,208.38813018798828,214.4443473815918,59,59,0.10264774904412732,-3.5320022065760726,-3.6346499556202,0.10264774904412732,[8127],[2791],[4122],[27769],[4122],[27769],"[""Ġlargely""]","[""Ġmarket""]","[""Ġhighly""]","[""Ġmarketplace""]","[""Ġhighly""]","[""Ġmarketplace""]"
384,swords,"A gasp from the psychic broke her silent vigil, and she turned.

""Results, Harmon?"" she suppressed the surge of annoyance that ran through her as
she contemplated the psi's gift of getting all the hot news first.","A gasp from the psychic broke her silent vigil, and she turned.

""Conclusion, Harmon?"" she repressed the surge of annoyance that ran through her as
she contemplated the psi's gift of getting all the hot news first.",Results,Conclusion,66,73,suppressed,repressed,88,98,-13.625,-13.125,-26.75,-16.25,-15.4375,-31.6875,4.9375,-16.25,-15.0,-31.25,4.5,4.0351263552295915,4.150978555484694,197.72119140625,203.39794921875,49,49,0.11585220025510257,-4.0351263552295915,-4.150978555484694,0.11585220025510257,[9340],[16013],[18786],[47960],[18786],[47960],"[""Results""]","[""Ġsuppressed""]","[""Conclusion""]","[""Ġrepressed""]","[""Conclusion""]","[""Ġrepressed""]"
386,swords,"I
                    didn't anticipate last night --"" 
                 ""I'm very good at making things happen this way. But if Tasha will forgive me
                    --""","I
                    didn't anticipate last night --"" 
                 ""I'm really good at making stuff happen this way. But if Tasha will forgive me
                    --""",things,stuff,98,104,very,really,78,82,-2.765625,-4.96875,-7.734375,-5.25,-4.40625,-9.65625,1.921875,-4.875,-4.34375,-9.21875,1.484375,4.379542495265151,4.477257930871212,144.52490234375,147.74951171875,33,33,0.09771543560606055,-4.379542495265151,-4.477257930871212,0.09771543560606055,[1841],[1077],[5017],[1663],[5017],[1663],"[""Ġthings""]","[""Ġvery""]","[""Ġstuff""]","[""Ġreally""]","[""Ġstuff""]","[""Ġreally""]"
387,swords,"-- occupied The Flamingo. 
                 I do not plan to write a book: this narrative must move more quickly. Tasha and
                    I became lovers that evening, after a good dinner of paella at her apartment.","-- occupied The Flamingo. 
                 I do not plan to compose a book: this narrative must progress more quickly. Tasha and
                    I became lovers that evening, after a good dinner of paella at her apartment.",move,progress,95,99,write,compose,61,66,-7.375,-4.125,-11.5,-10.0625,-8.9375,-19.0,7.5,-10.125,-8.9375,-19.0625,7.5625,4.399966032608695,4.668414572010869,202.3984375,214.7470703125,46,46,0.26844853940217384,-4.399966032608695,-4.668414572010869,0.26844853940217384,[2118],[3630],[4780],[38530],[4780],[38530],"[""Ġmove""]","[""Ġwrite""]","[""Ġprogress""]","[""Ġcompose""]","[""Ġprogress""]","[""Ġcompose""]"
389,swords,"Stephen Akerfeldt, currently vice president finance, will succeed Mr. McAlpine.  

An ambitious expansion has left Magna with excess capacity and a heavy debt load as the automotive industry enters a downturn. The company has reported declines in operating profit in each of the past three years, despite steady sales growth.","Stephen Akerfeldt, presently vice president finance, will succeed Mr. McAlpine.  

An ambitious expansion has left Magna with excess capacity and a considerable debt load as the automotive industry enters a downturn. The company has reported declines in operating profit in each of the past three years, despite steady sales growth.",heavy,considerable,148,153,currently,presently,19,28,-3.9375,-7.59375,-11.53125,-7.34375,-10.75,-18.09375,6.5625,-6.90625,-10.75,-17.65625,6.125,2.8851632782907197,3.0875225645123106,190.4207763671875,203.7764892578125,66,66,0.20235928622159083,-2.8851632782907197,-3.0875225645123106,0.20235928622159083,[5536],[4390],[10665],[21654],[10665],[21654],"[""Ġheavy""]","[""Ġcurrently""]","[""Ġconsiderable""]","[""Ġpresently""]","[""Ġconsiderable""]","[""Ġpresently""]"
390,swords,"She said, ""I feel sorry for you, Nardo. I'll see Emil home."" 
                 ""Yes,"" I said, ""Do that,"" and did not care what she did, or why.","She stated, ""I feel sorry for you, Nardo. I'll get Emil home."" 
                 ""Yes,"" I said, ""Do that,"" and did not care what she did, or why.",see,get,45,48,said,stated,4,8,-3.484375,-3.53125,-7.015625,-3.609375,-7.59375,-11.203125,4.1875,-3.6875,-7.40625,-11.09375,4.078125,3.5673595610119047,3.604399181547619,149.8291015625,151.384765625,42,42,0.03703962053571441,-3.5673595610119047,-3.604399181547619,0.03703962053571441,[923],[753],[755],[4767],[755],[4767],"[""Ġsee""]","[""Ġsaid""]","[""Ġget""]","[""Ġstated""]","[""Ġget""]","[""Ġstated""]"
391,swords,"No more urchins, dopers, vagrants, or whores.
                    I want to do more traditional portraits."" He spoke quickly, prepared to be
                    rejected.","No more urchins, dopers, vagrants, or whores.
                    I desire to do more traditional painting."" He spoke quickly, prepared to be
                    rejected.",portraits,painting,96,105,want,desire,68,72,-7.96875,-3.984375,-11.953125,-6.28125,-7.59375,-13.875,1.921875,-6.8125,-7.59375,-14.40625,2.453125,4.091730891047297,4.27049461570946,151.39404296875,158.00830078125,37,37,0.17876372466216228,-4.091730891047297,-4.27049461570946,0.17876372466216228,[38317],[971],[13497],[8327],[13497],[8327],"[""Ġportraits""]","[""Ġwant""]","[""Ġpainting""]","[""Ġdesire""]","[""Ġpainting""]","[""Ġdesire""]"
392,swords,"The surprising thing is that I was.
                    ""Good. My last show --""","The surprising thing is that I was.
                    ""Great. My last display --""",Good,Great,57,61,show,display,71,75,-6.375,-6.5625,-12.9375,-6.9375,-10.75,-17.6875,4.75,-6.875,-10.5,-17.375,4.4375,5.159581801470588,5.389361213235294,87.712890625,91.619140625,17,17,0.2297794117647065,-5.159581801470588,-5.389361213235294,0.2297794117647065,[8620],[921],[15611],[3148],[15611],[3148],"[""Good""]","[""Ġshow""]","[""Great""]","[""Ġdisplay""]","[""Great""]","[""Ġdisplay""]"
393,swords,"He was what this
was all about. She watched his graceful fingers ending in thick black claws tap
out calculations on the panel. His pointed ears swiveled back and forth,
catching every sound from the bridge, while his long tail swished to the rhythm
of his thoughts.","He was what this
was all about. She gaze his graceful fingers ending in thick dark claws tap
out calculations on the panel. His pointed ears swiveled back and forth,
catching every sound from the bridge, while his long tail swished to the rhythm
of his thoughts.",watched,gaze,36,43,black,dark,81,86,-6.65625,-3.15625,-9.8125,-15.4375,-4.53125,-19.96875,10.15625,-15.5,-4.09375,-19.59375,9.78125,3.382171113612288,3.8145648503707625,199.548095703125,225.059326171875,59,59,0.4323937367584745,-3.382171113612288,-3.8145648503707625,0.4323937367584745,[9047],[2806],[15944],[3644],[15944],[3644],"[""Ġwatched""]","[""Ġblack""]","[""Ġgaze""]","[""Ġdark""]","[""Ġgaze""]","[""Ġdark""]"
394,swords,"First of America Bank Corp. said it completed its acquisition of Midwest Financial Group Inc. for about $250 million. First of America, which now has 45 banks and $12.5 billion in assets, announced an agreement to acquire the Peoria, Ill., bank holding company in January.","First of America Bank Corp. report it finished its acquisition of Midwest Financial Group Inc. for about $250 million. First of America, which now has 45 banks and $12.5 billion in assets, announced an agreement to acquire the Peoria, Ill., bank holding company in January.",said,report,28,32,completed,finished,36,45,-7.28125,-4.59375,-11.875,-8.625,-7.71875,-16.34375,4.46875,-9.0,-10.75,-19.75,7.875,2.639588473135965,2.943210534882127,150.45654296875,167.76300048828125,57,57,0.30362206174616224,-2.639588473135965,-2.943210534882127,0.30362206174616224,[753],[6312],[1304],[6699],[1304],[6699],"[""Ġsaid""]","[""Ġcompleted""]","[""Ġreport""]","[""Ġfinished""]","[""Ġreport""]","[""Ġfinished""]"
395,swords,"I do not plan to write a book: this narrative must move more quickly. Tasha and
                    I became lovers that evening, after a good dinner of paella at her apartment. I
                    made some small joke afterward, about approving of her firm's business
                    incentives, and she cried.","I do not plan to compose a book: this narrative must move more quickly. Tasha and
                    I became lovers that evening, after a satisfactory dinner of paella at her apartment. I
                    made some small joke afterward, about approving of her firm's business
                    incentives, and she cried.",good,satisfactory,138,142,write,compose,17,22,-5.125,-4.28125,-9.40625,-9.625,-9.75,-19.375,9.96875,-9.5625,-9.75,-19.3125,9.90625,4.037338014632937,4.191755022321429,254.352294921875,264.08056640625,63,63,0.1544170076884921,-4.037338014632937,-4.191755022321429,0.1544170076884921,[1175],[3630],[20297],[38530],[20297],[38530],"[""Ġgood""]","[""Ġwrite""]","[""Ġsatisfactory""]","[""Ġcompose""]","[""Ġsatisfactory""]","[""Ġcompose""]"
396,swords,"10 as the deadline for the receipt of any competing bids. DD Acquisition said the extension is to allow this process to be completed. Dunkin' is based in Randolph, Mass.","10 as the deadline for the receipt of any competing bids. DD Acquisition stated the extension is to allow this progression to be completed. Dunkin' is based in Randolph, Mass.",process,progression,109,116,said,stated,73,77,-2.953125,-5.125,-8.078125,-11.875,-8.125,-20.0,11.921875,-12.25,-8.125,-20.375,12.296875,3.7075063344594597,4.1334855363175675,137.177734375,152.93896484375,37,37,0.4259792018581079,-3.7075063344594597,-4.1334855363175675,0.4259792018581079,[1232],[753],[10005],[4767],[10005],[4767],"[""Ġprocess""]","[""Ġsaid""]","[""Ġprogression""]","[""Ġstated""]","[""Ġprogression""]","[""Ġstated""]"
397,swords,"I do not plan to write a book: this narrative must move more quickly. Tasha and
                    I became lovers that evening, after a good dinner of paella at her apartment. I
                    made some small joke afterward, about approving of her firm's business
                    incentives, and she cried.","I do not plan to compose a book: this narrative must move more quickly. Tasha and
                    I became lovers that evening, after a respectable dinner of paella at her apartment. I
                    made some small joke afterward, about approving of her firm's business
                    incentives, and she cried.",good,respectable,138,142,write,compose,17,22,-5.125,-4.28125,-9.40625,-9.625,-9.75,-19.375,9.96875,-9.4375,-9.75,-19.1875,9.78125,4.037338014632937,4.177244156125992,254.352294921875,263.1663818359375,63,63,0.13990614149305536,-4.037338014632937,-4.177244156125992,0.13990614149305536,[1175],[3630],[39034],[38530],[39034],[38530],"[""Ġgood""]","[""Ġwrite""]","[""Ġrespectable""]","[""Ġcompose""]","[""Ġrespectable""]","[""Ġcompose""]"
398,swords,"Intelogic Trace Inc., San Antonio, Texas, said it bought 2.7 million shares, or about 18%, of its common stock from an unaffiliated shareholder for $3.625 a share, or $9.9 million.  

The move boosts Intelogic Chairman Asher Edelman's stake to 20% from 16.2% and may help prevent Martin Ackerman from making a run at the computer-services concern. Mr. Ackerman already is seeking to oust Mr. Edelman as chairman of Datapoint Corp., an Intelogic affiliate.","Intelogic Trace Inc., San Antonio, Texas, stated it bought 2.7 million shares, or about 18%, of its common stock from an unaffiliated shareholder for $3.625 a share, or $9.9 million.  

The move boosts Intelogic Chairman Asher Edelman's stake to 20% from 16.2% and may help restrict Martin Ackerman from making a run at the computer-services concern. Mr. Ackerman already is seeking to oust Mr. Edelman as chairman of Datapoint Corp., an Intelogic affiliate.",prevent,restrict,272,279,said,stated,42,46,-5.8125,-5.0625,-10.875,-9.0625,-9.375,-18.4375,7.5625,-8.75,-9.375,-18.125,7.25,2.684110047387295,2.846924172073114,327.46142578125,347.3247489929199,122,122,0.16281412468581902,-2.684110047387295,-2.846924172073114,0.16281412468581902,[3657],[753],[4656],[4767],[4656],[4767],"[""Ġprevent""]","[""Ġsaid""]","[""Ġrestrict""]","[""Ġstated""]","[""Ġrestrict""]","[""Ġstated""]"
399,swords,"I've been thinking about the mindwipe, now two days away. Who said that those
                    who forget the past are doomed to repeat it? I fear that may be true for me.","I've been thinking about the mindwipe, now two days away. Who stated that those
                    who forget the history are doomed to repeat it? I fear that may be true for me.",past,history,113,117,said,stated,62,66,-1.453125,-6.28125,-7.734375,-5.34375,-11.75,-17.09375,9.359375,-5.28125,-11.75,-17.03125,9.296875,3.4617513020833335,3.735051081730769,135.00830078125,145.6669921875,39,39,0.2732997796474357,-3.4617513020833335,-3.735051081730769,0.2732997796474357,[2469],[753],[2892],[4767],[2892],[4767],"[""Ġpast""]","[""Ġsaid""]","[""Ġhistory""]","[""Ġstated""]","[""Ġhistory""]","[""Ġstated""]"
401,swords,"""Too bad. If I thought he could free me from you --"" 
                 ""Hah!""","""Too bad. If I reckon he could release me from you --"" 
                 ""Hah!""",thought,reckon,15,22,free,release,32,36,-5.65625,-9.875,-15.53125,-13.0625,-8.5625,-21.625,6.09375,-13.0625,-9.5625,-22.625,7.09375,4.623828125,5.219921875,92.4765625,104.3984375,20,20,0.5960937499999996,-4.623828125,-5.219921875,0.5960937499999996,[1869],[1959],[44352],[3727],[44352],[3727],"[""Ġthought""]","[""Ġfree""]","[""Ġreckon""]","[""Ġrelease""]","[""Ġreckon""]","[""Ġrelease""]"
403,swords,"""Imagine that."" I remembered an article in The Medusa and a photo of a work in
                    which 100-peso notes fell like confetti onto a small Undersider, sexlessly young
                    in grimy, oversized clothing. The child's face was a warground for wonder and
                    mistrust.","""Imagine that."" I recalled an article in The Medusa and a photo of a work in
                    which 100-peso notes drop like confetti onto a small Undersider, sexlessly young
                    in grimy, oversized clothing. The child's face was a warground for wonder and
                    mistrust.",fell,drop,120,124,remembered,recalled,18,28,-6.625,-7.21875,-13.84375,-10.125,-8.125,-18.25,4.40625,-10.1875,-8.0625,-18.25,4.40625,4.666914000655666,4.7091670758796464,308.0163240432739,310.80502700805664,66,66,0.042253075223980474,-4.666914000655666,-4.7091670758796464,0.042253075223980474,[6497],[12659],[5926],[17602],[5926],[17602],"[""Ġfell""]","[""Ġremembered""]","[""Ġdrop""]","[""Ġrecalled""]","[""Ġdrop""]","[""Ġrecalled""]"
404,swords,"I stand up, I walk around, I pretend someone makes a vid about
                    a writer and I must enact every cliche. I cannot decide what's important. But I
                    have learned something: writing trivializes.","I stand up, I walk around, I pretend somebody makes a vid about
                    a writer and I must enact every cliche. I cannot choose what's important. But I
                    have learned something: writing trivializes.",decide,choose,132,138,someone,somebody,37,44,-6.875,-7.875,-14.75,-6.9375,-9.625,-16.5625,1.8125,-7.03125,-9.625,-16.65625,1.90625,4.350146484375,4.465871853298611,195.756591796875,200.9642333984375,45,45,0.11572536892361107,-4.350146484375,-4.465871853298611,0.11572536892361107,[7617],[3095],[5206],[11853],[5206],[11853],"[""Ġdecide""]","[""Ġsomeone""]","[""Ġchoose""]","[""Ġsomebody""]","[""Ġchoose""]","[""Ġsomebody""]"
405,swords,"The other concern wasn't identified.  

Ratners's chairman, Gerald Ratner, said the deal remains of ""substantial benefit to Ratners."" In London at mid-afternoon yesterday, Ratners's shares were up 2 pence (1.26 cents), at 260 pence ($1.64).","The other concern wasn't identified.  

Ratners's chairman, Gerald Ratner, stated the deal remains of ""substantial worth to Ratners."" In London at mid-afternoon yesterday, Ratners's shares were up 2 pence (1.26 cents), at 260 pence ($1.64).",benefit,worth,113,120,said,stated,75,79,-2.59375,-2.421875,-5.015625,-6.71875,-7.25,-13.96875,8.953125,-6.0,-7.25,-13.25,8.234375,3.461406980242048,3.5969825926281156,218.06863975524902,226.6099033355713,63,63,0.1355756123860674,-3.461406980242048,-3.5969825926281156,0.1355756123860674,[5649],[753],[4409],[4767],[4409],[4767],"[""Ġbenefit""]","[""Ġsaid""]","[""Ġworth""]","[""Ġstated""]","[""Ġworth""]","[""Ġstated""]"
407,swords,"Xerox Corp. has told employees in its Crum & Forster personal insurance operations that it is laying off about 300 people, or 25% of the staff.  

A spokeswoman for Crum & Forster said employees were told early this week that numerous staff functions for the personal insurance lines were going to be centralized as a cost-cutting move.","Xerox Corp. has told employees in its Crum & Forster personal insurance operations that it is laying off about 300 employee, or 25% of the staff.  

A spokeswoman for Crum & Forster stated employees were told early this week that numerous staff functions for the personal insurance lines were going to be centralized as a cost-cutting move.",people,employee,115,121,said,stated,180,184,-1.4921875,-0.84375,-2.3359375,-9.0625,-7.46875,-16.53125,14.1953125,-9.125,-6.75,-15.875,13.5390625,2.729170905219184,2.963010787963867,196.50030517578125,213.33677673339844,72,72,0.23383988274468326,-2.729170905219184,-2.963010787963867,0.23383988274468326,[952],[753],[8183],[4767],[8183],[4767],"[""Ġpeople""]","[""Ġsaid""]","[""Ġemployee""]","[""Ġstated""]","[""Ġemployee""]","[""Ġstated""]"
408,swords,"His eyes opened wider while we watched
                    each other. His lips contorted as if they had lost their ability to shape sound.
                    I turned to touch the cube that was Tasha's crypt.","His eyes unfolded wider while we watched
                    each other. His lips contorted as if they had lost their ability to shape noise.
                    I turned to touch the cube that was Tasha's crypt.",sound,noise,133,138,opened,unfolded,9,15,-6.375,-4.5625,-10.9375,-11.4375,-12.0,-23.4375,12.5,-11.4375,-12.0,-23.4375,12.5,3.92333984375,4.323325552591464,160.85693359375,177.25634765625,41,41,0.3999857088414638,-3.92333984375,-4.323325552591464,0.3999857088414638,[3590],[5485],[6046],[42273],[6046],[42273],"[""Ġsound""]","[""Ġopened""]","[""Ġnoise""]","[""Ġunfolded""]","[""Ġnoise""]","[""Ġunfolded""]"
409,swords,"I'm in love."" We both thought I
                    referred to the vista. 
            
            
                 It's strange how one can write delightedly of the happier moments of life,
                    forgetting the things that one would forget by remembering fully the things one
                    would remember, and suddenly the forgotten, in revenge, rears up to savage the
                    unwary.","I'm in love."" We both believe I
                    referred to the vista. 
            
            
                 It's unusual how one can write delightedly of the happier moments of life,
                    forgetting the things that one would forget by remembering fully the things one
                    would remember, and suddenly the forgotten, in revenge, rears up to savage the
                    unwary.",thought,believe,22,29,strange,unusual,124,131,-5.125,-6.3125,-11.4375,-8.25,-8.8125,-17.0625,5.625,-8.25,-8.875,-17.125,5.6875,3.967461308346519,4.127821523931962,313.429443359375,326.097900390625,79,79,0.16036021558544267,-3.967461308346519,-4.127821523931962,0.16036021558544267,[1869],[8921],[2868],[11555],[2868],[11555],"[""Ġthought""]","[""Ġstrange""]","[""Ġbelieve""]","[""Ġunusual""]","[""Ġbelieve""]","[""Ġunusual""]"
410,swords,"Probably not. But it is something marvelous and rare, which is surely a
                    sign of love. 
                 If my love for her was the only important thing, I would leave a holo of her
                    with a note: ""Dear Future, this is Tasha Cortez.","Probably not. But it is something marvelous and uncommon, which is certainly a
                    sign of love. 
                 If my love for her was the only important thing, I would leave a holo of her
                    with a note: ""Dear Future, this is Tasha Cortez.",surely,certainly,63,69,rare,uncommon,48,52,-6.71875,-4.78125,-11.5,-5.78125,-7.28125,-13.0625,1.5625,-5.53125,-7.28125,-12.8125,1.3125,3.7908832097457625,3.8414989406779663,223.662109375,226.6484375,59,59,0.05061573093220373,-3.7908832097457625,-3.8414989406779663,0.05061573093220373,[13353],[7520],[5604],[24666],[5604],[24666],"[""Ġsurely""]","[""Ġrare""]","[""Ġcertainly""]","[""Ġuncommon""]","[""Ġcertainly""]","[""Ġuncommon""]"
412,swords,"They say the cubes will outlast
                    planets and suns, that when the universe dies, the works of Malaquez and his
                    followers will be the last things seen in the final wink of God's eye. 
                 Yes, Self, I am also bothered that this observation ignores half-eaten cheese
                    sandwiches, incomplete insect collections, and locks of infants' hair, forgotten
                    in closets, basements, and warehouses. 
                 You see the inspiration for my latest play, ""Captured Moments.""","They say the blocks will outlast
                    planets and suns, that when the universe dies, the works of Malaquez and his
                    followers will be the last things seen in the final wink of God's eye. 
                 Yes, Self, I am also trouble that this observation ignores half-eaten cheese
                    sandwiches, incomplete insect collections, and locks of infants' hair, forgotten
                    in closets, basements, and warehouses. 
                 You see the inspiration for my latest play, ""Captured Moments.""",bothered,trouble,259,267,cubes,blocks,13,18,-9.25,-11.5,-20.75,-12.75,-9.875,-22.625,1.875,-12.6875,-9.875,-22.5625,1.8125,3.718546014083059,3.8046564470257676,423.91424560546875,433.7308349609375,114,114,0.08611043294270848,-3.718546014083059,-3.8046564470257676,0.08611043294270848,[28860],[37072],[7596],[8336],[7596],[8336],"[""Ġbothered""]","[""Ġcubes""]","[""Ġtrouble""]","[""Ġblocks""]","[""Ġtrouble""]","[""Ġblocks""]"
414,swords,"N.V. DSM said net income in the third quarter jumped 63% as the company had substantially lower extraordinary charges to account for a restructuring program.  

The Dutch chemical group said net income gained to 235 million guilders ($113.2 million), or 6.70 guilders a share, from 144 million guilders, or 4.10 guilders a share, a year ago.","N.V. DSM stated net income in the third quarter jumped 63% as the company had substantially lesser extraordinary charges to account for a restructuring program.  

The Dutch chemical group said net income gained to 235 million guilders ($113.2 million), or 6.70 guilders a share, from 144 million guilders, or 4.10 guilders a share, a year ago.",lower,lesser,90,95,said,stated,9,13,-3.453125,-4.9375,-8.390625,-9.8125,-8.875,-18.6875,10.296875,-9.625,-8.8125,-18.4375,10.046875,2.6845741754845727,2.941165392911887,212.08135986328125,232.35206604003906,79,79,0.25659121742731417,-2.6845741754845727,-2.941165392911887,0.25659121742731417,[2406],[753],[16277],[4767],[16277],[4767],"[""Ġlower""]","[""Ġsaid""]","[""Ġlesser""]","[""Ġstated""]","[""Ġlesser""]","[""Ġstated""]"
415,swords,"I think I was wondering what it meant to say that a thing was
                    art, so we accepted it as art. Or perhaps I was thinking about the things that
                    humanity made that would outlive our species. But I was probably only looking at
                    my reflection in the capturador's lens.","I believe I was wondering what it meant to say that a thing was
                    art, so we accepted it as art. Or perhaps I was deliberate about the things that
                    humanity made that would outlive our species. But I was probably only looking at
                    my reflection in the capturador's lens.",thinking,deliberate,130,138,think,believe,2,7,-1.875,-3.09375,-4.96875,-13.8125,-5.125,-18.9375,13.96875,-13.0,-4.96875,-17.96875,13.0,3.5387635231018066,3.8936238288879395,226.48086547851562,249.19192504882812,64,64,0.3548603057861328,-3.5387635231018066,-3.8936238288879395,0.3548603057861328,[4680],[1158],[24807],[2868],[24807],[2868],"[""Ġthinking""]","[""Ġthink""]","[""Ġdeliberate""]","[""Ġbelieve""]","[""Ġdeliberate""]","[""Ġbelieve""]"
416,swords,"Tony Lama Co. said that Equus Investment II Limited Partnership has proposed changing the offer for the company to $13.65 in cash and stock from an all-cash transaction.  

Under terms of the new proposal, Equus, managed by Equus Capital Corp., Houston, would pay $12 cash and one new preferred share with a liquidation preference of $1.65 a share for each of Tony Lama's 2.1 million shares outstanding.","Tony Lama Co. stated that Equus Investment II Limited Partnership has proposed swap the offer for the company to $13.65 in cash and stock from an all-cash transaction.  

Under terms of the new proposal, Equus, managed by Equus Capital Corp., Houston, would pay $12 cash and one new preferred share with a liquidation preference of $1.65 a share for each of Tony Lama's 2.1 million shares outstanding.",changing,swap,77,85,said,stated,14,18,-7.78125,-9.0,-16.78125,-13.0625,-12.375,-25.4375,8.65625,-13.125,-12.25,-25.375,8.59375,3.155666919464761,3.3543257206044297,296.6326904296875,315.3066177368164,94,94,0.19865880113966883,-3.155666919464761,-3.3543257206044297,0.19865880113966883,[6890],[753],[22101],[4767],[22101],[4767],"[""Ġchanging""]","[""Ġsaid""]","[""Ġswap""]","[""Ġstated""]","[""Ġswap""]","[""Ġstated""]"
417,swords,"My mindsmith is not
                    so understanding. She says I am emotionally a child, to which I reply, ""Of
                    course. Why else would I come to you?""","My mindsmith is not
                    so understanding. She claim I am emotionally a child, to which I respond, ""Of
                    course. Why else would I come to you?""",says,claim,62,66,reply,respond,104,109,-3.515625,-2.015625,-5.53125,-13.375,-2.71875,-16.09375,10.5625,-13.3125,-3.09375,-16.40625,10.875,3.6084187825520835,3.9837782118055554,129.903076171875,143.416015625,36,36,0.3753594292534719,-3.6084187825520835,-3.9837782118055554,0.3753594292534719,[2296],[12252],[1750],[3794],[1750],[3794],"[""Ġsays""]","[""Ġreply""]","[""Ġclaim""]","[""Ġrespond""]","[""Ġclaim""]","[""Ġrespond""]"
419,swords,"I had not considered that I might not write to learn, but to
                    punish myself. Let me abuse the playwright and dismiss the penultimate scene in
                    a few sentences: After giving Emil full rights to a sculpture of Tasha and me,
                    we had a good dinner of curried clam chowder, lobsters boiled on Terra and
                    unstopped still steaming on N'Apulco, and cinnamon custard for desert. Then we
                    went out for a late swim.","I had not regarded that I might not write to learn, but to
                    punish myself. Let me abuse the playwright and reject the penultimate scene in
                    a few sentences: After giving Emil full rights to a sculpture of Tasha and me,
                    we had a good dinner of curried clam chowder, lobsters boiled on Terra and
                    unstopped still steaming on N'Apulco, and cinnamon custard for desert. Then we
                    went out for a late swim.",dismiss,reject,128,135,considered,regarded,10,20,-9.5,-4.28125,-13.78125,-9.125,-9.125,-18.25,4.46875,-9.5,-9.0625,-18.5625,4.78125,4.048210815147117,4.155542656227395,437.2067680358887,448.7986068725586,108,108,0.10733184108027771,-4.048210815147117,-4.155542656227395,0.10733184108027771,[5597],[2783],[12009],[12258],[12009],[12258],"[""Ġdismiss""]","[""Ġconsidered""]","[""Ġreject""]","[""Ġregarded""]","[""Ġreject""]","[""Ġregarded""]"
420,swords,"He added, ""This has nothing to do with Marty Ackerman and it is not designed, particularly, to take the company private.""  

But Mr. Ackerman said the buy-back, and the above-market price paid, prove that Mr. Edelman is running scared.","He added, ""This has nothing to do with Marty Ackerman and it is not designed, especially, to take the company private.""  

But Mr. Ackerman said the buy-back, and the above-market price paid, justify that Mr. Edelman is running scared.",prove,justify,194,199,particularly,especially,78,90,-7.4375,-8.3125,-15.75,-8.4375,-7.25,-15.6875,-0.0625,-8.3125,-7.34375,-15.65625,-0.09375,3.3916361490885416,3.5472640991210938,203.4981689453125,212.83584594726562,60,60,0.15562795003255214,-3.3916361490885416,-3.5472640991210938,0.15562795003255214,[5276],[3782],[15249],[3340],[15249],[3340],"[""Ġprove""]","[""Ġparticularly""]","[""Ġjustify""]","[""Ġespecially""]","[""Ġjustify""]","[""Ġespecially""]"
423,swords,"I don't mean to sound cynical. I suppose I wish to show that I'm still capable
                    of a certain authorial distance, a semblance of dispassionate observation. The
                    following events may indicate otherwise.","I don't mean to sound cynical. I think I wish to show that I'm still capable
                    of a certain authorial detachment, a semblance of dispassionate observation. The
                    following events may indicate otherwise.",distance,detachment,122,130,suppose,think,33,40,-4.9375,-7.3125,-12.25,-4.5625,-2.71875,-7.28125,-4.96875,-4.875,-2.703125,-7.578125,-4.671875,3.5041205512152778,3.5543646918402776,157.6854248046875,159.9464111328125,45,45,0.05024414062499982,-3.5041205512152778,-3.5543646918402776,0.05024414062499982,[4181],[9428],[36832],[1158],[36832],[1158],"[""Ġdistance""]","[""Ġsuppose""]","[""Ġdetachment""]","[""Ġthink""]","[""Ġdetachment""]","[""Ġthink""]"
424,swords,"A tall, narrow
                    stopbox stood in the center of one room; sand trickled forever downward while
                    beads of water splashed across the sand's path. If that was Malaquez's work, it
                    was a very minor effort. But then, I was in no mood to consider art.","A tall, narrow
                    stopbox stood in the middle of one room; sand trickled forever downward while
                    beads of water splashed across the sand's path. If that was Malaquez's labor, it
                    was a very minor effort. But then, I was in no mood to consider art.",work,labor,204,208,center,middle,56,62,-5.0625,-1.75,-6.8125,-10.375,-1.125,-11.5,4.6875,-10.625,-1.125,-11.75,4.9375,3.940204796424279,4.0782081017127405,256.1133117675781,265.0835266113281,65,65,0.1380033052884615,-3.940204796424279,-4.0782081017127405,0.1380033052884615,[789],[4055],[5299],[4766],[5299],[4766],"[""Ġwork""]","[""Ġcenter""]","[""Ġlabor""]","[""Ġmiddle""]","[""Ġlabor""]","[""Ġmiddle""]"
425,swords,"Mr. Ackerman already is seeking to oust Mr. Edelman as chairman of Datapoint Corp., an Intelogic affiliate.  

The action followed by one day an Intelogic announcement that it will retain an investment banker to explore alternatives ""to maximize shareholder value,"" including the possible sale of the company.  

In New York Stock Exchange composite trading yesterday, Intelogic shares rose 37.5 cents to close at $2.75.","Mr. Ackerman already is trying to oust Mr. Edelman as chairman of Datapoint Corp., an Intelogic affiliate.  

The action followed by one day an Intelogic announcement that it will keep an investment banker to explore alternatives ""to maximize shareholder value,"" including the possible sale of the company.  

In New York Stock Exchange composite trading yesterday, Intelogic shares rose 37.5 cents to close at $2.75.",retain,keep,181,187,seeking,trying,24,31,-7.0,-5.78125,-12.78125,-6.75,-5.15625,-11.90625,-0.875,-6.53125,-5.21875,-11.75,-1.03125,2.745945980674342,2.7995441637541116,260.8648681640625,265.9566955566406,95,95,0.0535981830797696,-2.745945980674342,-2.7995441637541116,0.0535981830797696,[13280],[8445],[1978],[2820],[1978],[2820],"[""Ġretain""]","[""Ġseeking""]","[""Ġkeep""]","[""Ġtrying""]","[""Ġkeep""]","[""Ġtrying""]"
426,swords,"Those who are truly
                    curious may look at the last act of ""Captured Moments."") I remember suggesting,
                    with characteristic tact, that she add Emil to her small list of major
                    accomplishments. 
                 Malaquez glanced away, embarrassed.","Those who are really
                    curious may look at the last act of ""Captured Moments."") I remember suggesting,
                    with characteristic tact, that she add Emil to her trivial list of major
                    accomplishments. 
                 Malaquez glanced away, embarrassed.",small,trivial,191,196,truly,really,14,19,-7.8125,-6.46875,-14.28125,-13.0625,-5.84375,-18.90625,4.625,-12.9375,-5.84375,-18.78125,4.5,4.34828047916807,4.401584625244141,252.20026779174805,255.29190826416016,58,58,0.053304146076071035,-4.34828047916807,-4.401584625244141,0.053304146076071035,[1355],[7777],[14916],[1663],[14916],[1663],"[""Ġsmall""]","[""Ġtruly""]","[""Ġtrivial""]","[""Ġreally""]","[""Ġtrivial""]","[""Ġreally""]"
427,swords,"I
                    merely said, ""Is Tasha here?"" 
                 He pursed his lips slightly, then nodded. ""Yes.""","I
                    merely stated, ""Is Tasha here?"" 
                 He pursed his lips marginally, then nodded. ""Yes.""",slightly,marginally,89,97,said,stated,29,33,-4.90625,-6.0625,-10.96875,-10.9375,-6.59375,-17.53125,6.5625,-10.375,-6.625,-17.0,6.03125,3.7165278682002314,4.0799379701967595,100.34625244140625,110.1583251953125,27,27,0.3634101019965281,-3.7165278682002314,-4.0799379701967595,0.3634101019965281,[5777],[753],[42876],[4767],[42876],[4767],"[""Ġslightly""]","[""Ġsaid""]","[""Ġmarginally""]","[""Ġstated""]","[""Ġmarginally""]","[""Ġstated""]"
429,swords,"Don't let
fatigue get to you.

She used the discretion of the mirrored window to secretively survey her crew.
Harmon was an excellent addition to the bridge team, but was she open minded
enough to defy United Earth Command and sever all ties from Earth?","Don't let
fatigue get to you.

She employed the discretion of the mirrored window to secretively review her crew.
Harmon was an excellent addition to the bridge team, but was she open minded
enough to defy United Earth Command and sever all ties from Earth?",survey,review,93,99,used,employed,35,39,-6.46875,-6.78125,-13.25,-8.1875,-11.1875,-19.375,6.125,-7.5625,-11.1875,-18.75,5.5,3.846809895833333,4.021122233072917,230.80859375,241.267333984375,60,60,0.1743123372395834,-3.846809895833333,-4.021122233072917,0.1743123372395834,[6630],[908],[2278],[7091],[2278],[7091],"[""Ġsurvey""]","[""Ġused""]","[""Ġreview""]","[""Ġemployed""]","[""Ġreview""]","[""Ġemployed""]"
433,swords,"Mr. Reupke was one of three executives on Reuters's eight-person executive committee who didn't also serve on the company's board of directors. ""If I were choosing the people of tomorrow, I would have chosen the people who are now on the board,"" he said.  

A Reuters spokesman said the departure reflects ""no change in strategy or profits.""","Mr. Reupke was one of three executives on Reuters's eight-person executive committee who didn't likewise serve on the company's board of directors. ""If I were pick the people of tomorrow, I would have chosen the people who are now on the board,"" he said.  

A Reuters spokesman said the departure reflects ""no change in strategy or profits.""",choosing,pick,155,163,also,likewise,96,100,-8.0625,-8.125,-16.1875,-10.625,-13.875,-24.5,8.3125,-10.75,-13.875,-24.625,8.4375,3.0074363914695947,3.239399677998311,222.55029296875,239.715576171875,74,74,0.23196328652871623,-3.0074363914695947,-3.239399677998311,0.23196328652871623,[13887],[671],[2619],[21223],[2619],[21223],"[""Ġchoosing""]","[""Ġalso""]","[""Ġpick""]","[""Ġlikewise""]","[""Ġpick""]","[""Ġlikewise""]"
435,swords,"Still, if I do decide, we could practice --"" 
                 Later, I said, ""You've been chosen to succeed the Emperor."" 
                 ""What?""","Still, if I do decide, we could practice --"" 
                 Later, I stated, ""You've been chosen to replace the Emperor."" 
                 ""What?""",succeed,replace,101,108,said,stated,72,76,-6.5625,-4.28125,-10.84375,-5.5,-8.4375,-13.9375,3.09375,-5.46875,-8.375,-13.84375,3.0,3.985469933712121,4.143673058712121,131.5205078125,136.7412109375,33,33,0.158203125,-3.985469933712121,-4.143673058712121,0.158203125,[9302],[753],[8171],[4767],[8171],[4767],"[""Ġsucceed""]","[""Ġsaid""]","[""Ġreplace""]","[""Ġstated""]","[""Ġreplace""]","[""Ġstated""]"
437,swords,"""Interesting."" 
                 ""You could write a play about someone like him."" 
                 ""Perhaps.""","""Interesting."" 
                 ""You could make a play about somebody like him."" 
                 ""Perhaps.""",write,make,44,49,someone,somebody,63,70,-6.15625,-5.03125,-11.1875,-3.890625,-7.59375,-11.484375,0.296875,-3.828125,-7.84375,-11.671875,0.484375,3.7862723214285716,4.057570684523809,79.51171875,85.208984375,21,21,0.2712983630952377,-3.7862723214285716,-4.057570684523809,0.2712983630952377,[3630],[3095],[1056],[11853],[1056],[11853],"[""Ġwrite""]","[""Ġsomeone""]","[""Ġmake""]","[""Ġsomebody""]","[""Ġmake""]","[""Ġsomebody""]"
438,swords,"I cannot decide what's important. But I
                    have learned something: writing trivializes. The Tasha who was is not the Tasha
                    in this file.","I cannot determine what's important. But I
                    have discover something: writing trivializes. The Tasha who was is not the Tasha
                    in this file.",learned,discover,65,72,decide,determine,9,15,-4.59375,-5.875,-10.46875,-12.375,-6.625,-19.0,8.53125,-11.875,-6.625,-18.5,8.03125,4.923898135914522,5.154684627757353,167.41253662109375,175.25927734375,34,34,0.2307864918428315,-4.923898135914522,-5.154684627757353,0.2307864918428315,[6311],[7617],[9413],[3653],[9413],[3653],"[""Ġlearned""]","[""Ġdecide""]","[""Ġdiscover""]","[""Ġdetermine""]","[""Ġdiscover""]","[""Ġdetermine""]"
439,swords,"My mind was on other things. ""You wish to become pregnant? I suppose I could
                    assist a friend.","My mind was on other things. ""You wish to be pregnant? I think I could
                    assist a friend.",become,be,42,48,suppose,think,61,68,-5.53125,-6.0,-11.53125,-2.484375,-3.828125,-6.3125,-5.21875,-2.515625,-3.796875,-6.3125,-5.21875,4.243082682291667,4.266520182291667,101.833984375,102.396484375,24,24,0.0234375,-4.243082682291667,-4.266520182291667,0.0234375,[2489],[9428],[320],[1158],[320],[1158],"[""Ġbecome""]","[""Ġsuppose""]","[""Ġbe""]","[""Ġthink""]","[""Ġbe""]","[""Ġthink""]"
440,swords,"BRIEFS: Only 57.6% of New Yorkers watch the local news, the lowest viewership in the country, says a new study by Impact Resources Inc., Columbus, Ohio. . . . FreudToy, a pillow bearing the likeness of Sigmund Freud, is marketed as a $24.95 tool for do-it-yourself analysis.","BRIEFS: Just 57.6% of New Yorkers watch the local news, the lowest viewership in the country, says a new study by Impact Resources Inc., Columbus, Ohio. . . . FreudToy, a pillow bearing the likeness of Sigmund Freud, is marketed as a $24.95 tool for do-it-yourself breakdown.",analysis,breakdown,265,273,Only,Just,8,12,-7.375,-7.65625,-15.03125,-10.1875,-6.5,-16.6875,1.65625,-10.1875,-6.46875,-16.65625,1.625,3.1327124143901623,3.2343446079053377,238.08614349365234,245.81019020080566,76,76,0.10163219351517538,-3.1327124143901623,-3.2343446079053377,0.10163219351517538,[1783],[7214],[19501],[3771],[19501],[3771],"[""Ġanalysis""]","[""ĠOnly""]","[""Ġbreakdown""]","[""ĠJust""]","[""Ġbreakdown""]","[""ĠJust""]"
441,swords,"Sales for the full year were $6.6 billion, up 13% from $5.8 billion.  

Ralston said its restructuring costs include the phase-out of a battery facility in Greenville, N.C., the recent closing of a Hostess cake bakery in Cincinnati and a reduction in staff throughout the company. The battery plant, which makes rechargeable nickel cadmium and carbon zinc products, will be closed over the next year or so, a spokesman said.","Sales for the full year were $6.6 billion, up 13% from $5.8 billion.  

Ralston stated its restructuring rate include the phase-out of a battery facility in Greenville, N.C., the recent closing of a Hostess cake bakery in Cincinnati and a reduction in staff throughout the company. The battery plant, which makes rechargeable nickel cadmium and carbon zinc products, will be closed over the next year or so, a spokesman said.",costs,rate,103,108,said,stated,80,84,-2.46875,-2.953125,-5.421875,-10.875,-7.03125,-17.90625,12.484375,-11.125,-7.0,-18.125,12.703125,2.5504742933042124,2.7652738648231585,252.496955037117,273.7621126174927,99,99,0.21479957151894613,-2.5504742933042124,-2.7652738648231585,0.21479957151894613,[4815],[753],[2281],[4767],[2281],[4767],"[""Ġcosts""]","[""Ġsaid""]","[""Ġrate""]","[""Ġstated""]","[""Ġrate""]","[""Ġstated""]"
444,swords,"The controls of the capturador were more complex than those of a kitchen model,
                    but I recognized the unstop tab. I could free Tasha. If I did, one of three
                    things would happen.","The controls of the capturador were more complex than those of a kitchen model,
                    but I realized the unstop tab. I could release Tasha. If I did, one of three
                    things would happen.",free,release,141,145,recognized,realized,106,116,-7.59375,-7.71875,-15.3125,-7.34375,-6.03125,-13.375,-1.9375,-7.28125,-6.03125,-13.3125,-2.0,4.218793402777778,4.3313408745659725,189.845703125,194.91033935546875,45,45,0.11254747178819446,-4.218793402777778,-4.3313408745659725,0.11254747178819446,[1959],[7478],[3727],[8156],[3727],[8156],"[""Ġfree""]","[""Ġrecognized""]","[""Ġrelease""]","[""Ġrealized""]","[""Ġrelease""]","[""Ġrealized""]"
445,swords,"My mindsmith is not
                    so understanding. She says I am emotionally a child, to which I reply, ""Of
                    course. Why else would I come to you?""","My mindsmith is not
                    so understanding. She respond I am emotionally a child, to which I respond, ""Of
                    course. Why else would I come to you?""",says,respond,62,66,reply,respond,104,109,-3.515625,-2.015625,-5.53125,-13.8125,-2.71875,-16.53125,11.0,-13.8125,-2.234375,-16.046875,10.515625,3.6084187825520835,4.137037489149305,129.903076171875,148.933349609375,36,36,0.5286187065972219,-3.6084187825520835,-4.137037489149305,0.5286187065972219,[2296],[12252],[3794],[3794],[3794],[3794],"[""Ġsays""]","[""Ġreply""]","[""Ġrespond""]","[""Ġrespond""]","[""Ġrespond""]","[""Ġrespond""]"
448,swords,"2 million shares, or about 38.5% of the shares outstanding, have been tendered under its offer. The partners said they already hold 15% of all shares outstanding.","2 million shares, or about 38.5% of the shares outstanding, have been tendered under its bid. The partners stated they already hold 15% of all shares outstanding.",offer,bid,89,94,said,stated,109,113,-2.328125,-2.984375,-5.3125,-7.0,-6.40625,-13.40625,8.09375,-7.0,-6.78125,-13.78125,8.46875,2.6644650050571985,2.9608377729143416,93.25627517700195,103.62932205200195,35,35,0.29637276785714306,-2.6644650050571985,-2.9608377729143416,0.29637276785714306,[3959],[753],[12246],[4767],[12246],[4767],"[""Ġoffer""]","[""Ġsaid""]","[""Ġbid""]","[""Ġstated""]","[""Ġbid""]","[""Ġstated""]"
450,swords,"The company has reported declines in operating profit in each of the past three years, despite steady sales growth.  

Magna recently cut its quarterly dividend in half and the company's Class A shares are wallowing far below their 52-week high of 16.125 Canadian dollars (US$13.73). On the Toronto Stock Exchange yesterday, Magna shares closed up 37.5 Canadian cents to C$9.625.","The company has reported declines in operating earnings in each of the past three years, despite steady sales growth.  

Magna recently cut its quarterly returns in half and the company's Class A shares are wallowing far below their 52-week high of 16.125 Canadian dollars (US$13.73). On the Toronto Stock Exchange yesterday, Magna shares closed up 37.5 Canadian cents to C$9.625.",dividend,returns,152,160,profit,earnings,47,53,-0.3984375,-1.453125,-1.8515625,-11.25,-2.90625,-14.15625,12.3046875,-11.375,-2.953125,-14.328125,12.4765625,2.635243343752484,2.7888481561527696,226.63092756271362,239.84094142913818,86,86,0.15360481240028578,-2.635243343752484,-2.7888481561527696,0.15360481240028578,[43690],[11528],[6548],[20375],[6548],[20375],"[""Ġdividend""]","[""Ġprofit""]","[""Ġreturns""]","[""Ġearnings""]","[""Ġreturns""]","[""Ġearnings""]"
452,swords,"Don't let
fatigue get to you.

She used the discretion of the mirrored window to secretively survey her crew.
Harmon was an excellent addition to the bridge team, but was she open minded
enough to defy United Earth Command and sever all ties from Earth?","Don't let
fatigue get to you.

She employed the discretion of the mirrored window to secretively inspect her crew.
Harmon was an excellent addition to the bridge team, but was she open minded
enough to defy United Earth Command and sever all ties from Earth?",survey,inspect,93,99,used,employed,35,39,-6.46875,-6.78125,-13.25,-6.25,-11.1875,-17.4375,4.1875,-5.75,-11.1875,-16.9375,3.6875,3.846809895833333,4.042757161458334,230.80859375,242.5654296875,60,60,0.19594726562500053,-3.846809895833333,-4.042757161458334,0.19594726562500053,[6630],[908],[16030],[7091],[16030],[7091],"[""Ġsurvey""]","[""Ġused""]","[""Ġinspect""]","[""Ġemployed""]","[""Ġinspect""]","[""Ġemployed""]"
453,swords,"For the year ended Sept. 30, Ralston earned $422.5 million, or $6.44 a share, up 8.9% from $387.8 million, or $5.63 a share. This year's results included a gain of $70.2 million on the disposal of seafood operations. Sales for the full year were $6.6 billion, up 13% from $5.8 billion.","For the year finished Sept. 30, Ralston earned $422.5 million, or $6.44 a share, up 8.9% from $387.8 million, or $5.63 a share. This year's results included a gain of $70.2 million on the elimination of seafood operations. Sales for the full year were $6.6 billion, up 13% from $5.8 billion.",disposal,elimination,185,193,ended,finished,13,18,-4.4375,-2.9375,-7.375,-9.0625,-8.5625,-17.625,10.25,-9.125,-8.5625,-17.6875,10.3125,1.8331882871430496,2.065419339585578,159.4873809814453,179.6914825439453,87,87,0.23223105244252862,-1.8331882871430496,-2.065419339585578,0.23223105244252862,[23585],[7402],[20408],[6699],[20408],[6699],"[""Ġdisposal""]","[""Ġended""]","[""Ġelimination""]","[""Ġfinished""]","[""Ġelimination""]","[""Ġfinished""]"
454,swords,"No. I abandoned these notes to my future self to have the wipe done immediately,
                    thinking that Bernardo Flynn should receive such services when he needed them,
                    even should the need arise at the third hour after midnight. My mindsmith is not
                    so understanding.","No. I abandoned these notes to my future ego to have the wipe done immediately,
                    thinking that Bernardo Flynn should receive such services when he need them,
                    even should the need arise at the third hour after midnight. My mindsmith is not
                    so understanding.",needed,need,167,173,self,ego,41,45,-4.03125,-0.07568359375,-4.10693359375,-7.78125,-10.4375,-18.21875,14.11181640625,-7.78125,-10.4375,-18.21875,14.11181640625,4.634319305419922,4.826497759137835,259.5218811035156,270.28387451171875,56,56,0.1921784537179132,-4.634319305419922,-4.826497759137835,0.1921784537179132,[3058],[1881],[878],[23057],[878],[23057],"[""Ġneeded""]","[""Ġself""]","[""Ġneed""]","[""Ġego""]","[""Ġneed""]","[""Ġego""]"
455,swords,"she suppressed the surge of annoyance that ran through her as
she contemplated the psi's gift of getting all the hot news first.

Harmon's face slowly animated - joy sweeping in to replace stern concentration.
""Tarrin says the planet's a freaking gemstone!","she repressed the surge of annoyance that ran through her as
she contemplated the psi's gift of getting all the hot news first.

Harmon's face slowly animated - happiness sweeping in to replace stern concentration.
""Tarrin says the planet's a freaking gemstone!",joy,happiness,162,165,suppressed,repressed,4,14,-8.1875,-12.8125,-21.0,-9.0625,-14.6875,-23.75,2.75,-9.1875,-14.8125,-24.0,3.0,4.4964744438559325,4.646823689088983,265.2919921875,274.16259765625,59,59,0.15034924523305015,-4.4964744438559325,-4.646823689088983,0.15034924523305015,[11010],[16013],[15704],[47960],[15704],[47960],"[""Ġjoy""]","[""Ġsuppressed""]","[""Ġhappiness""]","[""Ġrepressed""]","[""Ġhappiness""]","[""Ġrepressed""]"
456,swords,"Dow Jones, which owns about 64 million of Telerate's 95 million common shares outstanding, said that about 24,000 shares have been tendered under its offer.  

Telerate's two independent directors have rejected the offer as inadequate. In composite trading on the New York Stock Exchange, Telerate shares closed at $19.50, up 12.5 cents.","Dow Jones, which owns about 64 million of Telerate's 95 million common shares outstanding, stated that about 24,000 shares have been tendered under its offer.  

Telerate's two independent leader have rejected the offer as inadequate. In composite trading on the New York Stock Exchange, Telerate shares closed at $19.50, up 12.5 cents.",directors,leader,187,196,said,stated,91,95,-0.1328125,-2.4375,-2.5703125,-16.375,-7.3125,-23.6875,21.1171875,-16.125,-7.3125,-23.4375,20.8671875,2.895504913330078,3.2836725362141927,217.16286849975586,246.27544021606445,75,75,0.38816762288411466,-2.895504913330078,-3.2836725362141927,0.38816762288411466,[17970],[753],[6657],[4767],[6657],[4767],"[""Ġdirectors""]","[""Ġsaid""]","[""Ġleader""]","[""Ġstated""]","[""Ġleader""]","[""Ġstated""]"
457,swords,"She was a twenty-four-year-old (Terran Standard) N'Apulcan
                    who left university training in hydroponics to work for her aunt's real estate
                    firm. Her family said she did it to support her father, who was dying of a
                    particularly painful degenerative disease. Tasha said she woke up one morning
                    convinced that if she spent another day studying vegetables, she would become
                    one.","She was a twenty-four-year-old (Terran Standard) N'Apulcan
                    who left university education in hydroponics to work for her aunt's real estate
                    firm. Her family said she did it to support her father, who was dying of a
                    particularly unpleasant degenerative disease. Tasha said she woke up one morning
                    convinced that if she spent another day studying vegetables, she would become
                    one.",painful,unpleasant,286,293,training,education,99,107,-2.578125,-7.8125,-10.390625,-5.9375,-7.5625,-13.5,3.109375,-5.90625,-7.4375,-13.34375,2.953125,3.148553506951583,3.239162886770148,299.1125831604004,307.72047424316406,95,95,0.09060937981856476,-3.148553506951583,-3.239162886770148,0.09060937981856476,[16592],[3733],[28637],[4730],[28637],[4730],"[""Ġpainful""]","[""Ġtraining""]","[""Ġunpleasant""]","[""Ġeducation""]","[""Ġunpleasant""]","[""Ġeducation""]"
459,swords,"Tiny Tots Inc., Campbell, Calif., says business is up 35% in the past year. ""We're gaining 1,200 new customers each week,"" says Jack Mogavero of General Health Care Corp., Piscataway, N.J. In Syracuse, N.Y., DyDee Service's new marketing push stresses environmental awareness. Among its new customers: day-care centers that previously spurned the service.","Tiny Tots Inc., Campbell, Calif., states business is up 35% in the past year. ""We're gaining 1,200 new customers each week,"" says Jack Mogavero of General Health Care Corp., Piscataway, N.J. In Syracuse, N.Y., DyDee Service's new marketing advance stresses environmental awareness. Among its new customers: day-care centers that previously spurned the service.",push,advance,238,242,says,states,34,38,-5.65625,-5.0625,-10.71875,-12.875,-8.625,-21.5,10.78125,-12.625,-8.625,-21.25,10.53125,3.2462633540121355,3.426678261060393,288.9174385070801,304.974365234375,89,89,0.1804149070482577,-3.2462633540121355,-3.426678261060393,0.1804149070482577,[7450],[2296],[7170],[3054],[7170],[3054],"[""Ġpush""]","[""Ġsays""]","[""Ġadvance""]","[""Ġstates""]","[""Ġadvance""]","[""Ġstates""]"
460,swords,"10 as the deadline for the receipt of any competing bids. DD Acquisition said the extension is to allow this process to be completed. Dunkin' is based in Randolph, Mass.","10 as the deadline for the receipt of any competing bids. DD Acquisition stated the extension is to allow this operation to be completed. Dunkin' is based in Randolph, Mass.",process,operation,109,116,said,stated,73,77,-2.953125,-5.125,-8.078125,-7.34375,-8.125,-15.46875,7.390625,-7.5,-8.125,-15.625,7.546875,3.7075063344594597,4.033361486486487,137.177734375,149.234375,37,37,0.3258551520270272,-3.7075063344594597,-4.033361486486487,0.3258551520270272,[1232],[753],[4254],[4767],[4254],[4767],"[""Ġprocess""]","[""Ġsaid""]","[""Ġoperation""]","[""Ġstated""]","[""Ġoperation""]","[""Ġstated""]"
461,swords,"The service -- which costs the caller from 30 cents to $25 a minute -- currently is dominated by celebrity chatter, horoscopes and romance lines. But more serious applications are in the wings, and that is where the future growth is expected.  

""I'm starting to see more business transactions,"" says Andrea West of American Telephone & Telegraph Co., noting growing interest in use of 900 service for stock sales, software tutorials and even service contracts.","The service -- which costs the caller from 30 cents to $25 a minute -- presently is dominated by celebrity chatter, horoscopes and romance lines. But more serious applications are in the wings, and that is where the prospective growth is expected.  

""I'm starting to see more business transactions,"" says Andrea West of American Telephone & Telegraph Co., noting growing interest in use of 900 service for stock sales, software tutorials and even service contracts.",future,prospective,216,222,currently,presently,71,80,-3.65625,-7.1875,-10.84375,-9.25,-11.75,-21.0,10.15625,-9.0,-11.75,-20.75,9.90625,3.8053355793376547,3.8807648040436127,346.28553771972656,353.14959716796875,91,91,0.07542922470595803,-3.8053355793376547,-3.8807648040436127,0.07542922470595803,[2852],[4390],[13893],[21654],[13893],[21654],"[""Ġfuture""]","[""Ġcurrently""]","[""Ġprospective""]","[""Ġpresently""]","[""Ġprospective""]","[""Ġpresently""]"
464,swords,"She did not like my plays. I had impressed her because I was famous and amusing
                    and not, as I had hoped, because I was a great artist. That bothered (yes, and
                    intrigued) me until I realized that she was bored by most plays, movies, and
                    vid.","She did not like my plays. I had impressed her because I was renowned and amusing
                    and not, as I had hoped, because I was a superb artist. That bothered (yes, and
                    intrigued) me until I realized that she was bored by most plays, movies, and
                    vid.",great,superb,141,146,famous,renowned,61,67,-3.203125,-8.0,-11.203125,-6.09375,-11.125,-17.21875,6.015625,-6.0625,-11.125,-17.1875,5.984375,3.6209306716918945,3.7851428985595703,231.73956298828125,242.2491455078125,64,64,0.16421222686767578,-3.6209306716918945,-3.7851428985595703,0.16421222686767578,[1270],[8530],[29837],[30101],[29837],[30101],"[""Ġgreat""]","[""Ġfamous""]","[""Ġsuperb""]","[""Ġrenowned""]","[""Ġsuperb""]","[""Ġrenowned""]"
465,swords,"Intelogic Trace Inc., San Antonio, Texas, said it bought 2.7 million shares, or about 18%, of its common stock from an unaffiliated shareholder for $3.625 a share, or $9.9 million.  

The move boosts Intelogic Chairman Asher Edelman's stake to 20% from 16.2% and may help prevent Martin Ackerman from making a run at the computer-services concern. Mr. Ackerman already is seeking to oust Mr. Edelman as chairman of Datapoint Corp., an Intelogic affiliate.","Intelogic Trace Inc., San Antonio, Texas, stated it bought 2.7 million shares, or about 18%, of its common stock from an unaffiliated shareholder for $3.625 a share, or $9.9 million.  

The move boosts Intelogic Chairman Asher Edelman's stake to 20% from 16.2% and may help avoid Martin Ackerman from making a run at the computer-services concern. Mr. Ackerman already is seeking to oust Mr. Edelman as chairman of Datapoint Corp., an Intelogic affiliate.",prevent,avoid,272,279,said,stated,42,46,-5.8125,-5.0625,-10.875,-6.9375,-9.375,-16.3125,5.4375,-6.875,-9.375,-16.25,5.375,2.684110047387295,2.836370577577685,327.46142578125,346.03721046447754,122,122,0.15226053019038988,-2.684110047387295,-2.836370577577685,0.15226053019038988,[3657],[753],[3693],[4767],[3693],[4767],"[""Ġprevent""]","[""Ġsaid""]","[""Ġavoid""]","[""Ġstated""]","[""Ġavoid""]","[""Ġstated""]"
466,swords,"He lives around here somewhere. I suppose he was attracted to the
                    commotion up the hill."" 
                 ""Ah,"" Malaquez said.","He lives around here somewhere. I think he was draw to the
                    commotion up the hill."" 
                 ""Ah,"" Malaquez said.",attracted,draw,49,58,suppose,think,34,41,-7.03125,-5.75,-12.78125,-13.0625,-2.859375,-15.921875,3.140625,-13.625,-2.875,-16.5,3.71875,4.780403645833333,5.016276041666667,143.412109375,150.48828125,30,30,0.23587239583333375,-4.780403645833333,-5.016276041666667,0.23587239583333375,[17755],[9428],[3812],[1158],[3812],[1158],"[""Ġattracted""]","[""Ġsuppose""]","[""Ġdraw""]","[""Ġthink""]","[""Ġdraw""]","[""Ġthink""]"
467,swords,"His
                    story would stand in either case. 
                 I wanted him to tell me more, but he babbled, begging me to forgive him, to
                    understand. I did not listen.","His
                    story would stand in either case. 
                 I desired him to tell me extra, but he babbled, begging me to forgive him, to
                    understand. I did not listen.",more,extra,100,104,wanted,desired,78,84,-3.328125,-6.0,-9.328125,-11.625,-9.4375,-21.0625,11.734375,-11.375,-9.5,-20.875,11.546875,3.5698394775390625,3.9390869140625,142.7935791015625,157.5634765625,40,40,0.3692474365234375,-3.5698394775390625,-3.9390869140625,0.3692474365234375,[625],[3078],[4465],[6799],[4465],[6799],"[""Ġmore""]","[""Ġwanted""]","[""Ġextra""]","[""Ġdesired""]","[""Ġextra""]","[""Ġdesired""]"
468,swords,"And then, because a
                    playwright cannot resist a promising line, I said, ""Your Sleeping Flamingo
                    should be put to sleep."" 
                 To say her face fell would do a disservice to Tasha and to literature. (Allow me
                    my self-indulgences as you would those of a dying man -- when I convince my
                    mindsmith to permit the wipe, there will be another Bernardo Flynn, one who
                    knows no more of Tasha Cortez or Vega IV than he reads here.)","And then, because a
                    playwright cannot resist a promising line, I stated, ""Your Sleeping Flamingo
                    should be put to sleep."" 
                 To remark her face fell would do a disservice to Tasha and to literature. (Allow me
                    my self-indulgences as you would those of a dying man -- when I convince my
                    mindsmith to permit the wipe, there will be another Bernardo Flynn, one who
                    knows no more of Tasha Cortez or Vega IV than he reads here.)",say,remark,181,184,said,stated,85,89,-4.375,-4.0625,-8.4375,-11.625,-9.6875,-21.3125,12.875,-11.6875,-9.6875,-21.375,12.9375,4.062173594599185,4.265313720703125,467.14996337890625,490.5110778808594,115,115,0.20314012610394006,-4.062173594599185,-4.265313720703125,0.20314012610394006,[1333],[753],[7579],[4767],[7579],[4767],"[""Ġsay""]","[""Ġsaid""]","[""Ġremark""]","[""Ġstated""]","[""Ġremark""]","[""Ġstated""]"
469,swords,"My last show --"" 
                 "" --was glorious!"" Tasha said.","My last display --"" 
                 "" --was splendid!"" Tasha said.",glorious,splendid,43,51,show,display,8,12,-9.75,-6.15625,-15.90625,-9.625,-10.375,-20.0,4.09375,-10.125,-10.375,-20.5,4.59375,6.065104166666667,6.6609375,90.9765625,99.9140625,15,15,0.5958333333333332,-6.065104166666667,-6.6609375,0.5958333333333332,[28548],[921],[34095],[3148],[34095],[3148],"[""Ġglorious""]","[""Ġshow""]","[""Ġsplendid""]","[""Ġdisplay""]","[""Ġsplendid""]","[""Ġdisplay""]"
470,swords,"He began to cry. ""She left. Earlier this morning --""","He started to cry. ""She exit. Earlier this morning --""",left,exit,22,26,began,started,3,8,-5.21875,-6.875,-12.09375,-16.875,-5.96875,-22.84375,10.75,-16.75,-6.0,-22.75,10.65625,4.114483173076923,5.311298076923077,53.48828125,69.046875,13,13,1.1968149038461533,-4.114483173076923,-5.311298076923077,1.1968149038461533,[1669],[3407],[10463],[3053],[10463],[3053],"[""Ġleft""]","[""Ġbegan""]","[""Ġexit""]","[""Ġstarted""]","[""Ġexit""]","[""Ġstarted""]"
471,swords,"She was a twenty-four-year-old (Terran Standard) N'Apulcan
                    who left university training in hydroponics to work for her aunt's real estate
                    firm. Her family said she did it to support her father, who was dying of a
                    particularly painful degenerative disease. Tasha said she woke up one morning
                    convinced that if she spent another day studying vegetables, she would become
                    one.","She was a twenty-four-year-old (Terran Standard) N'Apulcan
                    who left university education in hydroponics to work for her aunt's real estate
                    firm. Her family said she did it to support her father, who was dying of a
                    particularly awful degenerative disease. Tasha said she woke up one morning
                    convinced that if she spent another day studying vegetables, she would become
                    one.",painful,awful,286,293,training,education,99,107,-2.578125,-7.8125,-10.390625,-6.0625,-7.5625,-13.625,3.234375,-6.15625,-7.4375,-13.59375,3.203125,3.148553506951583,3.238260931717722,299.1125831604004,307.6347885131836,95,95,0.08970742476613891,-3.148553506951583,-3.238260931717722,0.08970742476613891,[16592],[3733],[18580],[4730],[18580],[4730],"[""Ġpainful""]","[""Ġtraining""]","[""Ġawful""]","[""Ġeducation""]","[""Ġawful""]","[""Ġeducation""]"
474,swords,"In New York Stock Exchange composite trading yesterday, Intelogic shares rose 37.5 cents to close at $2.75.  

Mr. Edelman declined to specify what prompted the recent moves, saying they are meant only to benefit shareholders when ""the company is on a roll."" He added, ""This has nothing to do with Marty Ackerman and it is not designed, particularly, to take the company private.""","In New York Stock Exchange composite trading yesterday, Intelogic shares climbed 37.5 cents to close at $2.75.  

Mr. Edelman declined to specify what prompted the recent action, saying they are meant only to benefit shareholders when ""the company is on a roll."" He added, ""This has nothing to do with Marty Ackerman and it is not designed, particularly, to take the company private.""",moves,action,168,173,rose,climbed,73,77,-4.65625,-1.7734375,-6.4296875,-4.375,-4.28125,-8.65625,2.2265625,-4.34375,-4.28125,-8.625,2.1953125,3.19862560893214,3.2973020686659704,275.08180236816406,283.56797790527344,86,86,0.09867645973383032,-3.19862560893214,-3.2973020686659704,0.09867645973383032,[9727],[9461],[2250],[21863],[2250],[21863],"[""Ġmoves""]","[""Ġrose""]","[""Ġaction""]","[""Ġclimbed""]","[""Ġaction""]","[""Ġclimbed""]"
476,swords,"El Espectador has been a special target because of the extraordinary courage of its publisher and his staff.
At Monterrey, publisher Luis Gabriel Cano, although shaken by the murders, issued a statement saying: ""We will not cease our fight against drug trafficking.
They want to terrify the press and in particular El Espectador because it has always been a torchbearer in this war.""","El Espectador has been a special objective because of the extraordinary courage of its publisher and his staff.
At Monterrey, publisher Luis Gabriel Cano, although shaken by the murders, issued a statement saying: ""We will not drop our fight against drug trafficking.
They want to terrify the press and in particular El Espectador because it has always been a torchbearer in this war.""",cease,drop,224,229,target,objective,33,39,-4.90625,-7.0,-11.90625,-7.40625,-9.375,-16.78125,4.875,-7.25,-9.375,-16.625,4.71875,3.0753278732299805,3.1747957322655656,252.1768856048584,260.33325004577637,82,82,0.09946785903558508,-3.0753278732299805,-3.1747957322655656,0.09946785903558508,[22907],[2303],[5926],[8103],[5926],[8103],"[""Ġcease""]","[""Ġtarget""]","[""Ġdrop""]","[""Ġobjective""]","[""Ġdrop""]","[""Ġobjective""]"
477,swords,"You look like hell, Tar. Don't blow this. Don't let
fatigue get to you.","You seem like hell, Tar. Don't ruin this. Don't let
fatigue get to you.",blow,ruin,31,35,look,seem,4,8,-8.4375,-6.1875,-14.625,-7.25,-8.0625,-15.3125,0.6875,-7.625,-8.0,-15.625,1.0,4.047685895647321,4.329087030319941,85.00140380859375,90.91082763671875,21,21,0.2814011346726195,-4.047685895647321,-4.329087030319941,0.2814011346726195,[8230],[1007],[23737],[1646],[23737],[1646],"[""Ġblow""]","[""Ġlook""]","[""Ġruin""]","[""Ġseem""]","[""Ġruin""]","[""Ġseem""]"
478,swords,"""Why 'Frodo'?"" 
                 Tasha said, ""A little fellow with big, furry feet. What else could he be
                    called?""","""Why 'Frodo'?"" 
                 Tasha stated, ""A little chap with big, furry feet. What else could he be
                    called?""",fellow,chap,55,61,said,stated,39,43,-8.8125,-3.21875,-12.03125,-10.25,-7.0625,-17.3125,5.28125,-10.4375,-7.09375,-17.53125,5.5,4.130950927734375,4.351463317871094,132.1904296875,139.246826171875,32,32,0.22051239013671875,-4.130950927734375,-4.351463317871094,0.22051239013671875,[7715],[753],[13885],[4767],[13885],[4767],"[""Ġfellow""]","[""Ġsaid""]","[""Ġchap""]","[""Ġstated""]","[""Ġchap""]","[""Ġstated""]"
479,swords,"U.S. trade officials said the Philippines and Thailand would be the main beneficiaries of the president's action.  

Imports of the types of watches that now will be eligible for duty-free treatment totaled about $37.3 million in 1988, a relatively small share of the $1.5 billion in U.S. watch imports that year, according to an aide to U.S. Trade Representative Carla Hills.","U.S. trade officials stated the Philippines and Thailand would be the main beneficiaries of the president's action.  

Imports of the types of watches that currently will be eligible for duty-free treatment totaled about $37.3 million in 1988, a relatively small share of the $1.5 billion in U.S. watch imports that year, according to an aide to U.S. Trade Representative Carla Hills.",now,currently,154,157,said,stated,21,25,-7.40625,-2.59375,-10.0,-8.5625,-7.40625,-15.96875,5.96875,-8.4375,-7.40625,-15.84375,5.84375,2.2988104820251465,2.4324740063060415,202.2953224182129,214.05771255493164,88,88,0.133663524280895,-2.2988104820251465,-2.4324740063060415,0.133663524280895,[1024],[753],[4390],[4767],[4390],[4767],"[""Ġnow""]","[""Ġsaid""]","[""Ġcurrently""]","[""Ġstated""]","[""Ġcurrently""]","[""Ġstated""]"
480,swords,"And then, because a
                    playwright cannot resist a promising line, I said, ""Your Sleeping Flamingo
                    should be put to sleep."" 
                 To say her face fell would do a disservice to Tasha and to literature. (Allow me
                    my self-indulgences as you would those of a dying man -- when I convince my
                    mindsmith to permit the wipe, there will be another Bernardo Flynn, one who
                    knows no more of Tasha Cortez or Vega IV than he reads here.)","And then, because a
                    playwright cannot resist a promising line, I stated, ""Your Sleeping Flamingo
                    should be put to sleep."" 
                 To think her face fell would do a disservice to Tasha and to literature. (Allow me
                    my self-indulgences as you would those of a dying man -- when I convince my
                    mindsmith to permit the wipe, there will be another Bernardo Flynn, one who
                    knows no more of Tasha Cortez or Vega IV than he reads here.)",say,think,181,184,said,stated,85,89,-4.375,-4.0625,-8.4375,-6.125,-9.6875,-15.8125,7.375,-6.65625,-9.6875,-16.34375,7.90625,4.062173594599185,4.187529588782269,467.14996337890625,481.56590270996094,115,115,0.12535599418308419,-4.062173594599185,-4.187529588782269,0.12535599418308419,[1333],[753],[1158],[4767],[1158],[4767],"[""Ġsay""]","[""Ġsaid""]","[""Ġthink""]","[""Ġstated""]","[""Ġthink""]","[""Ġstated""]"
481,swords,"First of America Bank Corp. said it completed its acquisition of Midwest Financial Group Inc. for about $250 million. First of America, which now has 45 banks and $12.5 billion in assets, announced an agreement to acquire the Peoria, Ill., bank holding company in January.","First of America Bank Corp. remark it finished its acquisition of Midwest Financial Group Inc. for about $250 million. First of America, which now has 45 banks and $12.5 billion in assets, announced an agreement to acquire the Peoria, Ill., bank holding company in January.",said,remark,28,32,completed,finished,36,45,-7.28125,-4.59375,-11.875,-14.625,-7.71875,-22.34375,10.46875,-14.3125,-9.8125,-24.125,12.25,2.639588473135965,3.034839295504386,150.45654296875,172.98583984375,57,57,0.39525082236842124,-2.639588473135965,-3.034839295504386,0.39525082236842124,[753],[6312],[7579],[6699],[7579],[6699],"[""Ġsaid""]","[""Ġcompleted""]","[""Ġremark""]","[""Ġfinished""]","[""Ġremark""]","[""Ġfinished""]"
485,swords,"""You could write a play about someone like him."" 
                 ""Perhaps."" 
                 ""I think his face is his form of vanity.","""You could compose a play about someone like him."" 
                 ""Maybe."" 
                 ""I think his face is his form of vanity.",Perhaps,Maybe,68,75,write,compose,11,16,-6.40625,-5.28125,-11.6875,-4.5625,-10.1875,-14.75,3.0625,-4.90625,-10.25,-15.15625,3.46875,3.9432896205357144,4.121303013392857,110.412109375,115.396484375,28,28,0.17801339285714235,-3.9432896205357144,-4.121303013392857,0.17801339285714235,[16830],[3630],[11175],[38530],[11175],[38530],"[""Perhaps""]","[""Ġwrite""]","[""Maybe""]","[""Ġcompose""]","[""Maybe""]","[""Ġcompose""]"
486,swords,"He began to cry. ""She left. Earlier this morning --""","He started to cry. ""She depart. Earlier this morning --""",left,depart,22,26,began,started,3,8,-5.21875,-6.875,-12.09375,-13.75,-5.96875,-19.71875,7.625,-14.8125,-6.0,-20.8125,8.71875,4.114483173076923,5.268028846153846,53.48828125,68.484375,13,13,1.1535456730769225,-4.114483173076923,-5.268028846153846,1.1535456730769225,[1669],[3407],[7907],[3053],[7907],[3053],"[""Ġleft""]","[""Ġbegan""]","[""Ġdepart""]","[""Ġstarted""]","[""Ġdepart""]","[""Ġstarted""]"
488,swords,"My last show --"" 
                 "" --was glorious!"" Tasha said.","My last display --"" 
                 "" --was divine!"" Tasha said.",glorious,divine,43,51,show,display,8,12,-9.75,-6.15625,-15.90625,-11.9375,-10.375,-22.3125,6.40625,-13.0,-10.375,-23.375,7.46875,6.065104166666667,6.797395833333334,90.9765625,101.9609375,15,15,0.7322916666666668,-6.065104166666667,-6.797395833333334,0.7322916666666668,[28548],[921],[18892],[3148],[18892],[3148],"[""Ġglorious""]","[""Ġshow""]","[""Ġdivine""]","[""Ġdisplay""]","[""Ġdivine""]","[""Ġdisplay""]"
489,swords,"Don't let
fatigue get to you.

She used the discretion of the mirrored window to secretively survey her crew.
Harmon was an excellent addition to the bridge team, but was she open minded
enough to defy United Earth Command and sever all ties from Earth?","Don't let
fatigue get to you.

She employed the discretion of the mirrored window to secretively assess her crew.
Harmon was an excellent addition to the bridge team, but was she open minded
enough to defy United Earth Command and sever all ties from Earth?",survey,assess,93,99,used,employed,35,39,-6.46875,-6.78125,-13.25,-8.1875,-11.1875,-19.375,6.125,-8.0625,-11.1875,-19.25,6.0,3.846809895833333,3.993912760416667,230.80859375,239.634765625,60,60,0.14710286458333366,-3.846809895833333,-3.993912760416667,0.14710286458333366,[6630],[908],[2939],[7091],[2939],[7091],"[""Ġsurvey""]","[""Ġused""]","[""Ġassess""]","[""Ġemployed""]","[""Ġassess""]","[""Ġemployed""]"
490,swords,"A tall, narrow
                    stopbox stood in the center of one room; sand trickled forever downward while
                    beads of water splashed across the sand's path. If that was Malaquez's work, it
                    was a very minor effort. But then, I was in no mood to consider art.","A tall, narrow
                    stopbox stood in the middle of one room; sand trickled forever downward while
                    beads of water splashed across the sand's path. If that was Malaquez's creation, it
                    was a very minor effort. But then, I was in no mood to consider art.",work,creation,204,208,center,middle,56,62,-5.0625,-1.75,-6.8125,-6.5,-1.125,-7.625,0.8125,-6.65625,-1.125,-7.78125,0.96875,3.940204796424279,3.976038067157452,256.1133117675781,258.4424743652344,65,65,0.035833270733172995,-3.940204796424279,-3.976038067157452,0.035833270733172995,[789],[4055],[8869],[4766],[8869],[4766],"[""Ġwork""]","[""Ġcenter""]","[""Ġcreation""]","[""Ġmiddle""]","[""Ġcreation""]","[""Ġmiddle""]"
491,swords,"He added, ""This has nothing to do with Marty Ackerman and it is not designed, particularly, to take the company private.""  

But Mr. Ackerman said the buy-back, and the above-market price paid, prove that Mr. Edelman is running scared.","He added, ""This has nothing to do with Marty Ackerman and it is not designed, especially, to take the company private.""  

But Mr. Ackerman said the buy-back, and the above-market price paid, indicate that Mr. Edelman is running scared.",prove,indicate,194,199,particularly,especially,78,90,-7.4375,-8.3125,-15.75,-5.8125,-7.25,-13.0625,-2.6875,-5.90625,-7.34375,-13.25,-2.5,3.3916361490885416,3.3237625122070313,203.4981689453125,199.42575073242188,60,60,-0.06787363688151027,-3.3916361490885416,-3.3237625122070313,-0.06787363688151027,[5276],[3782],[5224],[3340],[5224],[3340],"[""Ġprove""]","[""Ġparticularly""]","[""Ġindicate""]","[""Ġespecially""]","[""Ġindicate""]","[""Ġespecially""]"
493,swords,"""No one,"" Tasha replied. 
                 Truth is always more boring than fiction. For Malaquez did not move into Dream's
                    End until four or five months after I -- we?","""No one,"" Tasha replied. 
                 Truth is repeatedly more dull than fiction. For Malaquez did not move into Dream's
                    End until four or five months after I -- we?",always,repeatedly,52,58,boring,dull,64,70,-4.8125,-6.09375,-10.90625,-13.125,-9.5,-22.625,11.71875,-13.1875,-8.375,-21.5625,10.65625,5.167260146722561,5.539479325457317,211.857666015625,227.11865234375,41,41,0.3722191787347562,-5.167260146722561,-5.539479325457317,0.3722191787347562,[1900],[22258],[12889],[22544],[12889],[22544],"[""Ġalways""]","[""Ġboring""]","[""Ġrepeatedly""]","[""Ġdull""]","[""Ġrepeatedly""]","[""Ġdull""]"
495,swords,"Pacific First Financial Corp. said shareholders approved its acquisition by Royal Trustco Ltd. of Toronto for $27 a share, or $212 million.  

The thrift holding company said it expects to obtain regulatory approval and complete the transaction by year-end.","Pacific First Financial Corp. stated shareholders sanction its acquisition by Royal Trustco Ltd. of Toronto for $27 a share, or $212 million.  

The thrift holding company said it expects to obtain regulatory approval and complete the transaction by year-end.",approved,sanction,48,56,said,stated,30,34,-1.375,-4.59375,-5.96875,-12.8125,-7.9375,-20.75,14.78125,-11.875,-7.65625,-19.53125,13.5625,2.7683915358323317,3.1360191932091346,143.95635986328125,163.072998046875,52,52,0.3676276573768029,-2.7683915358323317,-3.1360191932091346,0.3676276573768029,[7012],[753],[25162],[4767],[25162],[4767],"[""Ġapproved""]","[""Ġsaid""]","[""Ġsanction""]","[""Ġstated""]","[""Ġsanction""]","[""Ġstated""]"
496,swords,"Tasha looked at me as if to say, ""I will.""
                    She said, ""I feel sorry for you, Nardo. I'll see Emil home.""","Tasha looked at me as if to say, ""I will.""
                    She stated, ""I feel sympathy for you, Nardo. I'll see Emil home.""",sorry,sympathy,81,86,said,stated,67,71,-4.8125,-3.640625,-8.453125,-10.375,-7.75,-18.125,9.671875,-10.4375,-7.75,-18.1875,9.734375,3.551283482142857,3.8490931919642857,124.294921875,134.71826171875,35,35,0.29780970982142874,-3.551283482142857,-3.8490931919642857,0.29780970982142874,[7016],[753],[25528],[4767],[25528],[4767],"[""Ġsorry""]","[""Ġsaid""]","[""Ġsympathy""]","[""Ġstated""]","[""Ġsympathy""]","[""Ġstated""]"
497,swords,"Don't let
fatigue get to you.

She used the discretion of the mirrored window to secretively survey her crew.
Harmon was an excellent addition to the bridge team, but was she open minded
enough to defy United Earth Command and sever all ties from Earth?","Don't let
fatigue get to you.

She employed the discretion of the mirrored window to secretively monitor her crew.
Harmon was an excellent addition to the bridge team, but was she open minded
enough to defy United Earth Command and sever all ties from Earth?",survey,monitor,93,99,used,employed,35,39,-6.46875,-6.78125,-13.25,-8.1875,-11.1875,-19.375,6.125,-7.75,-11.1875,-18.9375,5.6875,3.846809895833333,4.071346028645833,230.80859375,244.28076171875,60,60,0.22453613281250018,-3.846809895833333,-4.071346028645833,0.22453613281250018,[6630],[908],[5724],[7091],[5724],[7091],"[""Ġsurvey""]","[""Ġused""]","[""Ġmonitor""]","[""Ġemployed""]","[""Ġmonitor""]","[""Ġemployed""]"
498,swords,"You think I sleep with every famous
                    person I meet?"" 
                 As you may have guessed, we had talked about such things. I do not claim ours
                    was a perfect affair, only a wonderful one.","You believe I sleep with every famous
                    person I meet?"" 
                 As you may have figure, we had talked about such things. I do not claim ours
                    was a perfect affair, only a wonderful one.",guessed,figure,106,113,think,believe,4,9,-0.62890625,-5.34375,-5.97265625,-9.8125,-6.75,-16.5625,10.58984375,-9.75,-6.71875,-16.46875,10.49609375,3.6942027698863638,4.005504261363637,162.544921875,176.2421875,44,44,0.31130149147727293,-3.6942027698863638,-4.005504261363637,0.31130149147727293,[30346],[1158],[4677],[2868],[4677],[2868],"[""Ġguessed""]","[""Ġthink""]","[""Ġfigure""]","[""Ġbelieve""]","[""Ġfigure""]","[""Ġbelieve""]"
499,swords,"He added, ""This has nothing to do with Marty Ackerman and it is not designed, particularly, to take the company private.""  

But Mr. Ackerman said the buy-back, and the above-market price paid, prove that Mr. Edelman is running scared.","He added, ""This has nothing to do with Marty Ackerman and it is not designed, especially, to take the company private.""  

But Mr. Ackerman said the buy-back, and the above-market price paid, establish that Mr. Edelman is running scared.",prove,establish,194,199,particularly,especially,78,90,-7.4375,-8.3125,-15.75,-9.0625,-7.25,-16.3125,0.5625,-9.0625,-7.34375,-16.40625,0.65625,3.3916361490885416,3.494336700439453,203.4981689453125,209.6602020263672,60,60,0.1027005513509116,-3.3916361490885416,-3.494336700439453,0.1027005513509116,[5276],[3782],[5100],[3340],[5100],[3340],"[""Ġprove""]","[""Ġparticularly""]","[""Ġestablish""]","[""Ġespecially""]","[""Ġestablish""]","[""Ġespecially""]"
501,swords,"Other works also have been exceeding price estimates. In part, prices reflect development of a market structure based on such variables as the number of prints. This information used to be poorly documented and largely anecdotal, says Beth Gates-Warren of Sotheby's.","Other works likewise have been exceeding price estimates. In part, prices reflect developing of a market structure based on such variables as the number of prints. This information used to be poorly documented and largely anecdotal, says Beth Gates-Warren of Sotheby's.",development,developing,78,89,also,likewise,12,16,-9.1875,-6.03125,-15.21875,-10.625,-11.8125,-22.4375,7.21875,-10.1875,-11.8125,-22.0,6.78125,3.848901496743256,4.166613956667343,203.99177932739258,220.83053970336914,53,53,0.3177124599240866,-3.848901496743256,-4.166613956667343,0.3177124599240866,[2440],[671],[6684],[21223],[6684],[21223],"[""Ġdevelopment""]","[""Ġalso""]","[""Ġdeveloping""]","[""Ġlikewise""]","[""Ġdeveloping""]","[""Ġlikewise""]"
502,swords,"I'm in love."" We both thought I
                    referred to the vista. 
            
            
                 It's strange how one can write delightedly of the happier moments of life,
                    forgetting the things that one would forget by remembering fully the things one
                    would remember, and suddenly the forgotten, in revenge, rears up to savage the
                    unwary.","I'm in love."" We both reckon I
                    referred to the vista. 
            
            
                 It's unusual how one can write delightedly of the happier moments of life,
                    forgetting the things that one would forget by remembering fully the things one
                    would remember, and suddenly the forgotten, in revenge, rears up to savage the
                    unwary.",thought,reckon,22,29,strange,unusual,124,131,-5.125,-6.3125,-11.4375,-14.0,-8.8125,-22.8125,11.375,-13.9375,-8.75,-22.6875,11.25,3.967461308346519,4.186100054390823,313.429443359375,330.701904296875,79,79,0.218638746044304,-3.967461308346519,-4.186100054390823,0.218638746044304,[1869],[8921],[44352],[11555],[44352],[11555],"[""Ġthought""]","[""Ġstrange""]","[""Ġreckon""]","[""Ġunusual""]","[""Ġreckon""]","[""Ġunusual""]"
503,swords,"""Yes,"" I said, ""Do that,"" and did not care what she did, or why. 
                 Emil asked, ""You're all right?"" I muttered something he must have interpreted as
                    assent.","""Yes,"" I stated, ""Do that,"" and did not care what she did, or why. 
                 Emil asked, ""You're all good?"" I muttered something he must have interpreted as
                    assent.",right,good,107,112,said,stated,9,13,-0.81640625,-0.92578125,-1.7421875,-5.0,-6.09375,-11.09375,9.3515625,-4.46875,-6.125,-10.59375,8.8515625,3.5465928819444446,3.7712022569444446,159.5966796875,169.7041015625,45,45,0.224609375,-3.5465928819444446,-3.7712022569444446,0.224609375,[987],[753],[1175],[4767],[1175],[4767],"[""Ġright""]","[""Ġsaid""]","[""Ġgood""]","[""Ġstated""]","[""Ġgood""]","[""Ġstated""]"
504,swords,"""I'm glad you came after dark."" 
                 Tasha, by accident or design, had found an innocently erotic posture on the
                    couch, where she lay with a book of M'duvian prints. ""Emil!""","""I'm happy you came after dark."" 
                 Tasha, by accident or design, had found an innocently sexual posture on the
                    couch, where she lay with a book of M'duvian prints. ""Emil!""",erotic,sexual,104,110,glad,happy,5,9,-6.53125,-4.0,-10.53125,-5.15625,-4.5,-9.65625,-0.875,-4.8125,-4.5,-9.3125,-1.21875,4.591458067602041,4.638656927614796,224.9814453125,227.294189453125,49,49,0.047198860012755084,-4.591458067602041,-4.638656927614796,0.047198860012755084,[45810],[9995],[5615],[5211],[5615],[5211],"[""Ġerotic""]","[""Ġglad""]","[""Ġsexual""]","[""Ġhappy""]","[""Ġsexual""]","[""Ġhappy""]"
506,swords,"Reed International PLC said that net income for the six months ended Oct. 1 slipped 5% to #89.7 million ($141.9 million), or 16 pence a share, from #94.8 million ($149.9 million), or 17.3 pence a share.  

The British paper, packaging and publishing concern, said profit from continuing lines fell 10% to #118 million from #130.6 million.","Reed International PLC stated that net earning for the six months ended Oct. 1 slipped 5% to #89.7 million ($141.9 million), or 16 pence a share, from #94.8 million ($149.9 million), or 17.3 pence a share.  

The British paper, packaging and publishing concern, said profit from continuing lines fell 10% to #118 million from #130.6 million.",income,earning,37,43,said,stated,23,27,-2.09375,-4.25,-6.34375,-9.0625,-8.3125,-17.375,11.03125,-8.625,-8.25,-16.875,10.53125,2.5903298024381143,2.789240976397911,230.5393524169922,248.24244689941406,89,89,0.19891117395979663,-2.5903298024381143,-2.789240976397911,0.19891117395979663,[6021],[753],[22915],[4767],[22915],[4767],"[""Ġincome""]","[""Ġsaid""]","[""Ġearning""]","[""Ġstated""]","[""Ġearning""]","[""Ġstated""]"
507,swords,"Stephen Akerfeldt, currently vice president finance, will succeed Mr. McAlpine.  

An ambitious expansion has left Magna with excess capacity and a heavy debt load as the automotive industry enters a downturn. The company has reported declines in operating profit in each of the past three years, despite steady sales growth.","Stephen Akerfeldt, presently vice president finance, will succeed Mr. McAlpine.  

An ambitious expansion has left Magna with excess capacity and a huge debt load as the automotive industry enters a downturn. The company has reported declines in operating profit in each of the past three years, despite steady sales growth.",heavy,huge,148,153,currently,presently,19,28,-3.9375,-7.59375,-11.53125,-5.15625,-10.75,-15.90625,4.375,-5.21875,-10.75,-15.96875,4.4375,2.8851632782907197,3.0735418146306817,190.4207763671875,202.853759765625,66,66,0.18837853633996193,-2.8851632782907197,-3.0735418146306817,0.18837853633996193,[5536],[4390],[5699],[21654],[5699],[21654],"[""Ġheavy""]","[""Ġcurrently""]","[""Ġhuge""]","[""Ġpresently""]","[""Ġhuge""]","[""Ġpresently""]"
508,swords,"If I am not, I had the perfect mirror
                    for my narcissism. 
                 As for the issue itself, I'm no longer sure what I want to record. The
                    playwright in me wants every scene of our time together.","If I am not, I had the perfect mirror
                    for my narcissism. 
                 As for the issue itself, I'm no longer sure what I desire to document. The
                    playwright in me wants every scene of our time together.",record,document,154,160,want,desire,146,150,-11.0625,-1.6484375,-12.7109375,-10.9375,-6.59375,-17.53125,4.8203125,-9.875,-6.59375,-16.46875,3.7578125,3.705,3.82751953125,185.25,191.3759765625,50,50,0.12251953125000004,-3.705,-3.82751953125,0.12251953125000004,[1924],[971],[3389],[8327],[3389],[8327],"[""Ġrecord""]","[""Ġwant""]","[""Ġdocument""]","[""Ġdesire""]","[""Ġdocument""]","[""Ġdesire""]"
509,swords,"The company has reported declines in operating profit in each of the past three years, despite steady sales growth.  

Magna recently cut its quarterly dividend in half and the company's Class A shares are wallowing far below their 52-week high of 16.125 Canadian dollars (US$13.73). On the Toronto Stock Exchange yesterday, Magna shares closed up 37.5 Canadian cents to C$9.625.","The company has reported declines in operating earnings in each of the past three years, despite steady sales growth.  

Magna recently cut its quarterly gain in half and the company's Class A shares are wallowing far below their 52-week high of 16.125 Canadian dollars (US$13.73). On the Toronto Stock Exchange yesterday, Magna shares closed up 37.5 Canadian cents to C$9.625.",dividend,gain,152,160,profit,earnings,47,53,-0.3984375,-1.453125,-1.8515625,-12.1875,-2.90625,-15.09375,13.2421875,-12.1875,-2.953125,-15.140625,13.2890625,2.635243343752484,2.791400676549867,226.63092756271362,240.06045818328857,86,86,0.1561573327973833,-2.635243343752484,-2.791400676549867,0.1561573327973833,[43690],[11528],[6351],[20375],[6351],[20375],"[""Ġdividend""]","[""Ġprofit""]","[""Ġgain""]","[""Ġearnings""]","[""Ġgain""]","[""Ġearnings""]"
510,swords,"My mindsmith is not
                    so understanding. She says I am emotionally a child, to which I reply, ""Of
                    course. Why else would I come to you?""","My mindsmith is not
                    so understanding. She express I am emotionally a child, to which I respond, ""Of
                    course. Why else would I come to you?""",says,express,62,66,reply,respond,104,109,-3.515625,-2.015625,-5.53125,-13.1875,-2.71875,-15.90625,10.375,-13.1875,-2.65625,-15.84375,10.3125,3.6084187825520835,4.05645751953125,129.903076171875,146.032470703125,36,36,0.4480387369791665,-3.6084187825520835,-4.05645751953125,0.4480387369791665,[2296],[12252],[3890],[3794],[3890],[3794],"[""Ġsays""]","[""Ġreply""]","[""Ġexpress""]","[""Ġrespond""]","[""Ġexpress""]","[""Ġrespond""]"
512,swords,"Pacific First Financial Corp. said shareholders approved its acquisition by Royal Trustco Ltd. of Toronto for $27 a share, or $212 million.  

The thrift holding company said it expects to obtain regulatory approval and complete the transaction by year-end.","Pacific First Financial Corp. stated shareholders confirm its acquisition by Royal Trustco Ltd. of Toronto for $27 a share, or $212 million.  

The thrift holding company said it expects to obtain regulatory approval and complete the transaction by year-end.",approved,confirm,48,56,said,stated,30,34,-1.375,-4.59375,-5.96875,-11.625,-7.9375,-19.5625,13.59375,-11.5,-7.65625,-19.15625,13.1875,2.7683915358323317,3.263690948486328,143.95635986328125,169.71192932128906,52,52,0.49529941265399646,-2.7683915358323317,-3.263690948486328,0.49529941265399646,[7012],[753],[6583],[4767],[6583],[4767],"[""Ġapproved""]","[""Ġsaid""]","[""Ġconfirm""]","[""Ġstated""]","[""Ġconfirm""]","[""Ġstated""]"
513,swords,"The Continental Baking business benefited from higher margins on bread and on increased cake sales, it added.  

Ralston said its Eveready battery unit was hurt by continuing economic problems in South America.  

Ralston shares closed yesterday at $80.50, off $1, in New York Stock Exchange composite trading.","The Continental Baking business benefited from eminent margins on bread and on increased cake sales, it added.  

Ralston said its Eveready battery group was hurt by continuing economic problems in South America.  

Ralston shares closed yesterday at $80.50, off $1, in New York Stock Exchange composite trading.",unit,group,147,151,higher,eminent,47,53,-2.984375,-3.484375,-6.46875,-5.65625,-16.5,-22.15625,15.6875,-5.59375,-16.5,-22.09375,15.625,3.1292207381304573,3.468839308794807,212.7870101928711,235.88107299804688,68,68,0.33961857066434975,-3.1292207381304573,-3.468839308794807,0.33961857066434975,[3943],[2169],[1387],[43609],[1387],[43609],"[""Ġunit""]","[""Ġhigher""]","[""Ġgroup""]","[""Ġeminent""]","[""Ġgroup""]","[""Ġeminent""]"
514,swords,"But knowing this did not mean I wanted it. 
                 I said, ""Truthfully."" It was the statement of a younger and crueler man than I.","But knowing this did not mean I desired it. 
                 I answer, ""Truthfully."" It was the statement of a younger and crueler man than I.",said,answer,63,67,wanted,desired,32,38,-5.125,-4.0625,-9.1875,-11.6875,-8.0,-19.6875,10.5,-10.75,-8.0625,-18.8125,9.625,3.6029829545454546,3.8886126893939394,118.8984375,128.32421875,33,33,0.28562973484848486,-3.6029829545454546,-3.8886126893939394,0.28562973484848486,[753],[3078],[3662],[6799],[3662],[6799],"[""Ġsaid""]","[""Ġwanted""]","[""Ġanswer""]","[""Ġdesired""]","[""Ġanswer""]","[""Ġdesired""]"
515,swords,"I do not plan to write a book: this narrative must move more quickly. Tasha and
                    I became lovers that evening, after a good dinner of paella at her apartment. I
                    made some small joke afterward, about approving of her firm's business
                    incentives, and she cried.","I do not plan to compose a book: this narrative must move more quickly. Tasha and
                    I became lovers that evening, after a wonderful dinner of paella at her apartment. I
                    made some small joke afterward, about approving of her firm's business
                    incentives, and she cried.",good,wonderful,138,142,write,compose,17,22,-5.125,-4.28125,-9.40625,-6.125,-9.75,-15.875,6.46875,-6.15625,-9.75,-15.90625,6.5,4.037338014632937,4.122882176959325,254.352294921875,259.7415771484375,63,63,0.0855441623263884,-4.037338014632937,-4.122882176959325,0.0855441623263884,[1175],[3630],[9386],[38530],[9386],[38530],"[""Ġgood""]","[""Ġwrite""]","[""Ġwonderful""]","[""Ġcompose""]","[""Ġwonderful""]","[""Ġcompose""]"
518,swords,"Upjohn officials said they couldn't estimate the size of the charge until they determine which employees, and how many, will participate in the retirement plan. But the pharmaceutical company said it ""anticipates the long-term savings resulting from the plan's implementation will more than offset short-term costs.""  

The program, available to Upjohn employees 55 years old or older, could increase an individual's retirement benefits 10% to 20%.","Upjohn officials stated they couldn't estimate the size of the charge until they determine which employees, and how many, will participate in the retirement plan. But the pharmaceutical company said it ""anticipates the lengthy-term savings resulting from the plan's implementation will more than offset short-term costs.""  

The program, available to Upjohn employees 55 years old or older, could increase an individual's retirement benefits 10% to 20%.",long,lengthy,217,221,said,stated,17,21,-8.8125,-1.8671875,-10.6796875,-11.8125,-4.75,-16.5625,5.8828125,-11.75,-4.75,-16.5,5.8203125,2.8826054443012583,3.0776279026811775,253.66927909851074,270.8312554359436,88,88,0.19502245837991916,-2.8826054443012583,-3.0776279026811775,0.19502245837991916,[1048],[753],[24585],[4767],[24585],[4767],"[""Ġlong""]","[""Ġsaid""]","[""Ġlengthy""]","[""Ġstated""]","[""Ġlengthy""]","[""Ġstated""]"
519,swords,"A spokesman for the Stamford, Conn.based company said operations had a loss of $5.5 million for the quarter; in addition, the loss was magnified by nonrecurring charges totaling $23.5 million and $8.2 million in asset-valuation adjustments that he described as ""unusual."" The charges were partly offset by a $2 million gain on the sale of investments of two joint ventures, he said.  

Revenue declined 8% to $85.7 million, from $93.3 million a year earlier.","A spokesman for the Stamford, Conn.based company stated operations had a loss of $5.5 million for the quarter; in addition, the loss was magnified by nonrecurring charges totaling $23.5 million and $8.2 million in asset-valuation adjustments that he described as ""unusual."" The charges were partly offset by a $2 million gain on the sale of investments of two partner ventures, he said.  

Revenue declined 8% to $85.7 million, from $93.3 million a year earlier.",joint,partner,358,363,said,stated,49,53,-5.375,-0.5859375,-5.9609375,-8.8125,-6.40625,-15.21875,9.2578125,-8.8125,-6.40625,-15.21875,9.2578125,2.379826512830011,2.533977640086207,276.05987548828125,293.94140625,116,116,0.15415112725619595,-2.379826512830011,-2.533977640086207,0.15415112725619595,[6036],[753],[7832],[4767],[7832],[4767],"[""Ġjoint""]","[""Ġsaid""]","[""Ġpartner""]","[""Ġstated""]","[""Ġpartner""]","[""Ġstated""]"
520,swords,"I must also write about
                    Emiliano Gabriel Malaquez. 
            
            
                 Future Self, you know our style well enough to tell that time has passed between
                    the last sentence and this. Not another spree --at least, not like the other.","I must likewise write about
                    Emiliano Gabriel Malaquez. 
            
            
                 Future Self, you understand our style well enough to tell that time has passed between
                    the last sentence and this. Not another spree --at least, not like the other.",know,understand,132,136,also,likewise,7,11,-3.71875,-3.84375,-7.5625,-7.53125,-9.875,-17.40625,9.84375,-7.125,-9.9375,-17.0625,9.5,4.3783408717105265,4.559724506578948,249.5654296875,259.904296875,57,57,0.18138363486842124,-4.3783408717105265,-4.559724506578948,0.18138363486842124,[871],[671],[2096],[21223],[2096],[21223],"[""Ġknow""]","[""Ġalso""]","[""Ġunderstand""]","[""Ġlikewise""]","[""Ġunderstand""]","[""Ġlikewise""]"
521,swords,"Net advanced to $94.2 million, or 89 cents a share, from $85 million, or 83 cents a share, including net realized investment gains of $31 million, up from $10 million a year ago. But revenue declined to $3 billion from $3.2 billion.  

Travelers estimated that the California earthquake last month will result in a fourth-quarter pre-tax charge of less than $10 million.","Net advanced to $94.2 million, or 89 cents a share, from $85 million, or 83 cents a share, including net recognized investment gains of $31 million, up from $10 million a year ago. But revenue drop to $3 billion from $3.2 billion.  

Travelers estimated that the California earthquake last month will result in a fourth-quarter pre-tax charge of less than $10 million.",declined,drop,191,199,realized,recognized,105,113,-3.265625,-3.9375,-7.203125,-10.375,-9.625,-20.0,12.796875,-10.3125,-9.5625,-19.875,12.671875,2.4106734015724878,2.6115976680408823,212.1392593383789,229.82059478759766,88,88,0.20092426646839456,-2.4106734015724878,-2.6115976680408823,0.20092426646839456,[13072],[8156],[5926],[7478],[5926],[7478],"[""Ġdeclined""]","[""Ġrealized""]","[""Ġdrop""]","[""Ġrecognized""]","[""Ġdrop""]","[""Ġrecognized""]"
522,swords,"Pretax profit fell 3.7% to #128 million from #133 million and was below analysts' expectations of #130 million to #135 million, but shares rose 6 pence to 388 pence in early trading yesterday in London.  

Reed is paying an interim dividend of 4.6 pence, up 15% from 4 pence a year earlier.  

Sales fell 20% to #722 million.","Pretax earnings fell 3.7% to #128 million from #133 million and was below analysts' expectations of #130 million to #135 million, but shares rose 6 pence to 388 pence in early trading yesterday in London.  

Reed is paying an interim payment of 4.6 pence, up 15% from 4 pence a year earlier.  

Sales fell 20% to #722 million.",dividend,payment,232,240,profit,earnings,7,13,-0.055908203125,-5.78125,-5.837158203125,-7.5,-6.8125,-14.3125,8.475341796875,-7.5625,-6.78125,-14.34375,8.506591796875,2.599100112915039,2.7882302382896684,226.1217098236084,242.57603073120117,87,87,0.18913012537462937,-2.599100112915039,-2.7882302382896684,0.18913012537462937,[43690],[11528],[7830],[20375],[7830],[20375],"[""Ġdividend""]","[""Ġprofit""]","[""Ġpayment""]","[""Ġearnings""]","[""Ġpayment""]","[""Ġearnings""]"
523,swords,"Those who are truly
                    curious may look at the last act of ""Captured Moments."") I remember suggesting,
                    with characteristic tact, that she add Emil to her small list of major
                    accomplishments. 
                 Malaquez glanced away, embarrassed.","Those who are really
                    curious may look at the last act of ""Captured Moments."") I remember suggesting,
                    with characteristic tact, that she add Emil to her short list of major
                    accomplishments. 
                 Malaquez glanced away, embarrassed.",small,short,191,196,truly,really,14,19,-7.8125,-6.46875,-14.28125,-5.9375,-5.84375,-11.78125,-2.5,-6.0625,-5.84375,-11.90625,-2.375,4.34828047916807,4.2754221291377625,252.20026779174805,247.97448348999023,58,58,-0.07285835003030705,-4.34828047916807,-4.2754221291377625,-0.07285835003030705,[1355],[7777],[2159],[1663],[2159],[1663],"[""Ġsmall""]","[""Ġtruly""]","[""Ġshort""]","[""Ġreally""]","[""Ġshort""]","[""Ġreally""]"
524,swords,"BRIEFS: Only 57.6% of New Yorkers watch the local news, the lowest viewership in the country, says a new study by Impact Resources Inc., Columbus, Ohio. . . . FreudToy, a pillow bearing the likeness of Sigmund Freud, is marketed as a $24.95 tool for do-it-yourself analysis.","BRIEFS: Just 57.6% of New Yorkers watch the local news, the lowest viewership in the country, says a new study by Impact Resources Inc., Columbus, Ohio. . . . FreudToy, a pillow bearing the likeness of Sigmund Freud, is marketed as a $24.95 tool for do-it-yourself interpretation.",analysis,interpretation,265,273,Only,Just,8,12,-7.375,-7.65625,-15.03125,-10.375,-6.5,-16.875,1.84375,-10.375,-6.46875,-16.84375,1.8125,3.1327124143901623,3.223242634221127,238.08614349365234,244.96644020080566,76,76,0.09053021983096476,-3.1327124143901623,-3.223242634221127,0.09053021983096476,[1783],[7214],[7914],[3771],[7914],[3771],"[""Ġanalysis""]","[""ĠOnly""]","[""Ġinterpretation""]","[""ĠJust""]","[""Ġinterpretation""]","[""ĠJust""]"
525,swords,"For a perfect moment,
                    Emil and Tasha and I were one entity, laughing until our lungs hurt. 
                 This is torture. I had not considered that I might not write to learn, but to
                    punish myself.","For a perfect instant,
                    Emil and Tasha and I were one entity, laughing until our lungs hurt. 
                 This is agony. I had not considered that I might not write to learn, but to
                    punish myself.",torture,agony,137,144,moment,instant,14,20,-10.125,-6.875,-17.0,-10.75,-8.6875,-19.4375,2.4375,-10.4375,-8.6875,-19.125,2.125,3.9526641222895407,4.072160993303571,193.6805419921875,199.535888671875,49,49,0.1194968710140305,-3.9526641222895407,-4.072160993303571,0.1194968710140305,[21207],[2774],[41335],[8164],[41335],[8164],"[""Ġtorture""]","[""Ġmoment""]","[""Ġagony""]","[""Ġinstant""]","[""Ġagony""]","[""Ġinstant""]"
526,swords,", she -- 
                 Tasha is not the whole of what happened on Vega IV. I must also write about
                    Emiliano Gabriel Malaquez.",", she -- 
                 Tasha is not the entirety of what happened on Vega IV. I must likewise write about
                    Emiliano Gabriel Malaquez.",whole,entirety,44,49,also,likewise,86,90,-8.125,-5.25,-13.375,-12.375,-10.875,-23.25,9.875,-12.3125,-10.4375,-22.75,9.375,5.340672348484849,5.608191287878788,176.2421875,185.0703125,33,33,0.26751893939393945,-5.340672348484849,-5.608191287878788,0.26751893939393945,[2644],[671],[25983],[21223],[25983],[21223],"[""Ġwhole""]","[""Ġalso""]","[""Ġentirety""]","[""Ġlikewise""]","[""Ġentirety""]","[""Ġlikewise""]"
527,swords,"BRIEFS: Only 57.6% of New Yorkers watch the local news, the lowest viewership in the country, says a new study by Impact Resources Inc., Columbus, Ohio. . . . FreudToy, a pillow bearing the likeness of Sigmund Freud, is marketed as a $24.95 tool for do-it-yourself analysis.","BRIEFS: Just 57.6% of New Yorkers watch the local news, the lowest viewership in the country, says a new study by Impact Resources Inc., Columbus, Ohio. . . . FreudToy, a pillow bearing the likeness of Sigmund Freud, is marketed as a $24.95 tool for do-it-yourself evaluation.",analysis,evaluation,265,273,Only,Just,8,12,-7.375,-7.65625,-15.03125,-11.625,-6.5,-18.125,3.09375,-11.6875,-6.46875,-18.15625,3.125,3.1327124143901623,3.2440074368527063,238.08614349365234,246.54456520080566,76,76,0.11129502246254397,-3.1327124143901623,-3.2440074368527063,0.11129502246254397,[1783],[7214],[7103],[3771],[7103],[3771],"[""Ġanalysis""]","[""ĠOnly""]","[""Ġevaluation""]","[""ĠJust""]","[""Ġevaluation""]","[""ĠJust""]"
529,swords,"I do not plan to write a book: this narrative must move more quickly. Tasha and
                    I became lovers that evening, after a good dinner of paella at her apartment. I
                    made some small joke afterward, about approving of her firm's business
                    incentives, and she cried.","I do not plan to compose a book: this narrative must move more quickly. Tasha and
                    I became lovers that evening, after a nice dinner of paella at her apartment. I
                    made some small joke afterward, about approving of her firm's business
                    incentives, and she cried.",good,nice,138,142,write,compose,17,22,-5.125,-4.28125,-9.40625,-7.125,-9.75,-16.875,7.46875,-7.09375,-9.75,-16.84375,7.4375,4.037338014632937,4.100132533482143,254.352294921875,258.308349609375,63,63,0.0627945188492065,-4.037338014632937,-4.100132533482143,0.0627945188492065,[1175],[3630],[5322],[38530],[5322],[38530],"[""Ġgood""]","[""Ġwrite""]","[""Ġnice""]","[""Ġcompose""]","[""Ġnice""]","[""Ġcompose""]"
530,swords,"The truck maker said the significant drop in net income will result in lower earnings for the fiscal year. In fiscal 1988, the company earned $17.3 million, or $1.92 a share, on revenue of $352.9 million.  

Oshkosh Truck attributed the downturn in its earnings to higher start-up costs of its new chassis division, a softer motor-home market and higher administrative costs of compliance with government contractor regulations.","The truck maker stated the significant drop in net income will result in lower earnings for the fiscal year. In fiscal 1988, the business earned $17.3 million, or $1.92 a share, on revenue of $352.9 million.  

Oshkosh Truck attributed the downturn in its earnings to higher start-up costs of its new chassis division, a softer motor-home market and higher administrative costs of compliance with government contractor regulations.",company,business,127,134,said,stated,16,20,-0.376953125,-2.125,-2.501953125,-5.71875,-7.625,-13.34375,10.841796875,-4.71875,-7.625,-12.34375,9.841796875,2.7455352455057125,2.854349115843414,255.33477783203125,265.4544677734375,93,93,0.10881387033770151,-2.7455352455057125,-2.854349115843414,0.10881387033770151,[2567],[753],[2136],[4767],[2136],[4767],"[""Ġcompany""]","[""Ġsaid""]","[""Ġbusiness""]","[""Ġstated""]","[""Ġbusiness""]","[""Ġstated""]"
531,swords,"Her eyes became circles at the idea of being, as she undoubtedly thought it,
                    immortalized by Emil Malaquez. Catching herself, she said casually, ""Oh..."" And
                    then she smiled, laughed loudly at herself in the way that always made me think
                    how much I loved her, and said, ""My God, yes, yes, yes!"" For a perfect moment,
                    Emil and Tasha and I were one entity, laughing until our lungs hurt.","Her eyes became circles at the idea of being, as she doubtless thought it,
                    immortalized by Emil Malaquez. Catching herself, she said casually, ""Oh..."" And
                    then she smiled, laughed loudly at herself in the way that always made me envision
                    how much I loved her, and said, ""My God, yes, yes, yes!"" For a perfect moment,
                    Emil and Tasha and I were one entity, laughing until our lungs hurt.",think,envision,271,276,undoubtedly,doubtless,53,64,-3.625,-10.4375,-14.0625,-12.1875,-11.5,-23.6875,9.625,-13.5625,-11.5,-25.0625,11.0,3.323336956547756,3.4791729496974573,338.9803695678711,354.8756408691406,102,102,0.1558359931497013,-3.323336956547756,-3.4791729496974573,0.1558359931497013,[1158],[25369],[31161],[49654],[31161],[49654],"[""Ġthink""]","[""Ġundoubtedly""]","[""Ġenvision""]","[""Ġdoubtless""]","[""Ġenvision""]","[""Ġdoubtless""]"
532,swords,"Pacific First Financial Corp. said shareholders approved its acquisition by Royal Trustco Ltd. of Toronto for $27 a share, or $212 million.  

The thrift holding company said it expects to obtain regulatory approval and complete the transaction by year-end.","Pacific First Financial Corp. stated shareholders authorize its acquisition by Royal Trustco Ltd. of Toronto for $27 a share, or $212 million.  

The thrift holding company said it expects to obtain regulatory approval and complete the transaction by year-end.",approved,authorize,48,56,said,stated,30,34,-1.375,-4.59375,-5.96875,-8.75,-7.9375,-16.6875,10.71875,-8.1875,-7.65625,-15.84375,9.875,2.7683915358323317,3.1107459435096154,143.95635986328125,161.7587890625,52,52,0.34235440767728376,-2.7683915358323317,-3.1107459435096154,0.34235440767728376,[7012],[753],[37015],[4767],[37015],[4767],"[""Ġapproved""]","[""Ġsaid""]","[""Ġauthorize""]","[""Ġstated""]","[""Ġauthorize""]","[""Ġstated""]"
533,swords,"You look like hell, Tar. Don't blow this. Don't let
fatigue get to you.","You seem like hell, Tar. Don't lose this. Don't let
fatigue get to you.",blow,lose,31,35,look,seem,4,8,-8.4375,-6.1875,-14.625,-6.1875,-8.0625,-14.25,-0.375,-6.0,-8.0,-14.0,-0.625,4.047685895647321,4.243838355654762,85.00140380859375,89.12060546875,21,21,0.1961524600074407,-4.047685895647321,-4.243838355654762,0.1961524600074407,[8230],[1007],[7168],[1646],[7168],[1646],"[""Ġblow""]","[""Ġlook""]","[""Ġlose""]","[""Ġseem""]","[""Ġlose""]","[""Ġseem""]"
534,swords,"I want to do more traditional portraits."" He spoke quickly, prepared to be
                    rejected. ""Would you permit me to do one of you?","I desire to do more traditional portraits."" He voice quickly, prepared to be
                    rejected. ""Would you permit me to do one of you?",spoke,voice,45,50,want,desire,2,6,-7.1875,-4.25,-11.4375,-12.625,-9.25,-21.875,10.4375,-12.5,-9.3125,-21.8125,10.375,3.808121744791667,4.459895833333333,114.24365234375,133.796875,30,30,0.6517740885416665,-3.808121744791667,-4.459895833333333,0.6517740885416665,[7560],[971],[4318],[8327],[4318],[8327],"[""Ġspoke""]","[""Ġwant""]","[""Ġvoice""]","[""Ġdesire""]","[""Ġvoice""]","[""Ġdesire""]"
535,swords,"He began with small animals
                    and moved on to derelicts and Undersiders, people who would never be missed. Now
                    he had thought to use vacationers like Tasha and me, and when someone came
                    looking, he would say we had gone island-hopping in our windboat. Our boat would
                    disappear into the ocean to be found or not as the wind and tides chose.","He started with small animals
                    and moved on to derelicts and Undersiders, people who would never be missed. Now
                    he had thought to use vacationers like Tasha and me, and when someone appear
                    looking, he would say we had gone island-hopping in our windboat. Our boat would
                    disappear into the ocean to be found or not as the wind and tides chose.",came,appear,219,223,began,started,3,8,-3.390625,-6.78125,-10.171875,-13.6875,-5.96875,-19.65625,9.484375,-13.75,-5.90625,-19.65625,9.484375,3.7130019089271284,3.9229332934850936,323.03116607666016,341.2951965332031,87,87,0.20993138455796512,-3.7130019089271284,-3.9229332934850936,0.20993138455796512,[2210],[3407],[3176],[3053],[3176],[3053],"[""Ġcame""]","[""Ġbegan""]","[""Ġappear""]","[""Ġstarted""]","[""Ġappear""]","[""Ġstarted""]"
536,swords,"I hope the wipe is as successful with my time
                    on Vega IV as my spree was with my time here. I dimly remember three bedpartners
                    who were probably human, and one that I hope was delirium. I will not answer the
                    phone for a week, no matter whose face appears on it.","I hope the wipe is as successful with my time
                    on Vega IV as my spree was with my time here. I dimly recall three bedpartners
                    who were probably people, and one that I hope was delirium. I will not answer the
                    phone for a week, no matter whose face appears on it.",human,people,185,190,remember,recall,120,128,-7.65625,-0.73828125,-8.39453125,-7.21875,-1.1171875,-8.3359375,-0.05859375,-7.46875,-1.109375,-8.578125,0.18359375,4.0346812372622285,4.061327948086504,278.39300537109375,280.23162841796875,69,69,0.026646710824275388,-4.0346812372622285,-4.061327948086504,0.026646710824275388,[1966],[4456],[952],[6983],[952],[6983],"[""Ġhuman""]","[""Ġremember""]","[""Ġpeople""]","[""Ġrecall""]","[""Ġpeople""]","[""Ġrecall""]"
537,swords,"I
                    haven't socialized with hardly anyone for hardly any of my life! And I invite a
                    neighbor, one nice, lonely man --"" 
                 ""I'm sorry.""","I
                    haven't socialized with barely anyone for hardly any of my life! And I invite a
                    neighbor, one nice, lonely person --"" 
                 ""I'm sorry.""",man,person,149,152,hardly,barely,46,52,-3.3125,-10.5,-13.8125,-2.078125,-12.375,-14.453125,0.640625,-1.984375,-12.375,-14.359375,0.546875,4.635898687900641,4.72900390625,180.800048828125,184.43115234375,39,39,0.09310521834935859,-4.635898687900641,-4.72900390625,0.09310521834935859,[637],[10693],[1436],[12345],[1436],[12345],"[""Ġman""]","[""Ġhardly""]","[""Ġperson""]","[""Ġbarely""]","[""Ġperson""]","[""Ġbarely""]"
538,swords,"You think I sleep with every famous
                    person I meet?"" 
                 As you may have guessed, we had talked about such things. I do not claim ours
                    was a perfect affair, only a wonderful one.","You believe I sleep with every famous
                    person I meet?"" 
                 As you may have suspect, we had talked about such things. I do not claim ours
                    was a perfect affair, only a wonderful one.",guessed,suspect,106,113,think,believe,4,9,-0.62890625,-5.34375,-5.97265625,-9.5,-6.75,-16.25,10.27734375,-9.375,-6.71875,-16.09375,10.12109375,3.6942027698863638,3.98974609375,162.544921875,175.548828125,44,44,0.29554332386363624,-3.6942027698863638,-3.98974609375,0.29554332386363624,[30346],[1158],[9101],[2868],[9101],[2868],"[""Ġguessed""]","[""Ġthink""]","[""Ġsuspect""]","[""Ġbelieve""]","[""Ġsuspect""]","[""Ġbelieve""]"
539,swords,"Net advanced to $94.2 million, or 89 cents a share, from $85 million, or 83 cents a share, including net realized investment gains of $31 million, up from $10 million a year ago. But revenue declined to $3 billion from $3.2 billion.  

Travelers estimated that the California earthquake last month will result in a fourth-quarter pre-tax charge of less than $10 million.","Net advanced to $94.2 million, or 89 cents a share, from $85 million, or 83 cents a share, including net recognized investment gains of $31 million, up from $10 million a year ago. But revenue dip to $3 billion from $3.2 billion.  

Travelers estimated that the California earthquake last month will result in a fourth-quarter pre-tax charge of less than $10 million.",declined,dip,191,199,realized,recognized,105,113,-3.265625,-3.9375,-7.203125,-12.3125,-9.625,-21.9375,14.734375,-12.1875,-9.5625,-21.75,14.546875,2.4106734015724878,2.634940840981223,212.1392593383789,231.87479400634766,88,88,0.2242674394087354,-2.4106734015724878,-2.634940840981223,0.2242674394087354,[13072],[8156],[12539],[7478],[12539],[7478],"[""Ġdeclined""]","[""Ġrealized""]","[""Ġdip""]","[""Ġrecognized""]","[""Ġdip""]","[""Ġrecognized""]"
540,swords,"""How should I reply?"" Her voice had grown quiet, and I began to feel some guilt.
                    I had, it is true, told her that we needed other company than our own.","""How should I respond?"" Her talk had grown quiet, and I began to feel some guilt.
                    I had, it is true, told her that we needed other company than our own.",voice,talk,26,31,reply,respond,14,19,-1.7734375,-6.375,-8.1484375,-9.625,-3.8125,-13.4375,5.2890625,-9.6875,-3.765625,-13.453125,5.3046875,3.490093524639423,3.749458508613782,136.1136474609375,146.2288818359375,39,39,0.25936498397435903,-3.490093524639423,-3.749458508613782,0.25936498397435903,[4318],[12252],[2312],[3794],[2312],[3794],"[""Ġvoice""]","[""Ġreply""]","[""Ġtalk""]","[""Ġrespond""]","[""Ġtalk""]","[""Ġrespond""]"
541,swords,"""This is cosmetic?"" 
                 ""He's not that ugly. I think they're his natural features.""","""This is decorative?"" 
                 ""He's not that gross. I think they're his natural features.""",ugly,gross,53,57,cosmetic,decorative,9,17,-3.21875,-13.25,-16.46875,-8.25,-14.1875,-22.4375,5.96875,-8.625,-14.125,-22.75,6.28125,4.3976934523809526,4.7898065476190474,92.3515625,100.5859375,21,21,0.3921130952380949,-4.3976934523809526,-4.7898065476190474,0.3921130952380949,[19513],[35361],[13711],[38323],[13711],[38323],"[""Ġugly""]","[""Ġcosmetic""]","[""Ġgross""]","[""Ġdecorative""]","[""Ġgross""]","[""Ġdecorative""]"
542,swords,"I
                    have been re-reading all our favorite books -- 
                 But neither of us care to dwell on such boring subjects, do we? 
                 I want to pick up with Tasha and me walking about The Sleeping Flamingo, and
                    then, for the sake of literary convenience, to say that from a corner of the
                    yard I saw a neighboring house, and the sight filled me with darkest
                    forebodings.","I
                    have been re-reading all our favorite books -- 
                 But neither of us care to dwell on such dull issue, do we? 
                 I want to pick up with Tasha and me walking about The Sleeping Flamingo, and
                    then, for the sake of literary convenience, to say that from a corner of the
                    yard I saw a neighboring house, and the sight filled me with darkest
                    forebodings.",subjects,issue,134,142,boring,dull,127,133,-3.671875,-7.09375,-10.765625,-11.4375,-5.6875,-17.125,6.359375,-11.25,-5.71875,-16.96875,6.203125,3.855700421076949,3.925370083060316,358.58013916015625,365.0594177246094,93,93,0.06966966198336699,-3.855700421076949,-3.925370083060316,0.06966966198336699,[5705],[22258],[2523],[22544],[2523],[22544],"[""Ġsubjects""]","[""Ġboring""]","[""Ġissue""]","[""Ġdull""]","[""Ġissue""]","[""Ġdull""]"
543,swords,"Dow Jones, which owns about 64 million of Telerate's 95 million common shares outstanding, said that about 24,000 shares have been tendered under its offer.  

Telerate's two independent directors have rejected the offer as inadequate. In composite trading on the New York Stock Exchange, Telerate shares closed at $19.50, up 12.5 cents.","Dow Jones, which owns about 64 million of Telerate's 95 million common shares outstanding, stated that about 24,000 shares have been tendered under its offer.  

Telerate's two independent manager have rejected the offer as inadequate. In composite trading on the New York Stock Exchange, Telerate shares closed at $19.50, up 12.5 cents.",directors,manager,187,196,said,stated,91,95,-0.1328125,-2.4375,-2.5703125,-14.125,-7.3125,-21.4375,18.8671875,-13.8125,-7.3125,-21.125,18.5546875,2.895504913330078,3.2249567159016927,217.16286849975586,241.87175369262695,75,75,0.32945180257161466,-2.895504913330078,-3.2249567159016927,0.32945180257161466,[17970],[753],[7205],[4767],[7205],[4767],"[""Ġdirectors""]","[""Ġsaid""]","[""Ġmanager""]","[""Ġstated""]","[""Ġmanager""]","[""Ġstated""]"
546,swords,"I could say that I did not dare to take responsibility for her fate.
                    I could say that I chose out of consideration for her desire for fame; some
                    critics already say ""Waking With Tasha"" is Malaquez's finest work. If science
                    finds a way to safely free the subjects of Emil's art, perhaps the I who reads
                    this file will know that my decision is wise.","I could say that I did not dare to take obligation for her fate.
                    I could say that I chose out of consideration for her desire for fame; some
                    critics already say ""Waking With Tasha"" is Malaquez's finest achievement. If science
                    finds a way to safely free the subjects of Emil's art, perhaps the I who reads
                    this file will know that my decision is wise.",work,achievement,246,250,responsibility,obligation,40,54,-1.2109375,-6.0625,-7.2734375,-3.828125,-12.8125,-16.640625,9.3671875,-3.484375,-12.875,-16.359375,9.0859375,4.097595729184954,4.229845368460323,364.68601989746094,376.45623779296875,89,89,0.13224963927536848,-4.097595729184954,-4.229845368460323,0.13224963927536848,[789],[8294],[19797],[14904],[19797],[14904],"[""Ġwork""]","[""Ġresponsibility""]","[""Ġachievement""]","[""Ġobligation""]","[""Ġachievement""]","[""Ġobligation""]"
548,swords,"Tiny Tots Inc., Campbell, Calif., says business is up 35% in the past year. ""We're gaining 1,200 new customers each week,"" says Jack Mogavero of General Health Care Corp., Piscataway, N.J. In Syracuse, N.Y., DyDee Service's new marketing push stresses environmental awareness. Among its new customers: day-care centers that previously spurned the service.","Tiny Tots Inc., Campbell, Calif., states business is up 35% in the past year. ""We're gaining 1,200 new customers each week,"" says Jack Mogavero of General Health Care Corp., Piscataway, N.J. In Syracuse, N.Y., DyDee Service's new marketing effort stresses environmental awareness. Among its new customers: day-care centers that previously spurned the service.",push,effort,238,242,says,states,34,38,-5.65625,-5.0625,-10.71875,-3.78125,-8.625,-12.40625,1.6875,-3.546875,-8.625,-12.171875,1.453125,3.2462633540121355,3.318824339448736,288.9174385070801,295.3753662109375,89,89,0.0725609854366005,-3.2462633540121355,-3.318824339448736,0.0725609854366005,[7450],[2296],[3434],[3054],[3434],[3054],"[""Ġpush""]","[""Ġsays""]","[""Ġeffort""]","[""Ġstates""]","[""Ġeffort""]","[""Ġstates""]"
549,swords,"BRIEFS: Only 57.6% of New Yorkers watch the local news, the lowest viewership in the country, says a new study by Impact Resources Inc., Columbus, Ohio. . . . FreudToy, a pillow bearing the likeness of Sigmund Freud, is marketed as a $24.95 tool for do-it-yourself analysis.","BRIEFS: Just 57.6% of New Yorkers watch the local news, the lowest viewership in the country, says a new study by Impact Resources Inc., Columbus, Ohio. . . . FreudToy, a pillow bearing the likeness of Sigmund Freud, is marketed as a $24.95 tool for do-it-yourself assessment.",analysis,assessment,265,273,Only,Just,8,12,-7.375,-7.65625,-15.03125,-11.5625,-6.5,-18.0625,3.03125,-11.625,-6.46875,-18.09375,3.0625,3.1327124143901623,3.232083094747443,238.08614349365234,245.63831520080566,76,76,0.0993706803572807,-3.1327124143901623,-3.232083094747443,0.0993706803572807,[1783],[7214],[6803],[3771],[6803],[3771],"[""Ġanalysis""]","[""ĠOnly""]","[""Ġassessment""]","[""ĠJust""]","[""Ġassessment""]","[""ĠJust""]"
550,swords,"Pacific First Financial Corp. said shareholders approved its acquisition by Royal Trustco Ltd. of Toronto for $27 a share, or $212 million.  

The thrift holding company said it expects to obtain regulatory approval and complete the transaction by year-end.","Pacific First Financial Corp. stated shareholders endorse its acquisition by Royal Trustco Ltd. of Toronto for $27 a share, or $212 million.  

The thrift holding company said it expects to obtain regulatory approval and complete the transaction by year-end.",approved,endorse,48,56,said,stated,30,34,-1.375,-4.59375,-5.96875,-11.375,-7.9375,-19.3125,13.34375,-10.4375,-7.65625,-18.09375,12.125,2.7683915358323317,3.169263693002554,143.95635986328125,164.8017120361328,52,52,0.4008721571702223,-2.7683915358323317,-3.169263693002554,0.4008721571702223,[7012],[753],[18883],[4767],[18883],[4767],"[""Ġapproved""]","[""Ġsaid""]","[""Ġendorse""]","[""Ġstated""]","[""Ġendorse""]","[""Ġstated""]"
551,swords,"So I shall soothe my quarreling selves with a compromise. I will not talk of the
                    first time Tasha and I tried any act of sex or sport together. I can remember
                    similar things with others.","So I shall soothe my quarreling selves with a compromise. I will not communicate of the
                    first time Tasha and I tried any act of sex or sport together. I can recall
                    similar things with others.",talk,communicate,69,73,remember,recall,170,178,-5.59375,-9.4375,-15.03125,-10.0625,-9.625,-19.6875,4.65625,-10.0625,-10.625,-20.6875,5.65625,4.317865786345108,4.5723399286684785,198.621826171875,210.32763671875,46,46,0.25447414232337007,-4.317865786345108,-4.5723399286684785,0.25447414232337007,[2312],[4456],[13791],[6983],[13791],[6983],"[""Ġtalk""]","[""Ġremember""]","[""Ġcommunicate""]","[""Ġrecall""]","[""Ġcommunicate""]","[""Ġrecall""]"
552,swords,"Malaquez answered the door in blood-red pajamas and a black silk robe. Sixty
                    years ago in a similar situation, I had broken my knuckles on someone's face. I
                    merely said, ""Is Tasha here?""","Malaquez answered the door in blood-red pajamas and a dark silk robe. Sixty
                    years ago in a similar situation, I had crack my knuckles on someone's face. I
                    merely said, ""Is Tasha here?""",broken,crack,137,143,black,dark,54,59,-7.1875,-2.953125,-10.140625,-14.4375,-5.0625,-19.5,9.359375,-14.4375,-5.09375,-19.53125,9.390625,3.7002446009562564,3.8107182337687564,192.41271924972534,198.15734815597534,52,52,0.1104736328125,-3.7002446009562564,-3.8107182337687564,0.1104736328125,[7154],[2806],[9370],[3644],[9370],[3644],"[""Ġbroken""]","[""Ġblack""]","[""Ġcrack""]","[""Ġdark""]","[""Ġcrack""]","[""Ġdark""]"
553,swords,"In New York Stock Exchange composite trading yesterday, Intelogic shares rose 37.5 cents to close at $2.75.  

Mr. Edelman declined to specify what prompted the recent moves, saying they are meant only to benefit shareholders when ""the company is on a roll."" He added, ""This has nothing to do with Marty Ackerman and it is not designed, particularly, to take the company private.""","In New York Stock Exchange composite trading yesterday, Intelogic shares climbed 37.5 cents to close at $2.75.  

Mr. Edelman declined to specify what prompted the recent step, saying they are meant only to benefit shareholders when ""the company is on a roll."" He added, ""This has nothing to do with Marty Ackerman and it is not designed, particularly, to take the company private.""",moves,step,168,173,rose,climbed,73,77,-4.65625,-1.7734375,-6.4296875,-7.8125,-4.28125,-12.09375,5.6640625,-7.65625,-4.28125,-11.9375,5.5078125,3.19862560893214,3.3757049205691314,275.08180236816406,290.3106231689453,86,86,0.1770793116369913,-3.19862560893214,-3.3757049205691314,0.1770793116369913,[9727],[9461],[3213],[21863],[3213],[21863],"[""Ġmoves""]","[""Ġrose""]","[""Ġstep""]","[""Ġclimbed""]","[""Ġstep""]","[""Ġclimbed""]"
557,swords,"The partners said they already hold 15% of all shares outstanding.  

Dunkin' has set Nov. 10 as the deadline for the receipt of any competing bids.","The partners stated they already hold 15% of all shares outstanding.  

Dunkin' has assign Nov. 10 as the deadline for the receipt of any competing bids.",set,assign,82,85,said,stated,13,17,-7.78125,-4.625,-12.40625,-16.375,-6.6875,-23.0625,10.65625,-16.0,-6.625,-22.625,10.21875,3.634291294642857,4.329813058035715,127.2001953125,151.54345703125,35,35,0.6955217633928577,-3.634291294642857,-4.329813058035715,0.6955217633928577,[873],[753],[9212],[4767],[9212],[4767],"[""Ġset""]","[""Ġsaid""]","[""Ġassign""]","[""Ġstated""]","[""Ġassign""]","[""Ġstated""]"
558,swords,"She studied me as a suspicious puppy might, then said, ""I'm sorry, too."" 
                 ""I suppose I sound like I'm bragging when I talk of the things I'm tired of."" 
                 ""Only because you are.""","She studied me as a suspicious puppy might, then stated, ""I'm sorry, too."" 
                 ""I conclude I sound like I'm bragging when I talk of the things I'm tired of."" 
                 ""Only because you are.""",suppose,conclude,94,101,said,stated,49,53,-5.3125,-4.34375,-9.65625,-12.875,-9.0,-21.875,12.21875,-12.5625,-9.0,-21.5625,11.90625,3.5287039620535716,3.9011678890306123,172.906494140625,191.1572265625,49,49,0.37246392697704067,-3.5287039620535716,-3.9011678890306123,0.37246392697704067,[9428],[753],[7525],[4767],[7525],[4767],"[""Ġsuppose""]","[""Ġsaid""]","[""Ġconclude""]","[""Ġstated""]","[""Ġconclude""]","[""Ġstated""]"
559,swords,"It is strange to know that we can do acts of unrepayable kindness to those we
                    should hate. Know this, my future self: Thanks to us, Emil Malaquez's name will
                    live as long as his masterpiece, ""A Self-Portrait: Anguish,"" endures. 
                 And Tasha?","It is unusual to know that we can do acts of unrepayable kindness to those we
                    should hate. Know this, my future self: Thanks to us, Emil Malaquez's name will
                    exist as long as his masterpiece, ""A Self-Portrait: Anguish,"" endures. 
                 And Tasha?",live,exist,198,202,strange,unusual,6,13,-2.6875,-7.03125,-9.71875,-6.6875,-8.1875,-14.875,5.15625,-6.53125,-8.1875,-14.71875,5.0,3.9841744866169675,4.111104508520851,282.8763885498047,291.88842010498047,71,71,0.1269300219038838,-3.9841744866169675,-4.111104508520851,0.1269300219038838,[22621],[8921],[31477],[11555],[31477],[11555],"[""live""]","[""Ġstrange""]","[""exist""]","[""Ġunusual""]","[""exist""]","[""Ġunusual""]"
561,swords,"Pacific First Financial Corp. said shareholders approved its acquisition by Royal Trustco Ltd. of Toronto for $27 a share, or $212 million.  

The thrift holding company said it expects to obtain regulatory approval and complete the transaction by year-end.","Pacific First Financial Corp. stated shareholders permit its acquisition by Royal Trustco Ltd. of Toronto for $27 a share, or $212 million.  

The thrift holding company said it expects to obtain regulatory approval and complete the transaction by year-end.",approved,permit,48,56,said,stated,30,34,-1.375,-4.59375,-5.96875,-14.25,-7.9375,-22.1875,16.21875,-11.375,-7.65625,-19.03125,13.0625,2.7683915358323317,3.195594494159405,143.95635986328125,166.17091369628906,52,52,0.42720295832707356,-2.7683915358323317,-3.195594494159405,0.42720295832707356,[7012],[753],[9659],[4767],[9659],[4767],"[""Ġapproved""]","[""Ġsaid""]","[""Ġpermit""]","[""Ġstated""]","[""Ġpermit""]","[""Ġstated""]"
563,swords,"Tiny Tots Inc., Campbell, Calif., says business is up 35% in the past year. ""We're gaining 1,200 new customers each week,"" says Jack Mogavero of General Health Care Corp., Piscataway, N.J. In Syracuse, N.Y., DyDee Service's new marketing push stresses environmental awareness. Among its new customers: day-care centers that previously spurned the service.","Tiny Tots Inc., Campbell, Calif., states business is up 35% in the past year. ""We're gaining 1,200 new customers each week,"" says Jack Mogavero of General Health Care Corp., Piscataway, N.J. In Syracuse, N.Y., DyDee Service's new marketing strategy stresses environmental awareness. Among its new customers: day-care centers that previously spurned the service.",push,strategy,238,242,says,states,34,38,-5.65625,-5.0625,-10.71875,-3.53125,-8.625,-12.15625,1.4375,-3.296875,-8.625,-11.921875,1.203125,3.2462633540121355,3.3117380892292836,288.9174385070801,294.74468994140625,89,89,0.06547473521714808,-3.2462633540121355,-3.3117380892292836,0.06547473521714808,[7450],[2296],[5700],[3054],[5700],[3054],"[""Ġpush""]","[""Ġsays""]","[""Ġstrategy""]","[""Ġstates""]","[""Ġstrategy""]","[""Ġstates""]"
565,swords,"Even The Terran Times has only praise for his work.
                    To compare his pieces to those of others is to compare mannequins to living
                    models. He accents the illusion of reality --I paraphrase his entry in La
                    Enciclopedia Humanica --by doing life-size scenes in ""the full round,"" never the
                    easier frontal or three-quarters view.","Even The Terran Times has just praise for his work.
                    To compare his art to those of others is to compare mannequins to living
                    models. He accents the illusion of reality --I paraphrase his entry in La
                    Enciclopedia Humanica --by doing life-size scenes in ""the full round,"" never the
                    easier frontal or three-quarters view.",pieces,art,87,93,only,just,26,30,-8.5625,-6.125,-14.6875,-5.25,-4.28125,-9.53125,-5.15625,-5.0,-4.3125,-9.3125,-5.375,3.965024857293992,3.98562867300851,333.0620880126953,334.79280853271484,84,84,0.02060381571451808,-3.965024857293992,-3.98562867300851,0.02060381571451808,[7437],[760],[1445],[816],[1445],[816],"[""Ġpieces""]","[""Ġonly""]","[""Ġart""]","[""Ġjust""]","[""Ġart""]","[""Ġjust""]"
566,swords,"Probably not. But it is something marvelous and rare, which is surely a
                    sign of love. 
                 If my love for her was the only important thing, I would leave a holo of her
                    with a note: ""Dear Future, this is Tasha Cortez.","Probably not. But it is something marvelous and uncommon, which is definitely a
                    sign of love. 
                 If my love for her was the only important thing, I would leave a holo of her
                    with a note: ""Dear Future, this is Tasha Cortez.",surely,definitely,63,69,rare,uncommon,48,52,-6.71875,-4.78125,-11.5,-6.59375,-7.28125,-13.875,2.375,-7.34375,-7.28125,-14.625,3.125,3.7908832097457625,3.8293332891949152,223.662109375,225.9306640625,59,59,0.038450079449152685,-3.7908832097457625,-3.8293332891949152,0.038450079449152685,[13353],[7520],[7964],[24666],[7964],[24666],"[""Ġsurely""]","[""Ġrare""]","[""Ġdefinitely""]","[""Ġuncommon""]","[""Ġdefinitely""]","[""Ġuncommon""]"
568,swords,"I took the capturador, a matte black Tiempo
                    Capturado, from his grip and studied it, not really thinking about it or
                    Malaquez or Tasha. I think I was wondering what it meant to say that a thing was
                    art, so we accepted it as art. Or perhaps I was thinking about the things that
                    humanity made that would outlive our species.","I took the capturador, a matte dark Tiempo
                    Capturado, from his grip and studied it, not really thinking about it or
                    Malaquez or Tasha. I think I was wondering what it meant to say that a thing was
                    art, so we approve it as art. Or perhaps I was thinking about the things that
                    humanity made that would outlive our species.",accepted,approve,269,277,black,dark,31,36,-8.125,-0.89453125,-9.01953125,-13.1875,-4.6875,-17.875,8.85546875,-13.25,-4.78125,-18.03125,9.01171875,3.7578407375291847,3.917047785616469,326.93214416503906,340.7831573486328,87,87,0.15920704808728425,-3.7578407375291847,-3.917047785616469,0.15920704808728425,[7607],[2806],[23255],[3644],[23255],[3644],"[""Ġaccepted""]","[""Ġblack""]","[""Ġapprove""]","[""Ġdark""]","[""Ġapprove""]","[""Ġdark""]"
569,swords,"The Dutch chemical group said net income gained to 235 million guilders ($113.2 million), or 6.70 guilders a share, from 144 million guilders, or 4.10 guilders a share, a year ago.  

The 32% state-owned DSM had eight million guilders of extraordinary charges in the latest quarter, mainly to reflect one-time losses in connection with the disposal of some operations. The charges were offset in part by a gain from the sale of the company's construction division.","The Dutch chemical group stated net income gained to 235 million guilders ($113.2 million), or 6.70 guilders a share, from 144 million guilders, or 4.10 guilders a share, a year ago.  

The 32% state-owned DSM had eight million guilders of extraordinary charges in the latest quarter, mainly to reflect one-time losses in connection with the removal of some operations. The charges were offset in part by a gain from the sale of the company's construction division.",disposal,removal,340,348,said,stated,25,29,-4.3125,-5.09375,-9.40625,-8.0625,-10.3125,-18.375,8.96875,-8.0625,-10.3125,-18.375,8.96875,2.7458314162034254,2.869815386258639,285.56646728515625,298.46080017089844,104,104,0.12398397005521344,-2.7458314162034254,-2.869815386258639,0.12398397005521344,[23585],[753],[8570],[4767],[8570],[4767],"[""Ġdisposal""]","[""Ġsaid""]","[""Ġremoval""]","[""Ġstated""]","[""Ġremoval""]","[""Ġstated""]"
570,swords,"(I do
                    not remember any of this well, just now, nor do I care to. Those who are truly
                    curious may look at the last act of ""Captured Moments."") I remember suggesting,
                    with characteristic tact, that she add Emil to her small list of major
                    accomplishments.","(I do
                    not recall any of this well, just now, nor do I care to. Those who are truly
                    curious may look at the latest act of ""Captured Moments."") I remember suggesting,
                    with characteristic tact, that she add Emil to her small list of major
                    accomplishments.",last,latest,149,153,remember,recall,30,38,-6.0625,-5.5,-11.5625,-7.40625,-7.25,-14.65625,3.09375,-7.375,-7.25,-14.625,3.0625,3.7870357900426006,3.8730692103289175,261.30546951293945,267.2417755126953,69,69,0.08603342028631689,-3.7870357900426006,-3.8730692103289175,0.08603342028631689,[1390],[4456],[6323],[6983],[6323],[6983],"[""Ġlast""]","[""Ġremember""]","[""Ġlatest""]","[""Ġrecall""]","[""Ġlatest""]","[""Ġrecall""]"
571,swords,"Enough. Tasha and I walked through The Sleeping Flamingo together, and I decided
                    to buy it. Then --","Enough. Tasha and I walked through The Sleeping Flamingo simultaneously, and I determined
                    to buy it. Then --",together,simultaneously,57,65,decided,determined,73,80,-4.1875,-5.25,-9.4375,-10.625,-9.5,-20.125,10.6875,-10.625,-9.0625,-19.6875,10.25,4.455873842592593,4.876591435185185,120.30859375,131.66796875,27,27,0.42071759259259256,-4.455873842592593,-4.876591435185185,0.42071759259259256,[2366],[4425],[10486],[3413],[10486],[3413],"[""Ġtogether""]","[""Ġdecided""]","[""Ġsimultaneously""]","[""Ġdetermined""]","[""Ġsimultaneously""]","[""Ġdetermined""]"
572,swords,"I suppose I could
                    assist a friend. Purely for the sake of the race, of course --"" 
                 ""Ever the altruist.","I think I could
                    assist a friend. Purely for the sake of the contest, of course --"" 
                 ""Ever the altruist.",race,contest,82,86,suppose,think,2,9,-7.21875,-7.34375,-14.5625,-7.0625,-3.171875,-10.234375,-4.328125,-6.6875,-3.15625,-9.84375,-4.71875,4.115495204925537,3.934713363647461,131.6958465576172,125.91082763671875,32,32,-0.18078184127807617,-4.115495204925537,-3.934713363647461,-0.18078184127807617,[5492],[9428],[12417],[1158],[12417],[1158],"[""Ġrace""]","[""Ġsuppose""]","[""Ġcontest""]","[""Ġthink""]","[""Ġcontest""]","[""Ġthink""]"
573,swords,"I suppose he was attracted to the
                    commotion up the hill."" 
                 ""Ah,"" Malaquez said. ""Why 'Frodo'?""","I think he was attracted to the
                    commotion up the hill."" 
                 ""Ah,"" Malaquez reply. ""Why 'Frodo'?""",said,reply,111,115,suppose,think,2,9,-0.9921875,-7.375,-8.3671875,-9.5,-3.171875,-12.671875,4.3046875,-9.5,-3.234375,-12.734375,4.3671875,4.898153981854839,5.170457409274194,151.8427734375,160.2841796875,31,31,0.272303427419355,-4.898153981854839,-5.170457409274194,0.272303427419355,[753],[9428],[12252],[1158],[12252],[1158],"[""Ġsaid""]","[""Ġsuppose""]","[""Ġreply""]","[""Ġthink""]","[""Ġreply""]","[""Ġthink""]"
575,swords,"Reuters Holdings PLC said Michael Reupke resigned as general manager to pursue unspecified interests, a move the news organization termed an ""amicable separation.""  

Mr. Reupke, 52 years old and a 27-year Reuters veteran, had been the information-services company's general manager for only six months. His appointment to that post, which has senior administrative, staff and policy responsibilities, followed a several-year tenure as Reuters's editor in chief.","Reuters Holdings PLC stated Michael Reupke resigned as general manager to pursue unspecified interests, a move the news organization termed an ""amicable separation.""  

Mr. Reupke, 52 years old and a 27-year Reuters veteran, had been the information-services organization's general manager for only six months. His appointment to that post, which has senior administrative, staff and policy responsibilities, followed a several-year tenure as Reuters's editor in chief.",company,organization,257,264,said,stated,21,25,-1.453125,-2.828125,-4.28125,-7.125,-8.0625,-15.1875,10.90625,-6.75,-8.125,-14.875,10.59375,3.0963419209355894,3.189044527385546,284.8634567260742,293.3920965194702,92,92,0.09270260644995654,-3.0963419209355894,-3.189044527385546,0.09270260644995654,[2567],[753],[6003],[4767],[6003],[4767],"[""Ġcompany""]","[""Ġsaid""]","[""Ġorganization""]","[""Ġstated""]","[""Ġorganization""]","[""Ġstated""]"
576,swords,"The offer, advertised in today's editions of The Wall Street Journal, is scheduled to expire at the end of November.  

Montedison currently owns about 72% of Erbamont's common shares outstanding.  

The offer is being launched pursuant to a previously announced agreement between the companies.","The offer, advertised in today's editions of The Wall Street Journal, is scheduled to expire at the end of November.  

Montedison presently owns about 72% of Erbamont's common stock outstanding.  

The offer is being launched pursuant to a previously announced agreement between the companies.",shares,stock,177,183,currently,presently,131,140,-0.890625,-6.03125,-6.921875,-0.63671875,-9.9375,-10.57421875,3.65234375,-0.6484375,-9.9375,-10.5859375,3.6640625,2.9628943166425152,2.9953364710653982,183.69944763183594,185.7108612060547,62,62,0.03244215442288301,-2.9628943166425152,-2.9953364710653982,0.03244215442288301,[10764],[4390],[5739],[21654],[5739],[21654],"[""Ġshares""]","[""Ġcurrently""]","[""Ġstock""]","[""Ġpresently""]","[""Ġstock""]","[""Ġpresently""]"
578,swords,"""I didn't meet him, jealous old one."" 
                 ""Too bad. If I thought he could free me from you --""","""I didn't meet him, jealous old one."" 
                 ""Too unfortunate. If I believed he could free me from you --""",bad,unfortunate,61,64,thought,believed,71,78,-1.03125,-5.71875,-6.75,-9.5625,-7.21875,-16.78125,10.03125,-9.5625,-7.21875,-16.78125,10.03125,4.555881076388889,4.998878761574074,123.0087890625,134.9697265625,27,27,0.4429976851851851,-4.555881076388889,-4.998878761574074,0.4429976851851851,[3076],[1869],[23293],[6566],[23293],[6566],"[""Ġbad""]","[""Ġthought""]","[""Ġunfortunate""]","[""Ġbelieved""]","[""Ġunfortunate""]","[""Ġbelieved""]"
581,swords,"The truck maker said the significant drop in net income will result in lower earnings for the fiscal year. In fiscal 1988, the company earned $17.3 million, or $1.92 a share, on revenue of $352.9 million.  

Oshkosh Truck attributed the downturn in its earnings to higher start-up costs of its new chassis division, a softer motor-home market and higher administrative costs of compliance with government contractor regulations.","The truck maker stated the significant drop in net income will result in lower earnings for the fiscal year. In fiscal 1988, the enterprise earned $17.3 million, or $1.92 a share, on revenue of $352.9 million.  

Oshkosh Truck attributed the downturn in its earnings to higher start-up costs of its new chassis division, a softer motor-home market and higher administrative costs of compliance with government contractor regulations.",company,enterprise,127,134,said,stated,16,20,-0.376953125,-2.125,-2.501953125,-8.6875,-7.625,-16.3125,13.810546875,-7.09375,-7.625,-14.71875,12.216796875,2.7455352455057125,2.9463002194640455,255.33477783203125,274.00592041015625,93,93,0.20076497395833304,-2.7455352455057125,-2.9463002194640455,0.20076497395833304,[2567],[753],[16100],[4767],[16100],[4767],"[""Ġcompany""]","[""Ġsaid""]","[""Ġenterprise""]","[""Ġstated""]","[""Ġenterprise""]","[""Ġstated""]"
582,swords,"Sixty
                    years ago in a similar situation, I had broken my knuckles on someone's face. I
                    merely said, ""Is Tasha here?"" 
                 He pursed his lips slightly, then nodded.","Sixty
                    years ago in a similar situation, I had broken my knuckles on somebody's face. I
                    merely state, ""Is Tasha here?"" 
                 He pursed his lips slightly, then nodded.",said,state,133,137,someone,somebody,88,95,-4.0625,-8.0625,-12.125,-10.4375,-9.875,-20.3125,8.1875,-10.3125,-9.9375,-20.25,8.125,3.631153272545856,3.8765073029891304,167.03305053710938,178.3193359375,46,46,0.24535403044327442,-3.631153272545856,-3.8765073029891304,0.24535403044327442,[753],[3095],[1375],[11853],[1375],[11853],"[""Ġsaid""]","[""Ġsomeone""]","[""Ġstate""]","[""Ġsomebody""]","[""Ġstate""]","[""Ġsomebody""]"
583,swords,"""Tell me, Malaquez."" 
                 ""She wanted to be famous. She did!","""Tell me, Malaquez."" 
                 ""She desired to be distinguished. She did!",famous,distinguished,57,63,wanted,desired,44,50,-6.125,-5.21875,-11.34375,-10.25,-10.0625,-20.3125,8.96875,-9.375,-10.0,-19.375,8.03125,4.9115953947368425,5.451069078947368,93.3203125,103.5703125,19,19,0.5394736842105257,-4.9115953947368425,-5.451069078947368,0.5394736842105257,[8530],[3078],[15622],[6799],[15622],[6799],"[""Ġfamous""]","[""Ġwanted""]","[""Ġdistinguished""]","[""Ġdesired""]","[""Ġdistinguished""]","[""Ġdesired""]"
584,swords,"""You know, the sculptor. He's had shows in Brazil and New Madrid and everywhere!
                    He may be more famous than you.""","""You know, the sculptor. He's had event in Brazil and New Madrid and everywhere!
                    He may be more renowned than you.""",shows,event,34,39,famous,renowned,116,122,-8.0625,-1.5234375,-9.5859375,-14.4375,-6.09375,-20.53125,10.9453125,-14.4375,-6.90625,-21.34375,11.7578125,4.249057112068965,4.883620689655173,123.22265625,141.625,29,29,0.6345635775862073,-4.249057112068965,-4.883620689655173,0.6345635775862073,[2722],[8530],[2362],[30101],[2362],[30101],"[""Ġshows""]","[""Ġfamous""]","[""Ġevent""]","[""Ġrenowned""]","[""Ġevent""]","[""Ġrenowned""]"
585,swords,"My mind was on other things. ""You wish to become pregnant? I suppose I could
                    assist a friend.","My mind was on other things. ""You wish to get pregnant? I think I could
                    assist a friend.",become,get,42,48,suppose,think,61,68,-5.53125,-6.0,-11.53125,-3.109375,-3.828125,-6.9375,-4.59375,-3.140625,-3.71875,-6.859375,-4.671875,4.243082682291667,4.187744140625,101.833984375,100.505859375,24,24,-0.05533854166666696,-4.243082682291667,-4.187744140625,-0.05533854166666696,[2489],[9428],[755],[1158],[755],[1158],"[""Ġbecome""]","[""Ġsuppose""]","[""Ġget""]","[""Ġthink""]","[""Ġget""]","[""Ġthink""]"
586,swords,The acquisition of 87-store Weisfield's raises Ratners's U.S. presence to 450 stores. About 30% of Ratners's profit already is derived from the U.S.,The acquisition of 87-store Weisfield's raises Ratners's U.S. presence to 450 stores. About 30% of Ratners's earnings already is obtain from the U.S.,derived,obtain,127,134,profit,earnings,109,115,-1.703125,-7.875,-9.578125,-13.0625,-7.5,-20.5625,10.984375,-13.25,-7.5625,-20.8125,11.234375,3.7606180142133665,4.149439885066106,146.6641025543213,161.82815551757812,39,39,0.38882187085273934,-3.7606180142133665,-4.149439885066106,0.38882187085273934,[6012],[11528],[4044],[20375],[4044],[20375],"[""Ġderived""]","[""Ġprofit""]","[""Ġobtain""]","[""Ġearnings""]","[""Ġobtain""]","[""Ġearnings""]"
590,swords,"She watched
the psi bob her head, unaware of the rest of the bridge, shaking blonde curls as
she chattered away with the approaching psi relay on Mason's ship. She seemed so
depthless - self conscious and shallow on the outside, but having that
incredible gift. There had to be more to her.","She observed
the psi bob her head, unaware of the rest of the bridge, shaking blonde curls as
she chattered away with the approaching psi relay on Mason's ship. She seemed so
depthless - self conscious and trivial on the outside, but having that
incredible gift. There had to be more to her.",shallow,trivial,205,212,watched,observed,4,11,-5.71875,-7.84375,-13.5625,-7.84375,-9.75,-17.59375,4.03125,-7.875,-9.75,-17.625,4.0625,4.027890450613839,4.206452287946429,281.95233154296875,294.45166015625,70,70,0.17856183733259012,-4.027890450613839,-4.206452287946429,0.17856183733259012,[20126],[9047],[14916],[2540],[14916],[2540],"[""Ġshallow""]","[""Ġwatched""]","[""Ġtrivial""]","[""Ġobserved""]","[""Ġtrivial""]","[""Ġobserved""]"
591,swords,"The rental
                    agent, an attractive N'apulcan named Tasha Cortez, was not mood-sensitive
                    either. She said, ""It's beautiful, isn't it, Señor Flynn?"" 
                 My instinct was to gesture curtly with a cupped hand that she lift the wind boat
                    and take me elsewhere.","The rental
                    agent, an attractive N'apulcan called Tasha Cortez, was not mood-sensitive
                    either. She remark, ""It's beautiful, isn't it, Señor Flynn?"" 
                 My instinct was to gesture curtly with a cupped hand that she lift the wind boat
                    and take me elsewhere.",said,remark,137,141,named,called,62,67,-4.59375,-5.3125,-9.90625,-12.8125,-7.1875,-20.0,10.09375,-12.9375,-7.1875,-20.125,10.21875,4.404128383582746,4.5672987817038955,312.693115234375,324.27821350097656,71,71,0.16317039812114942,-4.404128383582746,-4.5672987817038955,0.16317039812114942,[753],[4907],[7579],[1925],[7579],[1925],"[""Ġsaid""]","[""Ġnamed""]","[""Ġremark""]","[""Ġcalled""]","[""Ġremark""]","[""Ġcalled""]"
593,swords,"He looked me and at last said, ""Very well."" 
                 We walked through his house in silence. It was as attractive and as impersonal
                    as a decorator could arrange for tenants of unknown taste.","He seemed me and at last said, ""Very well."" 
                 We walked through his house in quiet. It was as attractive and as impersonal
                    as a decorator could arrange for tenants of unknown taste.",silence,quiet,93,100,looked,seemed,3,9,-0.462890625,-5.71875,-6.181640625,-6.46875,-7.78125,-14.25,8.068359375,-6.21875,-7.78125,-14.0,7.818359375,4.035255432128906,4.282078136097301,177.55123901367188,188.41143798828125,44,44,0.24682270396839456,-4.035255432128906,-4.282078136097301,0.24682270396839456,[10837],[3261],[7107],[4455],[7107],[4455],"[""Ġsilence""]","[""Ġlooked""]","[""Ġquiet""]","[""Ġseemed""]","[""Ġquiet""]","[""Ġseemed""]"
595,swords,"He added, ""This has nothing to do with Marty Ackerman and it is not designed, particularly, to take the company private.""  

But Mr. Ackerman said the buy-back, and the above-market price paid, prove that Mr. Edelman is running scared.","He added, ""This has nothing to do with Marty Ackerman and it is not designed, especially, to take the company private.""  

But Mr. Ackerman said the buy-back, and the above-market price paid, affirm that Mr. Edelman is running scared.",prove,affirm,194,199,particularly,especially,78,90,-7.4375,-8.3125,-15.75,-11.4375,-7.25,-18.6875,2.9375,-11.375,-7.34375,-18.71875,2.96875,3.3916361490885416,3.5376324971516926,203.4981689453125,212.25794982910156,60,60,0.14599634806315098,-3.3916361490885416,-3.5376324971516926,0.14599634806315098,[5276],[3782],[10418],[3340],[10418],[3340],"[""Ġprove""]","[""Ġparticularly""]","[""Ġaffirm""]","[""Ġespecially""]","[""Ġaffirm""]","[""Ġespecially""]"
596,swords,"I
                    haven't socialized with hardly anyone for hardly any of my life! And I invite a
                    neighbor, one nice, lonely man --"" 
                 ""I'm sorry.""","I
                    haven't socialized with barely anyone for hardly any of my life! And I invite a
                    neighbor, one nice, lonely dude --"" 
                 ""I'm sorry.""",man,dude,149,152,hardly,barely,46,52,-3.3125,-10.5,-13.8125,-5.53125,-12.375,-17.90625,4.09375,-5.25,-12.375,-17.625,3.8125,4.635898687900641,4.8119365985576925,180.800048828125,187.66552734375,39,39,0.1760379106570511,-4.635898687900641,-4.8119365985576925,0.1760379106570511,[637],[10693],[29723],[12345],[29723],[12345],"[""Ġman""]","[""Ġhardly""]","[""Ġdude""]","[""Ġbarely""]","[""Ġdude""]","[""Ġbarely""]"
598,swords,"What's this more-famous-than-me person like?"" 
                 ""I didn't meet him, jealous old one."" 
                 ""Too bad.","What's this more-famous-than-me individual like?"" 
                 ""I didn't meet him, jealous seasoned one."" 
                 ""Too bad.",old,seasoned,92,95,person,individual,32,38,-7.53125,-4.71875,-12.25,-18.125,-9.6875,-27.8125,15.5625,-17.875,-9.6875,-27.5625,15.3125,3.802621841430664,4.293031692504883,121.68389892578125,137.37701416015625,32,32,0.49040985107421875,-3.802621841430664,-4.293031692504883,0.49040985107421875,[1711],[1436],[43235],[2060],[43235],[2060],"[""Ġold""]","[""Ġperson""]","[""Ġseasoned""]","[""Ġindividual""]","[""Ġseasoned""]","[""Ġindividual""]"
599,swords,"I
                    haven't socialized with hardly anyone for hardly any of my life! And I invite a
                    neighbor, one nice, lonely man --"" 
                 ""I'm sorry.""","I
                    haven't socialized with barely anyone for hardly any of my life! And I invite a
                    neighbor, one nice, lonely gentleman --"" 
                 ""I'm sorry.""",man,gentleman,149,152,hardly,barely,46,52,-3.3125,-10.5,-13.8125,-6.46875,-12.375,-18.84375,5.03125,-6.6875,-12.375,-19.0625,5.25,4.635898687900641,4.814340444711538,180.800048828125,187.75927734375,39,39,0.1784417568108969,-4.635898687900641,-4.814340444711538,0.1784417568108969,[637],[10693],[21205],[12345],[21205],[12345],"[""Ġman""]","[""Ġhardly""]","[""Ġgentleman""]","[""Ġbarely""]","[""Ġgentleman""]","[""Ġbarely""]"
600,swords,"The mindwipe
                    will take its creation from my future self --but time too often does that
                    without aid. The play's second act concludes with the last fight between Tasha
                    and me. I have disguised us in the play, and deleted one brief melodramatic
                    interchange.","The mindwipe
                    will take its creation from my future ego --but time too often does that
                    without aid. The play's second part concludes with the last fight between Tasha
                    and me. I have disguised us in the play, and deleted one brief melodramatic
                    interchange.",act,part,158,161,self,ego,71,75,-0.80859375,-1.0234375,-1.83203125,-4.125,-7.65625,-11.78125,9.94921875,-3.65625,-7.65625,-11.3125,9.48046875,4.477662563323975,4.679418087005615,286.5704040527344,299.4827575683594,64,64,0.20175552368164062,-4.477662563323975,-4.679418087005615,0.20175552368164062,[769],[1881],[629],[23057],[629],[23057],"[""Ġact""]","[""Ġself""]","[""Ġpart""]","[""Ġego""]","[""Ġpart""]","[""Ġego""]"
601,swords,"Her lower lip (a trifle
                    too narrow for her face, perhaps her only physical flaw) thrust forward slightly
                    as she started to speak. She caught herself, slid her jaw infinitesimally back
                    into place, and said, ""You don't like it?"" 
                 I laughed.","Her lower lip (a trifle
                    too narrow for her face, maybe her only physical flaw) thrust forward slightly
                    as she started to speak. She caught herself, move her jaw infinitesimally back
                    into place, and said, ""You don't like it?"" 
                 I laughed.",slid,move,190,194,perhaps,maybe,69,76,-8.8125,-4.40625,-13.21875,-13.9375,-7.71875,-21.65625,8.4375,-13.6875,-7.65625,-21.34375,8.125,3.2885238893570437,3.411609741949266,203.88848114013672,211.5198040008545,62,62,0.12308585259222227,-3.2885238893570437,-3.411609741949266,0.12308585259222227,[22803],[4931],[2118],[5046],[2118],[5046],"[""Ġslid""]","[""Ġperhaps""]","[""Ġmove""]","[""Ġmaybe""]","[""Ġmove""]","[""Ġmaybe""]"
602,swords,"Reluctantly, I released her
                    hand. 
                 The interior of The Flamingo was a welcome surprise. Cloudwood had been used in
                    a Mediterranean manner, making the house seem primitive and civilized at the
                    same time.","Reluctantly, I released her
                    hand. 
                 The inside of The Flamingo was a welcome surprise. Cloudwood had been employed in
                    a Mediterranean manner, making the house seem primitive and civilized at the
                    same time.",interior,inside,76,84,used,employed,144,148,-9.1875,-7.03125,-16.21875,-8.625,-10.3125,-18.9375,2.71875,-8.625,-10.6875,-19.3125,3.09375,3.7354638671875,3.8601171875,186.773193359375,193.005859375,50,50,0.12465332031250043,-3.7354638671875,-3.8601171875,0.12465332031250043,[10755],[908],[3304],[7091],[3304],[7091],"[""Ġinterior""]","[""Ġused""]","[""Ġinside""]","[""Ġemployed""]","[""Ġinside""]","[""Ġemployed""]"
603,swords,"""Thank you."" Stepping into the living room, he said, ""A beautiful house."" 
                 ""I'm glad you came after dark.""","""Thank you."" Stepping into the living room, he stated, ""A beautiful residence."" 
                 ""I'm glad you came after dark.""",house,residence,66,71,said,stated,47,51,-2.84375,-4.0625,-6.90625,-7.71875,-8.25,-15.96875,9.0625,-6.9375,-8.1875,-15.125,8.21875,3.4966325431034484,3.7710971174568964,101.40234375,109.36181640625,29,29,0.27446457435344795,-3.4966325431034484,-3.7710971174568964,0.27446457435344795,[2419],[753],[12913],[4767],[12913],[4767],"[""Ġhouse""]","[""Ġsaid""]","[""Ġresidence""]","[""Ġstated""]","[""Ġresidence""]","[""Ġstated""]"
604,swords,"""How should I reply?"" Her voice had grown quiet, and I began to feel some guilt.
                    I had, it is true, told her that we needed other company than our own.","""How should I respond?"" Her words had grown quiet, and I began to feel some guilt.
                    I had, it is true, told her that we needed other company than our own.",voice,words,26,31,reply,respond,14,19,-1.7734375,-6.375,-8.1484375,-3.984375,-3.8125,-7.796875,-0.3515625,-4.0,-3.765625,-7.765625,-0.3828125,3.490093524639423,3.609301444811699,136.1136474609375,140.76275634765625,39,39,0.119207920172276,-3.490093524639423,-3.609301444811699,0.119207920172276,[4318],[12252],[3000],[3794],[3000],[3794],"[""Ġvoice""]","[""Ġreply""]","[""Ġwords""]","[""Ġrespond""]","[""Ġwords""]","[""Ġrespond""]"
605,swords,"The company also cited interest costs and amortization of goodwill as factors in the loss.  

A year earlier, net income was $2.1 million, or six cents a share, on revenue of $169.9 million.","The company likewise cited interest costs and amortization of goodwill as factors in the loss.  

A year earlier, net gain was $2.1 million, or six cents a share, on revenue of $169.9 million.",income,gain,114,120,also,likewise,12,16,-0.248046875,-2.921875,-3.169921875,-7.875,-8.125,-16.0,12.830078125,-7.4375,-8.1875,-15.625,12.455078125,2.2593047472895407,2.692478724888393,110.7059326171875,131.93145751953125,49,49,0.4331739775988521,-2.2593047472895407,-2.692478724888393,0.4331739775988521,[6021],[671],[6351],[21223],[6351],[21223],"[""Ġincome""]","[""Ġalso""]","[""Ġgain""]","[""Ġlikewise""]","[""Ġgain""]","[""Ġlikewise""]"
607,swords,"It is strange to know that we can do acts of unrepayable kindness to those we
                    should hate. Know this, my future self: Thanks to us, Emil Malaquez's name will
                    live as long as his masterpiece, ""A Self-Portrait: Anguish,"" endures. 
                 And Tasha?","It is unusual to know that we can do acts of unrepayable kindness to those we
                    should hate. Know this, my future self: Thanks to us, Emil Malaquez's name will
                    stand as long as his masterpiece, ""A Self-Portrait: Anguish,"" endures. 
                 And Tasha?",live,stand,198,202,strange,unusual,6,13,-2.6875,-7.03125,-9.71875,-5.6875,-8.1875,-13.875,4.15625,-5.53125,-8.1875,-13.71875,4.0,3.9841744866169675,4.1033838836240095,282.8763885498047,291.3402557373047,71,71,0.11920939700704203,-3.9841744866169675,-4.1033838836240095,0.11920939700704203,[22621],[8921],[1676],[11555],[1676],[11555],"[""live""]","[""Ġstrange""]","[""stand""]","[""Ġunusual""]","[""stand""]","[""Ġunusual""]"
608,swords,"Her lower lip (a trifle
                    too narrow for her face, perhaps her only physical flaw) thrust forward slightly
                    as she started to speak. She caught herself, slid her jaw infinitesimally back
                    into place, and said, ""You don't like it?"" 
                 I laughed.","Her lower lip (a trifle
                    too narrow for her face, maybe her only physical flaw) thrust forward slightly
                    as she started to speak. She caught herself, shift her jaw infinitesimally back
                    into place, and said, ""You don't like it?"" 
                 I laughed.",slid,shift,190,194,perhaps,maybe,69,76,-8.8125,-4.40625,-13.21875,-14.375,-7.71875,-22.09375,8.875,-14.0625,-7.65625,-21.71875,8.5,3.2885238893570437,3.465082045524351,203.88848114013672,214.83508682250977,62,62,0.17655815616730752,-3.2885238893570437,-3.465082045524351,0.17655815616730752,[22803],[4931],[5333],[5046],[5333],[5046],"[""Ġslid""]","[""Ġperhaps""]","[""Ġshift""]","[""Ġmaybe""]","[""Ġshift""]","[""Ġmaybe""]"
609,swords,"Sales for the full year were $6.6 billion, up 13% from $5.8 billion.  

Ralston said its restructuring costs include the phase-out of a battery facility in Greenville, N.C., the recent closing of a Hostess cake bakery in Cincinnati and a reduction in staff throughout the company. The battery plant, which makes rechargeable nickel cadmium and carbon zinc products, will be closed over the next year or so, a spokesman said.","Sales for the full year were $6.6 billion, up 13% from $5.8 billion.  

Ralston stated its restructuring expense include the phase-out of a battery facility in Greenville, N.C., the recent closing of a Hostess cake bakery in Cincinnati and a reduction in staff throughout the company. The battery plant, which makes rechargeable nickel cadmium and carbon zinc products, will be closed over the next year or so, a spokesman said.",costs,expense,103,108,said,stated,80,84,-2.46875,-2.953125,-5.421875,-6.25,-7.03125,-13.28125,7.859375,-5.96875,-7.0,-12.96875,7.546875,2.5504742933042124,2.706423359687882,252.496955037117,267.93591260910034,99,99,0.1559490663836698,-2.5504742933042124,-2.706423359687882,0.1559490663836698,[4815],[753],[14247],[4767],[14247],[4767],"[""Ġcosts""]","[""Ġsaid""]","[""Ġexpense""]","[""Ġstated""]","[""Ġexpense""]","[""Ġstated""]"
610,swords,"He may be more famous than you."" 
                 ""Imagine that."" I remembered an article in The Medusa and a photo of a work in
                    which 100-peso notes fell like confetti onto a small Undersider, sexlessly young
                    in grimy, oversized clothing.","He may be more renowned than you."" 
                 ""Consider that."" I remembered an article in The Medusa and a photo of a work in
                    which 100-peso notes fell like confetti onto a small Undersider, sexlessly young
                    in grimy, oversized clothing.",Imagine,Consider,52,59,famous,renowned,15,21,-8.625,-3.34375,-11.96875,-8.6875,-7.46875,-16.15625,4.1875,-8.3125,-7.46875,-15.78125,3.8125,4.629310417175293,4.73629314104716,277.7586250305176,284.1775884628296,60,60,0.1069827238718668,-4.629310417175293,-4.73629314104716,0.1069827238718668,[38989],[8530],[16628],[30101],[16628],[30101],"[""Imagine""]","[""Ġfamous""]","[""Consider""]","[""Ġrenowned""]","[""Consider""]","[""Ġrenowned""]"
611,swords,"""Relax,"" I said. ""It's easy for me to turn one down."" 
                 He glanced at me and decided I was joking.","""Relax,"" I said. ""It's simple for me to turn one down."" 
                 He glanced at me and determined I was joking.",easy,simple,23,27,decided,determined,93,100,-5.625,-6.90625,-12.53125,-7.25,-10.125,-17.375,4.84375,-7.25,-10.0,-17.25,4.71875,3.3422009698275863,3.5971174568965516,96.923828125,104.31640625,29,29,0.2549164870689653,-3.3422009698275863,-3.5971174568965516,0.2549164870689653,[3477],[4425],[2969],[3413],[2969],[3413],"[""Ġeasy""]","[""Ġdecided""]","[""Ġsimple""]","[""Ġdetermined""]","[""Ġsimple""]","[""Ġdetermined""]"
613,swords,"Her eyes became circles at the idea of being, as she undoubtedly thought it,
                    immortalized by Emil Malaquez. Catching herself, she said casually, ""Oh..."" And
                    then she smiled, laughed loudly at herself in the way that always made me think
                    how much I loved her, and said, ""My God, yes, yes, yes!"" For a perfect moment,
                    Emil and Tasha and I were one entity, laughing until our lungs hurt.","Her eyes became circles at the idea of being, as she doubtless thought it,
                    immortalized by Emil Malaquez. Catching herself, she said casually, ""Oh..."" And
                    then she smiled, laughed loudly at herself in the way that always made me recall
                    how much I loved her, and said, ""My God, yes, yes, yes!"" For a perfect moment,
                    Emil and Tasha and I were one entity, laughing until our lungs hurt.",think,recall,271,276,undoubtedly,doubtless,53,64,-3.625,-10.4375,-14.0625,-8.375,-11.5,-19.875,5.8125,-8.375,-11.5,-19.875,5.8125,3.323336956547756,3.369840808943206,338.9803695678711,343.72376251220703,102,102,0.046503852395450185,-3.323336956547756,-3.369840808943206,0.046503852395450185,[1158],[25369],[6983],[49654],[6983],[49654],"[""Ġthink""]","[""Ġundoubtedly""]","[""Ġrecall""]","[""Ġdoubtless""]","[""Ġrecall""]","[""Ġdoubtless""]"
614,swords,"He says we should come through now, immediately, before the probe is
reported late.""

""Harmon, tell that good for nothing son of a beta to get his hindquarters
through the gate and back here NOW, or I'll open fire on him when we come back
through."" Tara fumed.","He states we should come through now, immediately, before the probe is
reported late.""

""Harmon, notify that good for nothing son of a beta to get his hindquarters
through the gate and back here NOW, or I'll open fire on him when we come back
through."" Tara fumed.",tell,notify,95,99,says,states,3,7,-4.9375,-4.34375,-9.28125,-11.25,-8.625,-19.875,10.59375,-10.1875,-8.625,-18.8125,9.53125,3.9259440104166665,4.125295928030303,259.1123046875,272.26953125,66,66,0.19935191761363624,-3.9259440104166665,-4.125295928030303,0.19935191761363624,[2028],[2296],[24651],[3054],[24651],[3054],"[""Ġtell""]","[""Ġsays""]","[""Ġnotify""]","[""Ġstates""]","[""Ġnotify""]","[""Ġstates""]"
615,swords,"My last show --"" 
                 "" --was glorious!"" Tasha said.","My last display --"" 
                 "" --was memorable!"" Tasha said.",glorious,memorable,43,51,show,display,8,12,-9.75,-6.15625,-15.90625,-8.375,-10.375,-18.75,2.84375,-10.375,-10.375,-20.75,4.84375,6.065104166666667,7.083854166666667,90.9765625,106.2578125,15,15,1.0187499999999998,-6.065104166666667,-7.083854166666667,1.0187499999999998,[28548],[921],[27795],[3148],[27795],[3148],"[""Ġglorious""]","[""Ġshow""]","[""Ġmemorable""]","[""Ġdisplay""]","[""Ġmemorable""]","[""Ġdisplay""]"
616,swords,"I do not plan to write a book: this narrative must move more quickly. Tasha and
                    I became lovers that evening, after a good dinner of paella at her apartment. I
                    made some small joke afterward, about approving of her firm's business
                    incentives, and she cried.","I do not plan to compose a book: this narrative must move more quickly. Tasha and
                    I became lovers that evening, after a proper dinner of paella at her apartment. I
                    made some small joke afterward, about approving of her firm's business
                    incentives, and she cried.",good,proper,138,142,write,compose,17,22,-5.125,-4.28125,-9.40625,-7.75,-9.75,-17.5,8.09375,-7.65625,-9.75,-17.40625,8.0,4.037338014632937,4.151541573660714,254.352294921875,261.547119140625,63,63,0.11420355902777768,-4.037338014632937,-4.151541573660714,0.11420355902777768,[1175],[3630],[1463],[38530],[1463],[38530],"[""Ġgood""]","[""Ġwrite""]","[""Ġproper""]","[""Ġcompose""]","[""Ġproper""]","[""Ġcompose""]"
617,swords,"""Too bad. If I thought he could free me from you --"" 
                 ""Hah!""","""Too bad. If I guess he could release me from you --"" 
                 ""Hah!""",thought,guess,15,22,free,release,32,36,-5.65625,-9.875,-15.53125,-8.5,-8.5625,-17.0625,1.53125,-8.5,-8.4375,-16.9375,1.40625,4.623828125,5.11796875,92.4765625,102.359375,20,20,0.494140625,-4.623828125,-5.11796875,0.494140625,[1869],[1959],[5476],[3727],[5476],[3727],"[""Ġthought""]","[""Ġfree""]","[""Ġguess""]","[""Ġrelease""]","[""Ġguess""]","[""Ġrelease""]"
619,swords,"Mr. Reupke was one of three executives on Reuters's eight-person executive committee who didn't also serve on the company's board of directors. ""If I were choosing the people of tomorrow, I would have chosen the people who are now on the board,"" he said.  

A Reuters spokesman said the departure reflects ""no change in strategy or profits.""","Mr. Reupke was one of three executives on Reuters's eight-person executive committee who didn't likewise serve on the company's board of directors. ""If I were decide the people of tomorrow, I would have chosen the people who are now on the board,"" he said.  

A Reuters spokesman said the departure reflects ""no change in strategy or profits.""",choosing,decide,155,163,also,likewise,96,100,-8.0625,-8.125,-16.1875,-14.375,-13.875,-28.25,12.0625,-14.3125,-13.875,-28.1875,12.0,3.0074363914695947,3.3183692725929053,222.55029296875,245.559326171875,74,74,0.3109328811233105,-3.0074363914695947,-3.3183692725929053,0.3109328811233105,[13887],[671],[7617],[21223],[7617],[21223],"[""Ġchoosing""]","[""Ġalso""]","[""Ġdecide""]","[""Ġlikewise""]","[""Ġdecide""]","[""Ġlikewise""]"
620,swords,"Dunkin' is based in Randolph, Mass. Cara, a food services chain operator and Unicorp, a holding company, are based in Toronto.","Dunkin' is founded in Randolph, Mass. Cara, a food services chain operator and Unicorp, a holding enterprise, are based in Toronto.",company,enterprise,96,103,based,founded,11,16,-0.11669921875,-6.84375,-6.96044921875,-7.75,-8.875,-16.625,9.66455078125,-7.625,-8.875,-16.5,9.53955078125,3.633148193359375,4.227996826171875,116.2607421875,135.2958984375,32,32,0.5948486328125,-3.633148193359375,-4.227996826171875,0.5948486328125,[2567],[1754],[16100],[11420],[16100],[11420],"[""Ġcompany""]","[""Ġbased""]","[""Ġenterprise""]","[""Ġfounded""]","[""Ġenterprise""]","[""Ġfounded""]"
621,swords,"I could say that I did not dare to take responsibility for her fate.
                    I could say that I chose out of consideration for her desire for fame; some
                    critics already say ""Waking With Tasha"" is Malaquez's finest work. If science
                    finds a way to safely free the subjects of Emil's art, perhaps the I who reads
                    this file will know that my decision is wise.","I could say that I did not dare to take obligation for her fate.
                    I could say that I chose out of consideration for her desire for fame; some
                    critics already say ""Waking With Tasha"" is Malaquez's finest accomplishment. If science
                    finds a way to safely free the subjects of Emil's art, perhaps the I who reads
                    this file will know that my decision is wise.",work,accomplishment,246,250,responsibility,obligation,40,54,-1.2109375,-6.0625,-7.2734375,-5.78125,-12.8125,-18.59375,11.3203125,-5.34375,-12.875,-18.21875,10.9453125,4.097595729184954,4.263479511389572,364.68601989746094,379.4496765136719,89,89,0.16588378220461752,-4.097595729184954,-4.263479511389572,0.16588378220461752,[789],[8294],[42285],[14904],[42285],[14904],"[""Ġwork""]","[""Ġresponsibility""]","[""Ġaccomplishment""]","[""Ġobligation""]","[""Ġaccomplishment""]","[""Ġobligation""]"
622,swords,"He was what this
was all about. She watched his graceful fingers ending in thick black claws tap
out calculations on the panel. His pointed ears swiveled back and forth,
catching every sound from the bridge, while his long tail swished to the rhythm
of his thoughts.","He was what this
was all about. She examine his graceful fingers ending in thick dark claws tap
out calculations on the panel. His pointed ears swiveled back and forth,
catching every sound from the bridge, while his long tail swished to the rhythm
of his thoughts.",watched,examine,36,43,black,dark,81,86,-6.65625,-3.15625,-9.8125,-16.5,-4.53125,-21.03125,11.21875,-16.5,-4.5625,-21.0625,11.25,3.382171113612288,3.8343857587394066,199.548095703125,226.228759765625,59,59,0.4522146451271185,-3.382171113612288,-3.8343857587394066,0.4522146451271185,[9047],[2806],[9186],[3644],[9186],[3644],"[""Ġwatched""]","[""Ġblack""]","[""Ġexamine""]","[""Ġdark""]","[""Ġexamine""]","[""Ġdark""]"
623,swords,"My last show --"" 
                 "" --was glorious!"" Tasha said.","My last display --"" 
                 "" --was brilliant!"" Tasha said.",glorious,brilliant,43,51,show,display,8,12,-9.75,-6.15625,-15.90625,-7.90625,-10.375,-18.28125,2.375,-8.625,-10.375,-19.0,3.09375,6.065104166666667,6.585416666666666,90.9765625,98.78125,15,15,0.5203124999999993,-6.065104166666667,-6.585416666666666,0.5203124999999993,[28548],[921],[15925],[3148],[15925],[3148],"[""Ġglorious""]","[""Ġshow""]","[""Ġbrilliant""]","[""Ġdisplay""]","[""Ġbrilliant""]","[""Ġdisplay""]"
624,swords,"First of America Bank Corp. said it completed its acquisition of Midwest Financial Group Inc. for about $250 million. First of America, which now has 45 banks and $12.5 billion in assets, announced an agreement to acquire the Peoria, Ill., bank holding company in January.","First of America Bank Corp. tell it finished its acquisition of Midwest Financial Group Inc. for about $250 million. First of America, which now has 45 banks and $12.5 billion in assets, announced an agreement to acquire the Peoria, Ill., bank holding company in January.",said,tell,28,32,completed,finished,36,45,-7.28125,-4.59375,-11.875,-11.375,-7.71875,-19.09375,7.21875,-11.25,-12.3125,-23.5625,11.6875,2.639588473135965,3.050310101425439,150.45654296875,173.86767578125,57,57,0.4107216282894739,-2.639588473135965,-3.050310101425439,0.4107216282894739,[753],[6312],[2028],[6699],[2028],[6699],"[""Ġsaid""]","[""Ġcompleted""]","[""Ġtell""]","[""Ġfinished""]","[""Ġtell""]","[""Ġfinished""]"
626,swords,"Is that
                    love? Probably not. But it is something marvelous and rare, which is surely a
                    sign of love.","Is that
                    love? Perhaps not. But it is something marvelous and uncommon, which is surely a
                    sign of love.",Probably,Perhaps,34,42,rare,uncommon,82,86,-7.1875,-4.78125,-11.96875,-7.03125,-7.46875,-14.5,2.53125,-7.0,-7.40625,-14.40625,2.4375,3.4915771484375,3.591796875,94.2725830078125,96.978515625,27,27,0.1002197265625,-3.4915771484375,-3.591796875,0.1002197265625,[27692],[7520],[11243],[24666],[11243],[24666],"[""ĠProbably""]","[""Ġrare""]","[""ĠPerhaps""]","[""Ġuncommon""]","[""ĠPerhaps""]","[""Ġuncommon""]"
627,swords,"(I do
                    not remember any of this well, just now, nor do I care to. Those who are truly
                    curious may look at the last act of ""Captured Moments."") I remember suggesting,
                    with characteristic tact, that she add Emil to her small list of major
                    accomplishments.","(I do
                    not recall any of this well, just now, nor do I care to. Those who are truly
                    curious may look at the finishing act of ""Captured Moments."") I remember suggesting,
                    with characteristic tact, that she add Emil to her small list of major
                    accomplishments.",last,finishing,149,153,remember,recall,30,38,-6.0625,-5.5,-11.5625,-11.875,-7.25,-19.125,7.5625,-12.3125,-7.25,-19.5625,8.0,3.7870357900426006,3.910432622052621,261.30546951293945,269.81985092163086,69,69,0.1233968320100205,-3.7870357900426006,-3.910432622052621,0.1233968320100205,[1390],[4456],[19083],[6983],[19083],[6983],"[""Ġlast""]","[""Ġremember""]","[""Ġfinishing""]","[""Ġrecall""]","[""Ġfinishing""]","[""Ġrecall""]"
628,swords,"And then we did make love. 
            
            

                 I've been thinking about the mindwipe, now two days away. Who said that those
                    who forget the past are doomed to repeat it?","And then we did make love. 
            
            

                 I've been thinking about the mindwipe, currently two days away. Who stated that those
                    who forget the past are doomed to repeat it?",now,currently,111,114,said,stated,134,138,-4.90625,-6.21875,-11.125,-10.4375,-12.9375,-23.375,12.25,-10.375,-12.4375,-22.8125,11.6875,3.6077682140261627,3.815230968386628,155.134033203125,164.054931640625,43,43,0.20746275436046524,-3.6077682140261627,-3.815230968386628,0.20746275436046524,[1024],[753],[4390],[4767],[4390],[4767],"[""Ġnow""]","[""Ġsaid""]","[""Ġcurrently""]","[""Ġstated""]","[""Ġcurrently""]","[""Ġstated""]"
629,swords,"Tasha is not the whole of what happened on Vega IV. I must also write about
                    Emiliano Gabriel Malaquez. 
            
            
                 Future Self, you know our style well enough to tell that time has passed between
                    the last sentence and this.","Tasha is not the whole of what happened on Vega IV. I must likewise compose about
                    Emiliano Gabriel Malaquez. 
            
            
                 Future Self, you know our style well enough to tell that time has passed between
                    the last sentence and this.",write,compose,64,69,also,likewise,59,63,-5.625,-3.5,-9.125,-11.4375,-9.75,-21.1875,12.0625,-10.4375,-9.8125,-20.25,11.125,4.343985721982759,4.557953933189655,251.951171875,264.361328125,58,58,0.2139682112068959,-4.343985721982759,-4.557953933189655,0.2139682112068959,[3630],[671],[38530],[21223],[38530],[21223],"[""Ġwrite""]","[""Ġalso""]","[""Ġcompose""]","[""Ġlikewise""]","[""Ġcompose""]","[""Ġlikewise""]"
630,swords,"The report charged that Panama's Manuel Noriega is not only in league with the drug traffickers but also is bullying the press as never before.
""Noriega has closed every independent newspaper, radio and television station and arrested, tortured or forced into exile a long list of reporters,"" the statement declared.

It added: ""In Cuba, public enemy No. 1 of press freedoms in the hemisphere, repression of journalists both Cuban and foreign is worse than ever.""","The report charged that Panama's Manuel Noriega is not just in league with the drug traffickers but also is bullying the press as never before.
""Noriega has closed every independent newspaper, radio and tv station and arrested, tortured or forced into exile a long list of reporters,"" the statement declared.

It added: ""In Cuba, public enemy No. 1 of press freedoms in the hemisphere, repression of journalists both Cuban and foreign is worse than ever.""",television,tv,203,213,only,just,55,59,-0.314453125,-2.109375,-2.423828125,-5.4375,-3.5,-8.9375,6.513671875,-5.4375,-3.484375,-8.921875,6.498046875,3.065816266913163,3.151462846053274,291.2525453567505,299.38897037506104,95,95,0.08564657914011109,-3.065816266913163,-3.151462846053274,0.08564657914011109,[7315],[760],[23055],[816],[23055],[816],"[""Ġtelevision""]","[""Ġonly""]","[""Ġtv""]","[""Ġjust""]","[""Ġtv""]","[""Ġjust""]"
632,swords,"""He's not that ugly. I think they're his natural features."" 
                 ""Interesting.""","""He's not that ugly. I believe they're his normal features."" 
                 ""Interesting.""",natural,normal,41,48,think,believe,23,28,-5.46875,-2.15625,-7.625,-7.09375,-6.0625,-13.15625,5.53125,-8.5,-6.09375,-14.59375,6.96875,4.26031494140625,4.565509033203125,85.206298828125,91.3101806640625,20,20,0.3051940917968752,-4.26031494140625,-4.565509033203125,0.3051940917968752,[3626],[1158],[2622],[2868],[2622],[2868],"[""Ġnatural""]","[""Ġthink""]","[""Ġnormal""]","[""Ġbelieve""]","[""Ġnormal""]","[""Ġbelieve""]"
633,swords,"It is strange to know that we can do acts of unrepayable kindness to those we
                    should hate. Know this, my future self: Thanks to us, Emil Malaquez's name will
                    live as long as his masterpiece, ""A Self-Portrait: Anguish,"" endures. 
                 And Tasha?","It is unusual to know that we can do acts of unrepayable kindness to those we
                    should hate. Know this, my future self: Thanks to us, Emil Malaquez's name will
                    continue as long as his masterpiece, ""A Self-Portrait: Anguish,"" endures. 
                 And Tasha?",live,continue,198,202,strange,unusual,6,13,-2.6875,-7.03125,-9.71875,-2.578125,-8.1875,-10.765625,1.046875,-2.640625,-8.1875,-10.828125,1.109375,3.9841744866169675,4.088367300973812,282.8763885498047,290.2740783691406,71,71,0.10419281435684447,-3.9841744866169675,-4.088367300973812,0.10419281435684447,[22621],[8921],[25674],[11555],[25674],[11555],"[""live""]","[""Ġstrange""]","[""continue""]","[""Ġunusual""]","[""continue""]","[""Ġunusual""]"
636,swords,"Her glowering expression
completed the imposing effect. She picked imaginary flecks off her stark gray
jumpsuit, and snorted. You look like hell, Tar.","Her glowering expression
finished the imposing effect. She picked imaginary flecks off her stark grey
jumpsuit, and snorted. You look like hell, Tar.",gray,grey,98,102,completed,finished,25,34,-5.15625,-12.5625,-17.71875,-5.96875,-12.6875,-18.65625,0.9375,-5.9375,-12.6875,-18.625,0.90625,4.928689395680147,5.089290843290441,167.575439453125,173.035888671875,34,34,0.16060144761029438,-4.928689395680147,-5.089290843290441,0.16060144761029438,[11978],[47954],[14370],[36077],[14370],[36077],"[""Ġgray""]","[""completed""]","[""Ġgrey""]","[""finished""]","[""Ġgrey""]","[""finished""]"
638,swords,"Net advanced to $94.2 million, or 89 cents a share, from $85 million, or 83 cents a share, including net realized investment gains of $31 million, up from $10 million a year ago. But revenue declined to $3 billion from $3.2 billion.  

Travelers estimated that the California earthquake last month will result in a fourth-quarter pre-tax charge of less than $10 million.","Net advanced to $94.2 million, or 89 cents a share, from $85 million, or 83 cents a share, including net recognized investment gains of $31 million, up from $10 million a year ago. But revenue shrink to $3 billion from $3.2 billion.  

Travelers estimated that the California earthquake last month will result in a fourth-quarter pre-tax charge of less than $10 million.",declined,shrink,191,199,realized,recognized,105,113,-3.265625,-3.9375,-7.203125,-13.625,-9.625,-23.25,16.046875,-13.5,-9.5625,-23.0625,15.859375,2.4106734015724878,2.6521631587635386,212.1392593383789,233.3903579711914,88,88,0.2414897571910508,-2.4106734015724878,-2.6521631587635386,0.2414897571910508,[13072],[8156],[23973],[7478],[23973],[7478],"[""Ġdeclined""]","[""Ġrealized""]","[""Ġshrink""]","[""Ġrecognized""]","[""Ġshrink""]","[""Ġrecognized""]"
639,swords,"Any crew member that would
jeopardize the project was meat. It would be a shame to lose that talent,
though.

Rakal, her first officer, was staring pensively at his panel.","Any crew member that would
jeopardize the project was meat. It would be a disgrace to lose that skill,
though.

Rakal, her first officer, was staring pensively at his panel.",talent,skill,93,99,shame,disgrace,74,79,-5.78125,-3.609375,-9.390625,-7.28125,-5.0625,-12.34375,2.953125,-8.6875,-5.125,-13.8125,4.421875,3.654940518465909,3.864657315340909,160.8173828125,170.044921875,44,44,0.209716796875,-3.654940518465909,-3.864657315340909,0.209716796875,[12816],[14816],[10861],[40655],[10861],[40655],"[""Ġtalent""]","[""Ġshame""]","[""Ġskill""]","[""Ġdisgrace""]","[""Ġskill""]","[""Ġdisgrace""]"
641,swords,"DD Acquisition has launched a suit in a Delaware court seeking the withdrawal of Dunkin's poison pill rights and employee stock ownership plans, which it claims were put in place to deter bidders.  

DD Acquisition said 2.2 million shares, or about 38.","DD Acquisition has launched a suit in a Delaware court trying the withdrawal of Dunkin's poison pill rights and employee stock ownership plans, which it claims were put in place to deter bidders.  

DD Acquisition announce 2.2 million shares, or about 38.",said,announce,215,219,seeking,trying,55,62,-3.65625,-3.28125,-6.9375,-12.5,-7.40625,-19.90625,12.96875,-12.3125,-7.46875,-19.78125,12.84375,3.33218276709841,3.809382120768229,189.93441772460938,217.13478088378906,57,57,0.4771993536698189,-3.33218276709841,-3.809382120768229,0.4771993536698189,[753],[8445],[10578],[2820],[10578],[2820],"[""Ġsaid""]","[""Ġseeking""]","[""Ġannounce""]","[""Ġtrying""]","[""Ġannounce""]","[""Ġtrying""]"
642,swords,"Mark Shepperd, an analyst at UBS Phillips & Drew in London, said, ""I suspect (the departure) will be fairly irrelevant for the company. I would be very surprised if his departure signals any change in strategy or change in profit expectations."" On London's Stock Exchange, Reuters shares rose five pence to 913 pence ($14.43).","Mark Shepperd, an analyst at UBS Phillips & Drew in London, stated, ""I suspect (the departure) will be fairly irrelevant for the company. I would be very surprised if his departure signals any change in strategy or change in revenue expectations."" On London's Stock Exchange, Reuters shares rose five pence to 913 pence ($14.43).",profit,revenue,223,229,said,stated,60,64,-8.0625,-0.6640625,-8.7265625,-8.0625,-7.09375,-15.15625,6.4296875,-8.0625,-7.09375,-15.15625,6.4296875,3.2271925259942877,3.344568748996682,235.585054397583,244.1535186767578,73,73,0.11737622300239448,-3.2271925259942877,-3.344568748996682,0.11737622300239448,[11528],[753],[11784],[4767],[11784],[4767],"[""Ġprofit""]","[""Ġsaid""]","[""Ġrevenue""]","[""Ġstated""]","[""Ġrevenue""]","[""Ġstated""]"
643,swords,"For a perfect moment,
                    Emil and Tasha and I were one entity, laughing until our lungs hurt. 
                 This is torture. I had not considered that I might not write to learn, but to
                    punish myself.","For a perfect instant,
                    Emil and Tasha and I were one entity, laughing until our lungs hurt. 
                 This is anguish. I had not considered that I might not write to learn, but to
                    punish myself.",torture,anguish,137,144,moment,instant,14,20,-10.125,-6.875,-17.0,-13.5,-8.6875,-22.1875,5.1875,-13.3125,-8.6875,-22.0,5.0,3.9526641222895407,4.125198052853954,193.6805419921875,202.13470458984375,49,49,0.17253393056441357,-3.9526641222895407,-4.125198052853954,0.17253393056441357,[21207],[2774],[44089],[8164],[44089],[8164],"[""Ġtorture""]","[""Ġmoment""]","[""Ġanguish""]","[""Ġinstant""]","[""Ġanguish""]","[""Ġinstant""]"
644,swords,"10 as the deadline for the receipt of any competing bids. DD Acquisition said the extension is to allow this process to be completed. Dunkin' is based in Randolph, Mass.","10 as the deadline for the receipt of any competing bids. DD Acquisition stated the extension is to allow this proceeding to be completed. Dunkin' is based in Randolph, Mass.",process,proceeding,109,116,said,stated,73,77,-2.953125,-5.125,-8.078125,-9.125,-8.125,-17.25,9.171875,-8.4375,-8.125,-16.5625,8.484375,3.7075063344594597,4.092971389358108,137.177734375,151.43994140625,37,37,0.38546505489864824,-3.7075063344594597,-4.092971389358108,0.38546505489864824,[1232],[753],[12162],[4767],[12162],[4767],"[""Ġprocess""]","[""Ġsaid""]","[""Ġproceeding""]","[""Ġstated""]","[""Ġproceeding""]","[""Ġstated""]"
645,swords,"He spoke quickly, prepared to be
                    rejected. ""Would you permit me to do one of you? I would pay --""","He spoke rapidly, prepared to be
                    rejected. ""Would you grant me to do one of you? I would pay --""",permit,grant,74,80,quickly,rapidly,9,16,-5.84375,-6.78125,-12.625,-7.375,-8.5,-15.875,3.25,-7.125,-8.5625,-15.6875,3.0625,4.142795138888889,4.485460069444445,111.85546875,121.107421875,27,27,0.34266493055555536,-4.142795138888889,-4.485460069444445,0.34266493055555536,[9659],[4541],[4098],[9086],[4098],[9086],"[""Ġpermit""]","[""Ġquickly""]","[""Ġgrant""]","[""Ġrapidly""]","[""Ġgrant""]","[""Ġrapidly""]"
646,swords,"BRIEFS: Only 57.6% of New Yorkers watch the local news, the lowest viewership in the country, says a new study by Impact Resources Inc., Columbus, Ohio. . . . FreudToy, a pillow bearing the likeness of Sigmund Freud, is marketed as a $24.95 tool for do-it-yourself analysis.","BRIEFS: Just 57.6% of New Yorkers watch the local news, the lowest viewership in the country, says a new study by Impact Resources Inc., Columbus, Ohio. . . . FreudToy, a pillow bearing the likeness of Sigmund Freud, is marketed as a $24.95 tool for do-it-yourself scrutiny.",analysis,scrutiny,265,273,Only,Just,8,12,-7.375,-7.65625,-15.03125,-13.25,-6.5,-19.75,4.71875,-13.25,-6.46875,-19.71875,4.6875,3.1327124143901623,3.2506891802737585,238.08614349365234,247.05237770080566,76,76,0.11797676588359618,-3.1327124143901623,-3.2506891802737585,0.11797676588359618,[1783],[7214],[24852],[3771],[24852],[3771],"[""Ġanalysis""]","[""ĠOnly""]","[""Ġscrutiny""]","[""ĠJust""]","[""Ġscrutiny""]","[""ĠJust""]"
647,swords,"She did not like my plays. I had impressed her because I was famous and amusing
                    and not, as I had hoped, because I was a great artist. That bothered (yes, and
                    intrigued) me until I realized that she was bored by most plays, movies, and
                    vid.","She did not like my plays. I had impressed her because I was renowned and amusing
                    and not, as I had hoped, because I was a terrific artist. That bothered (yes, and
                    intrigued) me until I realized that she was bored by most plays, movies, and
                    vid.",great,terrific,141,146,famous,renowned,61,67,-3.203125,-8.0,-11.203125,-7.96875,-11.125,-19.09375,7.890625,-8.375,-11.125,-19.5,8.296875,3.6209306716918945,3.825615882873535,231.73956298828125,244.83941650390625,64,64,0.20468521118164062,-3.6209306716918945,-3.825615882873535,0.20468521118164062,[1270],[8530],[34303],[30101],[34303],[30101],"[""Ġgreat""]","[""Ġfamous""]","[""Ġterrific""]","[""Ġrenowned""]","[""Ġterrific""]","[""Ġrenowned""]"
649,swords,"Corporations and museums are among the serious buyers, giving greater market stability, says Robert Persky of the Photograph Collector. ""When I see prints going into the hands of institutions, I know they aren't going to come back on the market."" Most in demand: classic photographs by masters such as Stieglitz and Man Ray.","Corporations and museums are among the serious buyers, giving greater marketplace stability, says Robert Persky of the Photograph Collector. ""When I see prints going into the hands of company, I know they aren't going to come back on the market."" Most in demand: classic photographs by masters such as Stieglitz and Man Ray.",institutions,company,179,191,market,marketplace,70,76,-3.71875,-5.3125,-9.03125,-11.1875,-10.25,-21.4375,12.40625,-10.8125,-10.25,-21.0625,12.03125,3.2952564183403465,3.5614740988787483,224.07743644714355,242.18023872375488,68,68,0.2662176805384018,-3.2952564183403465,-3.5614740988787483,0.2662176805384018,[10003],[2791],[2567],[27769],[2567],[27769],"[""Ġinstitutions""]","[""Ġmarket""]","[""Ġcompany""]","[""Ġmarketplace""]","[""Ġcompany""]","[""Ġmarketplace""]"
650,swords,"The White House said Mr. Bush decided to grant duty-free status for 18 categories, but turned down such treatment for other types of watches ""because of the potential for material injury to watch producers located in the U.S. and the Virgin Islands.""  

Timex is a major U.S. producer and seller of watches, including low-priced battery-operated watches assembled in the Philippines and other developing nations covered by the U.S. tariff preferences.  

U.S. trade officials said the Philippines and Thailand would be the main beneficiaries of the president's action.","The White House stated Mr. Bush decided to grant duty-free status for 18 categories, but turned down such treatment for other types of watches ""because of the potential for material injury to watch producers located in the U.S. and the Virgin Islands.""  

Timex is a major U.S. producer and merchant of watches, including low-priced battery-operated watches assembled in the Philippines and other developing nations covered by the U.S. tariff preferences.  

U.S. trade officials said the Philippines and Thailand would be the main beneficiaries of the president's action.",seller,merchant,289,295,said,stated,16,20,-5.15625,-2.671875,-7.828125,-9.9375,-5.9375,-15.875,8.046875,-9.875,-5.96875,-15.84375,8.015625,2.8367092549299993,2.93890031445928,337.5684013366699,349.7291374206543,119,119,0.10219105952928054,-2.8367092549299993,-2.93890031445928,0.10219105952928054,[24451],[753],[24230],[4767],[24230],[4767],"[""Ġseller""]","[""Ġsaid""]","[""Ġmerchant""]","[""Ġstated""]","[""Ġmerchant""]","[""Ġstated""]"
651,swords,"In New York Stock Exchange composite trading yesterday, Intelogic shares rose 37.5 cents to close at $2.75.  

Mr. Edelman declined to specify what prompted the recent moves, saying they are meant only to benefit shareholders when ""the company is on a roll."" He added, ""This has nothing to do with Marty Ackerman and it is not designed, particularly, to take the company private.""","In New York Stock Exchange composite trading yesterday, Intelogic shares climbed 37.5 cents to close at $2.75.  

Mr. Edelman declined to specify what prompted the recent activity, saying they are meant only to benefit shareholders when ""the company is on a roll."" He added, ""This has nothing to do with Marty Ackerman and it is not designed, particularly, to take the company private.""",moves,activity,168,173,rose,climbed,73,77,-4.65625,-1.7734375,-6.4296875,-6.3125,-4.28125,-10.59375,4.1640625,-6.15625,-4.28125,-10.4375,4.0078125,3.19862560893214,3.3440191579419514,275.08180236816406,287.5856475830078,86,86,0.14539354900981127,-3.19862560893214,-3.3440191579419514,0.14539354900981127,[9727],[9461],[2425],[21863],[2425],[21863],"[""Ġmoves""]","[""Ġrose""]","[""Ġactivity""]","[""Ġclimbed""]","[""Ġactivity""]","[""Ġclimbed""]"
653,swords,"Malaquez glanced away, embarrassed. Tasha looked at me as if to say, ""I will.""
                    She said, ""I feel sorry for you, Nardo.","Malaquez glanced away, embarrassed. Tasha looked at me as if to declare, ""I will.""
                    She stated, ""I feel sorry for you, Nardo.",say,declare,64,67,said,stated,103,107,-0.53125,-3.546875,-4.078125,-8.375,-8.4375,-16.8125,12.734375,-8.3125,-8.25,-16.5625,12.484375,3.852878146701389,4.226128472222222,138.70361328125,152.140625,36,36,0.3732503255208335,-3.852878146701389,-4.226128472222222,0.3732503255208335,[1333],[753],[11165],[4767],[11165],[4767],"[""Ġsay""]","[""Ġsaid""]","[""Ġdeclare""]","[""Ġstated""]","[""Ġdeclare""]","[""Ġstated""]"
655,swords,"Mr. Reupke was one of three executives on Reuters's eight-person executive committee who didn't also serve on the company's board of directors. ""If I were choosing the people of tomorrow, I would have chosen the people who are now on the board,"" he said.  

A Reuters spokesman said the departure reflects ""no change in strategy or profits.""","Mr. Reupke was one of three executives on Reuters's eight-person executive committee who didn't likewise serve on the company's board of directors. ""If I were elect the people of tomorrow, I would have chosen the people who are now on the board,"" he said.  

A Reuters spokesman said the departure reflects ""no change in strategy or profits.""",choosing,elect,155,163,also,likewise,96,100,-8.0625,-8.125,-16.1875,-12.0625,-13.875,-25.9375,9.75,-12.125,-13.875,-26.0,9.8125,3.0074363914695947,3.3229617557010136,222.55029296875,245.899169921875,74,74,0.31552536423141886,-3.0074363914695947,-3.3229617557010136,0.31552536423141886,[13887],[671],[1516],[21223],[1516],[21223],"[""Ġchoosing""]","[""Ġalso""]","[""Ġelect""]","[""Ġlikewise""]","[""Ġelect""]","[""Ġlikewise""]"
657,swords,"""Results, Harmon?"" she suppressed the surge of annoyance that ran through her as
she contemplated the psi's gift of getting all the hot news first.

Harmon's face slowly animated - joy sweeping in to replace stern concentration.","""Results, Harmon?"" she repressed the surge of annoyance that ran through her as
she contemplated the psi's gift of attain all the hot news first.

Harmon's face slowly animated - joy sweeping in to replace stern concentration.",getting,attain,116,123,suppressed,repressed,23,33,-9.0,-12.3125,-21.3125,-13.0625,-14.0,-27.0625,5.75,-13.0,-14.0,-27.0,5.6875,4.723619384765625,5.19840087890625,236.18096923828125,259.9200439453125,50,50,0.4747814941406254,-4.723619384765625,-5.19840087890625,0.4747814941406254,[2970],[16013],[20685],[47960],[20685],[47960],"[""Ġgetting""]","[""Ġsuppressed""]","[""Ġattain""]","[""Ġrepressed""]","[""Ġattain""]","[""Ġrepressed""]"
659,swords,"You look like hell, Tar. Don't blow this. Don't let
fatigue get to you.","You seem like hell, Tar. Don't waste this. Don't let
fatigue get to you.",blow,waste,31,35,look,seem,4,8,-8.4375,-6.1875,-14.625,-5.9375,-8.0625,-14.0,-0.625,-5.875,-8.0,-13.875,-0.75,4.047685895647321,4.317080543154762,85.00140380859375,90.65869140625,21,21,0.2693946475074407,-4.047685895647321,-4.317080543154762,0.2693946475074407,[8230],[1007],[8138],[1646],[8138],[1646],"[""Ġblow""]","[""Ġlook""]","[""Ġwaste""]","[""Ġseem""]","[""Ġwaste""]","[""Ġseem""]"
660,swords,"First of America Bank Corp. said it completed its acquisition of Midwest Financial Group Inc. for about $250 million. First of America, which now has 45 banks and $12.5 billion in assets, announced an agreement to acquire the Peoria, Ill., bank holding company in January.","First of America Bank Corp. assert it finished its acquisition of Midwest Financial Group Inc. for about $250 million. First of America, which now has 45 banks and $12.5 billion in assets, announced an agreement to acquire the Peoria, Ill., bank holding company in January.",said,assert,28,32,completed,finished,36,45,-7.28125,-4.59375,-11.875,-14.5,-7.71875,-22.21875,10.34375,-14.0625,-11.3125,-25.375,13.5,2.639588473135965,3.022050824081689,150.45654296875,172.25689697265625,57,57,0.3824623509457239,-2.639588473135965,-3.022050824081689,0.3824623509457239,[753],[6312],[4138],[6699],[4138],[6699],"[""Ġsaid""]","[""Ġcompleted""]","[""Ġassert""]","[""Ġfinished""]","[""Ġassert""]","[""Ġfinished""]"
661,swords,"Xerox Corp. has told employees in its Crum & Forster personal insurance operations that it is laying off about 300 people, or 25% of the staff.  

A spokeswoman for Crum & Forster said employees were told early this week that numerous staff functions for the personal insurance lines were going to be centralized as a cost-cutting move.","Xerox Corp. has told employees in its Crum & Forster personal insurance operations that it is laying off about 300 humans, or 25% of the staff.  

A spokeswoman for Crum & Forster stated employees were told early this week that numerous staff functions for the personal insurance lines were going to be centralized as a cost-cutting move.",people,humans,115,121,said,stated,180,184,-1.4921875,-0.84375,-2.3359375,-12.125,-7.46875,-19.59375,17.2578125,-12.1875,-4.3125,-16.5,14.1640625,2.729170905219184,2.956272972954644,196.50030517578125,212.85165405273438,72,72,0.22710206773546027,-2.729170905219184,-2.956272972954644,0.22710206773546027,[952],[753],[7497],[4767],[7497],[4767],"[""Ġpeople""]","[""Ġsaid""]","[""Ġhumans""]","[""Ġstated""]","[""Ġhumans""]","[""Ġstated""]"
662,swords,"Kalamazoo, Mich.-based First of America said it will eliminate the 13 management positions of the former Midwest Financial parent company. First of America said some of the managers will take other jobs with First of America. But it said that severance payments to those executives not staying with the company will reduce First of America's operating results for 1989 by $3 million to $4 million, or 15 cents to 20 cents a share.","Kalamazoo, Mich.-based First of America stated it will eliminate the 13 management positions of the former Midwest Financial parent company. First of America said some of the managers will take other work with First of America. But it said that severance payments to those executives not staying with the company will reduce First of America's operating results for 1989 by $3 million to $4 million, or 15 cents to 20 cents a share.",jobs,work,198,202,said,stated,40,44,-1.21875,-5.5625,-6.78125,-6.34375,-9.9375,-16.28125,9.5,-5.71875,-10.0625,-15.78125,9.0,2.796682559742647,2.971252800436581,237.718017578125,252.55648803710938,85,85,0.1745702406939338,-2.796682559742647,-2.971252800436581,0.1745702406939338,[7375],[753],[789],[4767],[789],[4767],"[""Ġjobs""]","[""Ġsaid""]","[""Ġwork""]","[""Ġstated""]","[""Ġwork""]","[""Ġstated""]"
663,swords,"The other concern wasn't identified.  

Ratners's chairman, Gerald Ratner, said the deal remains of ""substantial benefit to Ratners."" In London at mid-afternoon yesterday, Ratners's shares were up 2 pence (1.26 cents), at 260 pence ($1.64).","The other concern wasn't identified.  

Ratners's chairman, Gerald Ratner, stated the deal remains of ""substantial favor to Ratners."" In London at mid-afternoon yesterday, Ratners's shares were up 2 pence (1.26 cents), at 260 pence ($1.64).",benefit,favor,113,120,said,stated,75,79,-2.59375,-2.421875,-5.015625,-12.875,-7.25,-20.125,15.109375,-11.5,-7.25,-18.75,13.734375,3.461406980242048,3.658717776101733,218.06863975524902,230.49921989440918,63,63,0.1973107958596847,-3.461406980242048,-3.658717776101733,0.1973107958596847,[5649],[753],[3718],[4767],[3718],[4767],"[""Ġbenefit""]","[""Ġsaid""]","[""Ġfavor""]","[""Ġstated""]","[""Ġfavor""]","[""Ġstated""]"
664,swords,"El Espectador has been a special target because of the extraordinary courage of its publisher and his staff.
At Monterrey, publisher Luis Gabriel Cano, although shaken by the murders, issued a statement saying: ""We will not cease our fight against drug trafficking.
They want to terrify the press and in particular El Espectador because it has always been a torchbearer in this war.""","El Espectador has been a special objective because of the extraordinary courage of its publisher and his staff.
At Monterrey, publisher Luis Gabriel Cano, although shaken by the murders, issued a statement saying: ""We will not terminate our fight against drug trafficking.
They want to terrify the press and in particular El Espectador because it has always been a torchbearer in this war.""",cease,terminate,224,229,target,objective,33,39,-4.90625,-7.0,-11.90625,-9.0,-9.375,-18.375,6.46875,-8.9375,-9.375,-18.3125,6.40625,3.0753278732299805,3.230013824090725,252.1768856048584,264.86113357543945,82,82,0.15468595086074455,-3.0753278732299805,-3.230013824090725,0.15468595086074455,[22907],[2303],[24174],[8103],[24174],[8103],"[""Ġcease""]","[""Ġtarget""]","[""Ġterminate""]","[""Ġobjective""]","[""Ġterminate""]","[""Ġobjective""]"
665,swords,"I could say that I did not dare to take responsibility for her fate.
                    I could say that I chose out of consideration for her desire for fame; some
                    critics already say ""Waking With Tasha"" is Malaquez's finest work. If science
                    finds a way to safely free the subjects of Emil's art, perhaps the I who reads
                    this file will know that my decision is wise.","I could say that I did not dare to take obligation for her fate.
                    I could say that I chose out of consideration for her desire for fame; some
                    critics already say ""Waking With Tasha"" is Malaquez's finest masterpiece. If science
                    finds a way to safely free the subjects of Emil's art, perhaps the I who reads
                    this file will know that my decision is wise.",work,masterpiece,246,250,responsibility,obligation,40,54,-1.2109375,-6.0625,-7.2734375,-7.15625,-12.8125,-19.96875,12.6953125,-6.59375,-12.875,-19.46875,12.1953125,4.097595729184954,4.245543062017205,364.68601989746094,377.85333251953125,89,89,0.14794733283225092,-4.097595729184954,-4.245543062017205,0.14794733283225092,[789],[8294],[45497],[14904],[45497],[14904],"[""Ġwork""]","[""Ġresponsibility""]","[""Ġmasterpiece""]","[""Ġobligation""]","[""Ġmasterpiece""]","[""Ġobligation""]"
666,swords,"(I do
                    not remember any of this well, just now, nor do I care to. Those who are truly
                    curious may look at the last act of ""Captured Moments."") I remember suggesting,
                    with characteristic tact, that she add Emil to her small list of major
                    accomplishments.","(I do
                    not recall any of this well, just now, nor do I care to. Those who are truly
                    curious may look at the concluding act of ""Captured Moments."") I remember suggesting,
                    with characteristic tact, that she add Emil to her small list of major
                    accomplishments.",last,concluding,149,153,remember,recall,30,38,-6.0625,-5.5,-11.5625,-10.0,-7.25,-17.25,5.6875,-10.1875,-7.25,-17.4375,5.875,3.7870357900426006,3.8439360908840015,261.30546951293945,265.2315902709961,69,69,0.05690030084140085,-3.7870357900426006,-3.8439360908840015,0.05690030084140085,[1390],[4456],[26215],[6983],[26215],[6983],"[""Ġlast""]","[""Ġremember""]","[""Ġconcluding""]","[""Ġrecall""]","[""Ġconcluding""]","[""Ġrecall""]"
669,swords,"Call me
                    Bernardo."" 
                 ""If you wish."" 
                 ""I beg you, change the color of the walls, at the very least.""","Call me
                    Bernardo."" 
                 ""If you want."" 
                 ""I beg you, change the colour of the walls, at the very least.""",wish,want,65,69,color,colour,113,118,-3.71875,-4.6875,-8.40625,-3.21875,-5.5,-8.71875,0.3125,-3.21875,-6.15625,-9.375,0.96875,3.5430450439453125,3.681610107421875,113.37744140625,117.8115234375,32,32,0.1385650634765625,-3.5430450439453125,-3.681610107421875,0.1385650634765625,[5730],[3295],[971],[10688],[971],[10688],"[""Ġwish""]","[""Ġcolor""]","[""Ġwant""]","[""Ġcolour""]","[""Ġwant""]","[""Ġcolour""]"
670,swords,"Tiny Tots Inc., Campbell, Calif., says business is up 35% in the past year. ""We're gaining 1,200 new customers each week,"" says Jack Mogavero of General Health Care Corp., Piscataway, N.J. In Syracuse, N.Y., DyDee Service's new marketing push stresses environmental awareness. Among its new customers: day-care centers that previously spurned the service.","Tiny Tots Inc., Campbell, Calif., states business is up 35% in the past year. ""We're gaining 1,200 new customers each week,"" says Jack Mogavero of General Health Care Corp., Piscataway, N.J. In Syracuse, N.Y., DyDee Service's new marketing initiative stresses environmental awareness. Among its new customers: day-care centers that previously spurned the service.",push,initiative,238,242,says,states,34,38,-5.65625,-5.0625,-10.71875,-5.03125,-8.625,-13.65625,2.9375,-4.90625,-8.625,-13.53125,2.8125,3.2462633540121355,3.33785050638606,288.9174385070801,297.0686950683594,89,89,0.09158715237392467,-3.2462633540121355,-3.33785050638606,0.09158715237392467,[7450],[2296],[15952],[3054],[15952],[3054],"[""Ġpush""]","[""Ġsays""]","[""Ġinitiative""]","[""Ġstates""]","[""Ġinitiative""]","[""Ġstates""]"
671,swords,"But I was probably only looking at
                    my reflection in the capturador's lens. Had he said then that I should use it on
                    myself, I might have. 
                 That moment passed.","But I was probably just looking at
                    my reflection in the capturador's lens. Had he said then that I should try it on
                    myself, I might have. 
                 That moment passed.",use,try,126,129,only,just,19,23,-5.46875,-4.71875,-10.1875,-4.59375,-3.296875,-7.890625,-2.296875,-4.5625,-3.328125,-7.890625,-2.296875,3.9306372709052506,3.8536093068677326,169.01740264892578,165.7052001953125,43,43,-0.07702796403751799,-3.9306372709052506,-3.8536093068677326,-0.07702796403751799,[897],[760],[1611],[816],[1611],[816],"[""Ġuse""]","[""Ġonly""]","[""Ġtry""]","[""Ġjust""]","[""Ġtry""]","[""Ġjust""]"
672,swords,"""He's not that ugly. I think they're his natural features."" 
                 ""Interesting.""","""He's not that ugly. I believe they're his genuine features."" 
                 ""Interesting.""",natural,genuine,41,48,think,believe,23,28,-5.46875,-2.15625,-7.625,-9.3125,-6.0625,-15.375,7.75,-8.625,-6.09375,-14.71875,7.09375,4.26031494140625,4.68680419921875,85.206298828125,93.736083984375,20,20,0.42648925781250036,-4.26031494140625,-4.68680419921875,0.42648925781250036,[3626],[1158],[13241],[2868],[13241],[2868],"[""Ġnatural""]","[""Ġthink""]","[""Ġgenuine""]","[""Ġbelieve""]","[""Ġgenuine""]","[""Ġbelieve""]"
673,swords,"First of America Bank Corp. said it completed its acquisition of Midwest Financial Group Inc. for about $250 million. First of America, which now has 45 banks and $12.5 billion in assets, announced an agreement to acquire the Peoria, Ill., bank holding company in January.","First of America Bank Corp. affirm it finished its acquisition of Midwest Financial Group Inc. for about $250 million. First of America, which now has 45 banks and $12.5 billion in assets, announced an agreement to acquire the Peoria, Ill., bank holding company in January.",said,affirm,28,32,completed,finished,36,45,-7.28125,-4.59375,-11.875,-13.4375,-7.71875,-21.15625,9.28125,-13.6875,-11.375,-25.0625,13.1875,2.639588473135965,3.0051055372807016,150.45654296875,171.291015625,57,57,0.3655170641447367,-2.639588473135965,-3.0051055372807016,0.3655170641447367,[753],[6312],[10418],[6699],[10418],[6699],"[""Ġsaid""]","[""Ġcompleted""]","[""Ġaffirm""]","[""Ġfinished""]","[""Ġaffirm""]","[""Ġfinished""]"
674,swords,"No successor was named, and Mr. Reupke's duties will be split among three other senior Reuters executives, the company said.  

In a telephone interview, Mr. Reupke said his departure was for ""personal reasons,"" which he declined to specify. ""There is no business reason for my departure,"" nor any disagreement over policy, he added.","No successor was called, and Mr. Reupke's duties will be split among three other senior Reuters executives, the company said.  

In a telephone talk, Mr. Reupke said his departure was for ""personal reasons,"" which he declined to specify. ""There is no business reason for my departure,"" nor any disagreement over policy, he added.",interview,talk,143,152,named,called,17,22,-0.04296875,-3.03125,-3.07421875,-8.625,-5.96875,-14.59375,11.51953125,-8.5625,-6.03125,-14.59375,11.51953125,2.604374349933781,2.894342500869542,190.11932754516602,211.28700256347656,73,73,0.2899681509357608,-2.604374349933781,-2.894342500869542,0.2899681509357608,[4572],[4907],[2312],[1925],[2312],[1925],"[""Ġinterview""]","[""Ġnamed""]","[""Ġtalk""]","[""Ġcalled""]","[""Ġtalk""]","[""Ġcalled""]"
675,swords,"Sales fell 20% to #722 million.  

Earnings were hurt by disposal of operations in its restructuring, Reed said.","Sales decreased 20% to #722 million.  

Earnings were hurt by elimination of operations in its restructuring, Reed said.",disposal,elimination,57,65,fell,decreased,6,10,-10.8125,-11.1875,-22.0,-10.5625,-11.9375,-22.5,0.5,-10.25,-11.9375,-22.1875,0.1875,4.634427584134615,4.731182391826923,120.4951171875,123.0107421875,26,26,0.09675480769230838,-4.634427584134615,-4.731182391826923,0.09675480769230838,[23585],[6497],[20408],[6137],[20408],[6137],"[""Ġdisposal""]","[""Ġfell""]","[""Ġelimination""]","[""Ġdecreased""]","[""Ġelimination""]","[""Ġdecreased""]"
676,swords,"""Has she said as much about me?"" 
                 ""She thinks you are a genius. Do come in.""","""Has she stated as much about me?"" 
                 ""She presume you are a genius. Do come in.""",thinks,presume,56,62,said,stated,9,13,-5.1875,-4.625,-9.8125,-16.0,-8.3125,-24.3125,14.5,-15.4375,-8.375,-23.8125,14.0,4.1848366477272725,5.197088068181818,92.06640625,114.3359375,22,22,1.0122514204545459,-4.1848366477272725,-5.197088068181818,1.0122514204545459,[11121],[753],[35533],[4767],[35533],[4767],"[""Ġthinks""]","[""Ġsaid""]","[""Ġpresume""]","[""Ġstated""]","[""Ġpresume""]","[""Ġstated""]"
677,swords,"""Thank you."" Stepping into the living room, he said, ""A beautiful house."" 
                 ""I'm glad you came after dark.""","""Thank you."" Stepping into the living room, he stated, ""A beautiful property."" 
                 ""I'm glad you came after dark.""",house,property,66,71,said,stated,47,51,-2.84375,-4.0625,-6.90625,-8.125,-8.25,-16.375,9.46875,-7.5,-8.1875,-15.6875,8.78125,3.4966325431034484,3.8076003502155173,101.40234375,110.42041015625,29,29,0.31096780711206895,-3.4966325431034484,-3.8076003502155173,0.31096780711206895,[2419],[753],[2867],[4767],[2867],[4767],"[""Ġhouse""]","[""Ġsaid""]","[""Ġproperty""]","[""Ġstated""]","[""Ġproperty""]","[""Ġstated""]"
678,swords,"Who said that those
                    who forget the past are doomed to repeat it? I fear that may be true for me. Add
                    this to the reasons I write now: to remember something, perhaps even to learn --","Who stated that those
                    who forget the past are doomed to repeat it? I dread that may be true for me. Add
                    this to the reasons I write now: to remember something, perhaps even to learn --",fear,dread,87,91,said,stated,4,8,-5.6875,-6.03125,-11.71875,-9.0625,-9.8125,-18.875,7.15625,-10.5,-9.8125,-20.3125,8.59375,3.371238014914773,3.627982399680398,148.33447265625,159.6312255859375,44,44,0.256744384765625,-3.371238014914773,-3.627982399680398,0.256744384765625,[4709],[753],[18638],[4767],[18638],[4767],"[""Ġfear""]","[""Ġsaid""]","[""Ġdread""]","[""Ġstated""]","[""Ġdread""]","[""Ġstated""]"
679,swords,"The partners said they already hold 15% of all shares outstanding.  

Dunkin' has set Nov. 10 as the deadline for the receipt of any competing bids.","The partners stated they already hold 15% of all shares outstanding.  

Dunkin' has specify Nov. 10 as the deadline for the receipt of any competing bids.",set,specify,82,85,said,stated,13,17,-7.78125,-4.625,-12.40625,-17.875,-6.6875,-24.5625,12.15625,-17.375,-6.625,-24.0,11.59375,3.634291294642857,4.083949497767857,127.2001953125,142.938232421875,35,35,0.4496582031249998,-3.634291294642857,-4.083949497767857,0.4496582031249998,[873],[753],[13199],[4767],[13199],[4767],"[""Ġset""]","[""Ġsaid""]","[""Ġspecify""]","[""Ġstated""]","[""Ġspecify""]","[""Ġstated""]"
680,swords,"The rental
                    agent, an attractive N'apulcan named Tasha Cortez, was not mood-sensitive
                    either. She said, ""It's beautiful, isn't it, Señor Flynn?"" 
                 My instinct was to gesture curtly with a cupped hand that she lift the wind boat
                    and take me elsewhere.","The rental
                    agent, an attractive N'apulcan called Tasha Cortez, was not mood-sensitive
                    either. She add, ""It's beautiful, isn't it, Señor Flynn?"" 
                 My instinct was to gesture curtly with a cupped hand that she lift the wind boat
                    and take me elsewhere.",said,add,137,141,named,called,62,67,-4.59375,-5.3125,-9.90625,-13.125,-7.1875,-20.3125,10.40625,-13.25,-7.1875,-20.4375,10.53125,4.404128383582746,4.65899443290603,312.693115234375,330.7886047363281,71,71,0.25486604932328394,-4.404128383582746,-4.65899443290603,0.25486604932328394,[753],[4907],[823],[1925],[823],[1925],"[""Ġsaid""]","[""Ġnamed""]","[""Ġadd""]","[""Ġcalled""]","[""Ġadd""]","[""Ġcalled""]"
682,swords,"Mr. McGuigan cites three completed efforts in Oklahoma. Hot ballot topics are expected to be abortion, the environment and insurance reform.  

Taking a cue from California, more politicians will launch their campaigns by backing initiatives, says David Magleby of Brigham Young University.","Mr. McGuigan cites three finished efforts in Oklahoma. Important ballot topics are expected to be abortion, the environment and insurance reform.  

Taking a cue from California, more politicians will launch their campaigns by backing initiatives, says David Magleby of Brigham Young University.",Hot,Important,56,59,completed,finished,25,34,-10.0,-11.25,-21.25,-12.9375,-12.0,-24.9375,3.6875,-12.625,-12.0,-24.625,3.375,4.145316809938665,4.251094751190721,236.2830581665039,242.3124008178711,57,57,0.10577794125205653,-4.145316809938665,-4.251094751190721,0.10577794125205653,[9405],[6312],[46741],[6699],[46741],[6699],"[""ĠHot""]","[""Ġcompleted""]","[""ĠImportant""]","[""Ġfinished""]","[""ĠImportant""]","[""Ġfinished""]"
683,swords,"The Continental Baking business benefited from higher margins on bread and on increased cake sales, it added.  

Ralston said its Eveready battery unit was hurt by continuing economic problems in South America.  

Ralston shares closed yesterday at $80.50, off $1, in New York Stock Exchange composite trading.","The Continental Baking business benefited from eminent margins on bread and on increased cake sales, it added.  

Ralston said its Eveready battery segment was hurt by continuing economic problems in South America.  

Ralston shares closed yesterday at $80.50, off $1, in New York Stock Exchange composite trading.",unit,segment,147,151,higher,eminent,47,53,-2.984375,-3.484375,-6.46875,-4.15625,-16.5,-20.65625,14.1875,-4.40625,-16.5,-20.90625,14.4375,3.1292207381304573,3.4379789689007927,212.7870101928711,233.7825698852539,68,68,0.3087582307703354,-3.1292207381304573,-3.4379789689007927,0.3087582307703354,[3943],[2169],[8223],[43609],[8223],[43609],"[""Ġunit""]","[""Ġhigher""]","[""Ġsegment""]","[""Ġeminent""]","[""Ġsegment""]","[""Ġeminent""]"
684,swords,"-- occupied The Flamingo. 
                 I do not plan to write a book: this narrative must move more quickly. Tasha and
                    I became lovers that evening, after a good dinner of paella at her apartment.","-- occupied The Flamingo. 
                 I do not plan to compose a book: this narrative must go more quickly. Tasha and
                    I became lovers that evening, after a good dinner of paella at her apartment.",move,go,95,99,write,compose,61,66,-7.375,-4.125,-11.5,-4.75,-8.9375,-13.6875,2.1875,-4.59375,-8.9375,-13.53125,2.03125,4.399966032608695,4.603600543478261,202.3984375,211.765625,46,46,0.2036345108695654,-4.399966032608695,-4.603600543478261,0.2036345108695654,[2118],[3630],[564],[38530],[564],[38530],"[""Ġmove""]","[""Ġwrite""]","[""Ġgo""]","[""Ġcompose""]","[""Ġgo""]","[""Ġcompose""]"
685,swords,"""It is rather ugly."" 
                 ""Thoroughly ugly,"" I corrected with smile. 
                 ""Obscenely ugly,"" said she, smiling too.","""It is rather ugly."" 
                 ""Thoroughly ugly,"" I revise with smile. 
                 ""Obscenely ugly,"" stated she, smiling too.",corrected,revise,60,69,said,stated,118,122,-4.34375,-3.140625,-7.484375,-10.1875,-7.53125,-17.71875,10.234375,-10.1875,-9.5625,-19.75,12.265625,3.613482306985294,4.032513786764706,122.8583984375,137.10546875,34,34,0.4190314797794117,-3.613482306985294,-4.032513786764706,0.4190314797794117,[15045],[753],[49620],[4767],[49620],[4767],"[""Ġcorrected""]","[""Ġsaid""]","[""Ġrevise""]","[""Ġstated""]","[""Ġrevise""]","[""Ġstated""]"
686,swords,"He also rejected reports that his departure stemmed from disappointment the general manager's post hadn't also led to a board directorship at the London-based news organization.  

Mr. Reupke was one of three executives on Reuters's eight-person executive committee who didn't also serve on the company's board of directors. ""If I were choosing the people of tomorrow, I would have chosen the people who are now on the board,"" he said.","He likewise rejected reports that his departure stemmed from disappointment the general manager's post hadn't also led to a board directorship at the London-based news organization.  

Mr. Reupke was one of three executives on Reuters's eight-person executive committee who didn't also serve on the team's board of directors. ""If I were choosing the people of tomorrow, I would have chosen the people who are now on the board,"" he said.",company,team,295,302,also,likewise,3,7,-3.703125,-3.671875,-7.375,-7.8125,-9.375,-17.1875,9.8125,-7.03125,-9.4375,-16.46875,9.09375,3.143660172172215,3.3436999113663384,289.21673583984375,307.6203918457031,92,92,0.20003973919412354,-3.143660172172215,-3.3436999113663384,0.20003973919412354,[2567],[671],[2285],[21223],[2285],[21223],"[""Ġcompany""]","[""Ġalso""]","[""Ġteam""]","[""Ġlikewise""]","[""Ġteam""]","[""Ġlikewise""]"
689,swords,"Mr. Reupke was one of three executives on Reuters's eight-person executive committee who didn't also serve on the company's board of directors. ""If I were choosing the people of tomorrow, I would have chosen the people who are now on the board,"" he said.  

A Reuters spokesman said the departure reflects ""no change in strategy or profits.""","Mr. Reupke was one of three executives on Reuters's eight-person executive committee who didn't likewise serve on the company's board of directors. ""If I were select the people of tomorrow, I would have chosen the people who are now on the board,"" he said.  

A Reuters spokesman said the departure reflects ""no change in strategy or profits.""",choosing,select,155,163,also,likewise,96,100,-8.0625,-8.125,-16.1875,-13.8125,-13.875,-27.6875,11.5,-13.8125,-13.875,-27.6875,11.5,3.0074363914695947,3.2622169288429053,222.55029296875,241.404052734375,74,74,0.2547805373733105,-3.0074363914695947,-3.2622169288429053,0.2547805373733105,[13887],[671],[3609],[21223],[3609],[21223],"[""Ġchoosing""]","[""Ġalso""]","[""Ġselect""]","[""Ġlikewise""]","[""Ġselect""]","[""Ġlikewise""]"
690,swords,"I took the capturador, a matte black Tiempo
                    Capturado, from his grip and studied it, not really thinking about it or
                    Malaquez or Tasha. I think I was wondering what it meant to say that a thing was
                    art, so we accepted it as art. Or perhaps I was thinking about the things that
                    humanity made that would outlive our species.","I took the capturador, a matte dark Tiempo
                    Capturado, from his grip and studied it, not really thinking about it or
                    Malaquez or Tasha. I think I was wondering what it meant to say that a thing was
                    art, so we recognize it as art. Or perhaps I was thinking about the things that
                    humanity made that would outlive our species.",accepted,recognize,269,277,black,dark,31,36,-8.125,-0.89453125,-9.01953125,-11.125,-4.6875,-15.8125,6.79296875,-10.9375,-4.78125,-15.71875,6.69921875,3.7578407375291847,3.8417691636359557,326.93214416503906,334.2339172363281,87,87,0.08392842610677098,-3.7578407375291847,-3.8417691636359557,0.08392842610677098,[7607],[2806],[9446],[3644],[9446],[3644],"[""Ġaccepted""]","[""Ġblack""]","[""Ġrecognize""]","[""Ġdark""]","[""Ġrecognize""]","[""Ġdark""]"
691,swords,"And then, because a
                    playwright cannot resist a promising line, I said, ""Your Sleeping Flamingo
                    should be put to sleep."" 
                 To say her face fell would do a disservice to Tasha and to literature. (Allow me
                    my self-indulgences as you would those of a dying man -- when I convince my
                    mindsmith to permit the wipe, there will be another Bernardo Flynn, one who
                    knows no more of Tasha Cortez or Vega IV than he reads here.)","And then, because a
                    playwright cannot resist a promising line, I stated, ""Your Sleeping Flamingo
                    should be put to sleep."" 
                 To mention her face fell would do a disservice to Tasha and to literature. (Allow me
                    my self-indulgences as you would those of a dying man -- when I convince my
                    mindsmith to permit the wipe, there will be another Bernardo Flynn, one who
                    knows no more of Tasha Cortez or Vega IV than he reads here.)",say,mention,181,184,said,stated,85,89,-4.375,-4.0625,-8.4375,-9.625,-9.6875,-19.3125,10.875,-9.8125,-9.6875,-19.5,11.0625,4.062173594599185,4.252167544157609,467.14996337890625,488.999267578125,115,115,0.1899939495584242,-4.062173594599185,-4.252167544157609,0.1899939495584242,[1333],[753],[3748],[4767],[3748],[4767],"[""Ġsay""]","[""Ġsaid""]","[""Ġmention""]","[""Ġstated""]","[""Ġmention""]","[""Ġstated""]"
692,swords,"Malaquez glanced away, embarrassed. Tasha looked at me as if to say, ""I will.""
                    She said, ""I feel sorry for you, Nardo.","Malaquez glanced away, embarrassed. Tasha looked at me as if to remark, ""I will.""
                    She stated, ""I feel sorry for you, Nardo.",say,remark,64,67,said,stated,103,107,-0.53125,-3.546875,-4.078125,-8.1875,-8.4375,-16.625,12.546875,-8.1875,-8.6875,-16.875,12.796875,3.852878146701389,4.3056640625,138.70361328125,155.00390625,36,36,0.45278591579861116,-3.852878146701389,-4.3056640625,0.45278591579861116,[1333],[753],[7579],[4767],[7579],[4767],"[""Ġsay""]","[""Ġsaid""]","[""Ġremark""]","[""Ġstated""]","[""Ġremark""]","[""Ġstated""]"
693,swords,"""Tell me, Malaquez."" 
                 ""She wanted to be famous. She did!","""Tell me, Malaquez."" 
                 ""She desired to be extraordinary. She did!",famous,extraordinary,57,63,wanted,desired,44,50,-6.125,-5.21875,-11.34375,-10.0,-10.0625,-20.0625,8.71875,-9.75,-10.0,-19.75,8.40625,4.9115953947368425,5.412006578947368,93.3203125,102.828125,19,19,0.5004111842105257,-4.9115953947368425,-5.412006578947368,0.5004111842105257,[8530],[3078],[15423],[6799],[15423],[6799],"[""Ġfamous""]","[""Ġwanted""]","[""Ġextraordinary""]","[""Ġdesired""]","[""Ġextraordinary""]","[""Ġdesired""]"
695,swords,"If I am not, I had the perfect mirror
                    for my narcissism. 
                 As for the issue itself, I'm no longer sure what I want to record. The
                    playwright in me wants every scene of our time together.","If I am not, I had the perfect mirror
                    for my narcissism. 
                 As for the issue itself, I'm no longer sure what I desire to preserve. The
                    playwright in me wants every scene of our time together.",record,preserve,154,160,want,desire,146,150,-11.0625,-1.6484375,-12.7109375,-10.125,-6.59375,-16.71875,4.0078125,-7.375,-6.59375,-13.96875,1.2578125,3.705,3.80072265625,185.25,190.0361328125,50,50,0.09572265624999998,-3.705,-3.80072265625,0.09572265624999998,[1924],[971],[14003],[8327],[14003],[8327],"[""Ġrecord""]","[""Ġwant""]","[""Ġpreserve""]","[""Ġdesire""]","[""Ġpreserve""]","[""Ġdesire""]"
696,swords,"Well, if she didn't pan out, she'd be terminated. Any crew member that would
jeopardize the project was meat. It would be a shame to lose that talent,
though.","Well, if she didn't pan out, she'd be terminated. Any staff member that would
jeopardize the project was meat. It would be a disgrace to lose that talent,
though.",crew,staff,54,58,shame,disgrace,124,129,-9.875,-2.421875,-12.296875,-7.0625,-4.6875,-11.75,-0.546875,-7.09375,-4.59375,-11.6875,-0.609375,3.46951904296875,3.6815185546875,138.78076171875,147.2607421875,40,40,0.2119995117187501,-3.46951904296875,-3.6815185546875,0.2119995117187501,[10402],[14816],[4750],[40655],[4750],[40655],"[""Ġcrew""]","[""Ġshame""]","[""Ġstaff""]","[""Ġdisgrace""]","[""Ġstaff""]","[""Ġdisgrace""]"
697,swords,"Those who are truly
                    curious may look at the last act of ""Captured Moments."") I remember suggesting,
                    with characteristic tact, that she add Emil to her small list of major
                    accomplishments. 
                 Malaquez glanced away, embarrassed.","Those who are really
                    curious may look at the last act of ""Captured Moments."") I remember suggesting,
                    with characteristic tact, that she add Emil to her microscopic list of major
                    accomplishments. 
                 Malaquez glanced away, embarrassed.",small,microscopic,191,196,truly,really,14,19,-7.8125,-6.46875,-14.28125,-15.875,-5.84375,-21.71875,7.4375,-15.9375,-5.84375,-21.78125,7.5,4.34828047916807,4.490209776779701,252.20026779174805,260.43216705322266,58,58,0.14192929761163153,-4.34828047916807,-4.490209776779701,0.14192929761163153,[1355],[7777],[22973],[1663],[22973],[1663],"[""Ġsmall""]","[""Ġtruly""]","[""Ġmicroscopic""]","[""Ġreally""]","[""Ġmicroscopic""]","[""Ġreally""]"
698,swords,"She studied me as a suspicious puppy might, then said, ""I'm sorry, too."" 
                 ""I suppose I sound like I'm bragging when I talk of the things I'm tired of."" 
                 ""Only because you are.""","She studied me as a suspicious puppy might, then stated, ""I'm sorry, too."" 
                 ""I reckon I sound like I'm bragging when I talk of the things I'm tired of."" 
                 ""Only because you are.""",suppose,reckon,94,101,said,stated,49,53,-5.3125,-4.34375,-9.65625,-9.1875,-9.0,-18.1875,8.53125,-9.25,-9.0,-18.25,8.59375,3.5287039620535716,3.819888990752551,172.906494140625,187.174560546875,49,49,0.2911850286989792,-3.5287039620535716,-3.819888990752551,0.2911850286989792,[9428],[753],[44352],[4767],[44352],[4767],"[""Ġsuppose""]","[""Ġsaid""]","[""Ġreckon""]","[""Ġstated""]","[""Ġreckon""]","[""Ġstated""]"
701,swords,"Everything will be taken over by the new company,"" said Christian Andersson, executive vice president of Oy Waertsilae, former parent of Waertsilae Marine.  

Once its ownership is finalized, the new company will open talks with state-appointed receivers to buy or lease Waertsilae Marine's shipyard facilities. Subcontractors will be offered a settlement and a swift transition to new management is expected to avert an exodus of skilled workers from Waertsilae Marine's two big shipyards, government officials said.","Everything will be taken over by the new company,"" stated Christian Andersson, executive vice president of Oy Waertsilae, former parent of Waertsilae Marine.  

Once its ownership is finalized, the new company will open talks with state-appointed receivers to buy or lease Waertsilae Marine's shipyard building. Subcontractors will be offered a settlement and a swift transition to new management is expected to avert an exodus of skilled workers from Waertsilae Marine's two big shipyards, government officials said.",facilities,building,300,310,said,stated,51,55,-3.046875,-1.765625,-4.8125,-5.9375,-6.3125,-12.25,7.4375,-5.78125,-6.3125,-12.09375,7.28125,3.0931864558039486,3.182811977627041,343.3436965942383,353.29212951660156,111,111,0.08962552182309258,-3.0931864558039486,-3.182811977627041,0.08962552182309258,[9189],[753],[3652],[4767],[3652],[4767],"[""Ġfacilities""]","[""Ġsaid""]","[""Ġbuilding""]","[""Ġstated""]","[""Ġbuilding""]","[""Ġstated""]"
702,swords,"Many will use a common editorial.
A final statement yesterday said: ""While some advances are being made in nations throughout the hemisphere, the state of press freedom in the Americas still must be regarded as grim as long as journalists and their families are subject to the crudest form of censorship: death by assassination.""

The report charged that Panama's Manuel Noriega is not only in league with the drug traffickers but also is bullying the press as never before.","Many will use a common editorial.
A last announcement yesterday said: ""While some advances are being made in nations throughout the hemisphere, the state of press freedom in the Americas still must be regarded as grim as long as journalists and their families are subject to the crudest form of censorship: death by assassination.""

The report charged that Panama's Manuel Noriega is not only in league with the drug traffickers but also is bullying the press as never before.",statement,announcement,42,51,final,last,36,41,-6.6875,-6.65625,-13.34375,-8.8125,-7.625,-16.4375,3.09375,-9.375,-7.59375,-16.96875,3.625,3.3588690047568464,3.4013650569509952,315.73368644714355,319.72831535339355,94,94,0.04249605219414887,-3.3588690047568464,-3.4013650569509952,0.04249605219414887,[3908],[2457],[15687],[1390],[15687],[1390],"[""Ġstatement""]","[""Ġfinal""]","[""Ġannouncement""]","[""Ġlast""]","[""Ġannouncement""]","[""Ġlast""]"
703,swords,"El Espectador has been a special target because of the extraordinary courage of its publisher and his staff.
At Monterrey, publisher Luis Gabriel Cano, although shaken by the murders, issued a statement saying: ""We will not cease our fight against drug trafficking.
They want to terrify the press and in particular El Espectador because it has always been a torchbearer in this war.""","El Espectador has been a special objective because of the extraordinary courage of its publisher and his staff.
At Monterrey, publisher Luis Gabriel Cano, although shaken by the murders, issued a statement saying: ""We will not conclude our fight against drug trafficking.
They want to terrify the press and in particular El Espectador because it has always been a torchbearer in this war.""",cease,conclude,224,229,target,objective,33,39,-4.90625,-7.0,-11.90625,-11.3125,-9.375,-20.6875,8.78125,-11.0,-9.375,-20.375,8.46875,3.0753278732299805,3.2498998874571265,252.1768856048584,266.4917907714844,82,82,0.17457201422714608,-3.0753278732299805,-3.2498998874571265,0.17457201422714608,[22907],[2303],[7525],[8103],[7525],[8103],"[""Ġcease""]","[""Ġtarget""]","[""Ġconclude""]","[""Ġobjective""]","[""Ġconclude""]","[""Ġobjective""]"
704,swords,"The surprising thing is that I was.
                    ""Good. My last show --""","The surprising thing is that I was.
                    ""Super. My last display --""",Good,Super,57,61,show,display,71,75,-6.375,-6.5625,-12.9375,-8.5625,-10.75,-19.3125,6.375,-8.5625,-10.375,-18.9375,6.0,5.159581801470588,5.637522977941177,87.712890625,95.837890625,17,17,0.47794117647058876,-5.159581801470588,-5.637522977941177,0.47794117647058876,[8620],[921],[15705],[3148],[15705],[3148],"[""Good""]","[""Ġshow""]","[""Super""]","[""Ġdisplay""]","[""Super""]","[""Ġdisplay""]"
706,swords,"Consoling her, I began to suspect I loved her. I
                    moved into The Flamingo the next day; and she gave up her apartment three weeks
                    later to join me. It was the sort of romance that happens so rarely that most
                    people believe it does not happen at all, the sort of romance that sustains the
                    hopeless billions who regularly watch A Wandering Star Called Love.","Consoling her, I started to suspect I loved her. I
                    moved into The Flamingo the next day; and she surrender up her apartment three weeks
                    later to join me. It was the sort of romance that happens so rarely that most
                    people believe it does not happen at all, the sort of romance that sustains the
                    hopeless billions who regularly watch A Wandering Star Called Love.",gave,surrender,115,119,began,started,17,22,-4.5625,-5.125,-9.6875,-16.375,-6.5,-22.875,13.1875,-16.75,-6.4375,-23.1875,13.5,3.3297270851573724,3.59967102401558,289.6862564086914,313.17137908935547,87,87,0.26994393885820767,-3.3297270851573724,-3.59967102401558,0.26994393885820767,[3534],[3407],[23277],[3053],[23277],[3053],"[""Ġgave""]","[""Ġbegan""]","[""Ġsurrender""]","[""Ġstarted""]","[""Ġsurrender""]","[""Ġstarted""]"
707,swords,"""Yes,"" I said, ""Do that,"" and did not care what she did, or why. 
                 Emil asked, ""You're all right?"" I muttered something he must have interpreted as
                    assent.","""Yes,"" I stated, ""Do that,"" and did not care what she did, or why. 
                 Emil asked, ""You're all ok?"" I muttered something he must have interpreted as
                    assent.",right,ok,107,112,said,stated,9,13,-0.81640625,-0.92578125,-1.7421875,-9.0,-6.09375,-15.09375,13.3515625,-7.65625,-6.125,-13.78125,12.0390625,3.5465928819444446,3.8509114583333335,159.5966796875,173.291015625,45,45,0.30431857638888893,-3.5465928819444446,-3.8509114583333335,0.30431857638888893,[987],[753],[8718],[4767],[8718],[4767],"[""Ġright""]","[""Ġsaid""]","[""Ġok""]","[""Ġstated""]","[""Ġok""]","[""Ġstated""]"
708,swords,"I should buy
                    it to raze it, but I am not so kind-hearted. I might, however, rent it."" 
                 I think she only heard the last words of my speech.","I should buy
                    it to raze it, but I am not so kind-hearted. I might, nevertheless, rent it."" 
                 I believe she only heard the last words of my speech.",however,nevertheless,87,94,think,believe,126,131,-2.734375,-4.3125,-7.046875,-7.09375,-6.1875,-13.28125,6.234375,-7.15625,-6.125,-13.28125,6.234375,3.8538937452362805,3.990627381859756,158.0096435546875,163.61572265625,41,41,0.1367336366234757,-3.8538937452362805,-3.990627381859756,0.1367336366234757,[2299],[1158],[17837],[2868],[17837],[2868],"[""Ġhowever""]","[""Ġthink""]","[""Ġnevertheless""]","[""Ġbelieve""]","[""Ġnevertheless""]","[""Ġbelieve""]"
709,swords,"The company also cited interest costs and amortization of goodwill as factors in the loss.  

A year earlier, net income was $2.1 million, or six cents a share, on revenue of $169.9 million.","The company likewise cited interest costs and amortization of goodwill as factors in the loss.  

A year earlier, net earning was $2.1 million, or six cents a share, on revenue of $169.9 million.",income,earning,114,120,also,likewise,12,16,-0.248046875,-2.921875,-3.169921875,-9.625,-8.125,-17.75,14.580078125,-9.3125,-8.1875,-17.5,14.330078125,2.2593047472895407,2.768886021205357,110.7059326171875,135.6754150390625,49,49,0.5095812739158165,-2.2593047472895407,-2.768886021205357,0.5095812739158165,[6021],[671],[22915],[21223],[22915],[21223],"[""Ġincome""]","[""Ġalso""]","[""Ġearning""]","[""Ġlikewise""]","[""Ġearning""]","[""Ġlikewise""]"
710,swords,"The N'apulcans are mostly emigrants from
                    Polaris II; the only difference between them and their Carribbean ancestors is
                    that the ancestors fleeced NorAm tourists. Now the N'apulcans profit from their
                    Hispanic siblings. 
                 I don't mean to sound cynical.","The N'apulcans are mostly emigrants from
                    Polaris II; the sole difference between them and their Carribbean ancestors is
                    that the ancestors fleeced NorAm tourists. Now the N'apulcans earn from their
                    Hispanic siblings. 
                 I don't mean to sound cynical.",profit,earn,222,228,only,sole,77,81,-9.75,-4.46875,-14.21875,-8.0625,-8.0625,-16.125,1.90625,-8.0,-8.0,-16.0,1.78125,4.188001690488873,4.36632607199929,276.4081115722656,288.1775207519531,66,66,0.17832438151041696,-4.188001690488873,-4.36632607199929,0.17832438151041696,[11528],[760],[6233],[7934],[6233],[7934],"[""Ġprofit""]","[""Ġonly""]","[""Ġearn""]","[""Ġsole""]","[""Ġearn""]","[""Ġsole""]"
711,swords,"I stand up, I walk around, I pretend someone makes a vid about
                    a writer and I must enact every cliche. I cannot decide what's important. But I
                    have learned something: writing trivializes.","I stand up, I walk around, I pretend somebody makes a vid about
                    a writer and I must enact every cliche. I cannot select what's important. But I
                    have learned something: writing trivializes.",decide,select,132,138,someone,somebody,37,44,-6.875,-7.875,-14.75,-10.0625,-9.625,-19.6875,4.9375,-10.0,-9.625,-19.625,4.875,4.350146484375,4.523643663194444,195.756591796875,203.56396484375,45,45,0.17349717881944393,-4.350146484375,-4.523643663194444,0.17349717881944393,[7617],[3095],[3609],[11853],[3609],[11853],"[""Ġdecide""]","[""Ġsomeone""]","[""Ġselect""]","[""Ġsomebody""]","[""Ġselect""]","[""Ġsomebody""]"
712,swords,"Mine was The
                    Sleeping Flamingo, and its outer walls were coral pink. Were they
                    mood-sensitive, they would have changed as I first viewed them. The rental
                    agent, an attractive N'apulcan named Tasha Cortez, was not mood-sensitive
                    either.","Mine was The
                    Sleeping Flamingo, and its outer walls were coral pink. Were they
                    mood-sensitive, they would have changed as I originally considered them. The rental
                    agent, an attractive N'apulcan named Tasha Cortez, was not mood-sensitive
                    either.",first,originally,164,169,viewed,considered,170,176,-8.125,-4.15625,-12.28125,-12.625,-7.65625,-20.28125,8.0,-12.625,-6.65625,-19.28125,7.0,4.096835974491004,4.262915871360085,270.39117431640625,281.3524475097656,66,66,0.1660798968690811,-4.096835974491004,-4.262915871360085,0.1660798968690811,[806],[11575],[8927],[2783],[8927],[2783],"[""Ġfirst""]","[""Ġviewed""]","[""Ġoriginally""]","[""Ġconsidered""]","[""Ġoriginally""]","[""Ġconsidered""]"
713,swords,"Pretax profit fell 3.7% to #128 million from #133 million and was below analysts' expectations of #130 million to #135 million, but shares rose 6 pence to 388 pence in early trading yesterday in London.  

Reed is paying an interim dividend of 4.6 pence, up 15% from 4 pence a year earlier.  

Sales fell 20% to #722 million.","Pretax earnings fell 3.7% to #128 million from #133 million and was below analysts' expectations of #130 million to #135 million, but shares rose 6 pence to 388 pence in early trading yesterday in London.  

Reed is paying an interim bonus of 4.6 pence, up 15% from 4 pence a year earlier.  

Sales fell 20% to #722 million.",dividend,bonus,232,240,profit,earnings,7,13,-0.055908203125,-5.78125,-5.837158203125,-7.625,-6.8125,-14.4375,8.600341796875,-7.5625,-6.78125,-14.34375,8.506591796875,2.599100112915039,2.767393660271305,226.1217098236084,240.76324844360352,87,87,0.1682935473562659,-2.599100112915039,-2.767393660271305,0.1682935473562659,[43690],[11528],[17301],[20375],[17301],[20375],"[""Ġdividend""]","[""Ġprofit""]","[""Ġbonus""]","[""Ġearnings""]","[""Ġbonus""]","[""Ġearnings""]"
714,swords,"He paused before a bedroom door. ""I should go in first. To prepare her.""","He paused before a chamber door. ""I should walk in first. To prepare her.""",go,walk,43,45,bedroom,chamber,19,26,-2.625,-8.4375,-11.0625,-6.6875,-9.0,-15.6875,4.625,-7.09375,-9.0625,-16.15625,5.09375,4.0271139705882355,4.473345588235294,68.4609375,76.046875,17,17,0.4462316176470589,-4.0271139705882355,-4.473345588235294,0.4462316176470589,[564],[14098],[2940],[9320],[2940],[9320],"[""Ġgo""]","[""Ġbedroom""]","[""Ġwalk""]","[""Ġchamber""]","[""Ġwalk""]","[""Ġchamber""]"
715,swords,"Reuters Holdings PLC said Michael Reupke resigned as general manager to pursue unspecified interests, a move the news organization termed an ""amicable separation.""  

Mr. Reupke, 52 years old and a 27-year Reuters veteran, had been the information-services company's general manager for only six months. His appointment to that post, which has senior administrative, staff and policy responsibilities, followed a several-year tenure as Reuters's editor in chief.","Reuters Holdings PLC stated Michael Reupke resigned as general manager to pursue unspecified interests, a move the news organization termed an ""amicable separation.""  

Mr. Reupke, 52 years old and a 27-year Reuters veteran, had been the information-services corporation's general manager for only six months. His appointment to that post, which has senior administrative, staff and policy responsibilities, followed a several-year tenure as Reuters's editor in chief.",company,corporation,257,264,said,stated,21,25,-1.453125,-2.828125,-4.28125,-8.0,-8.0625,-16.0625,11.78125,-7.3125,-8.125,-15.4375,11.15625,3.0963419209355894,3.212143680323725,284.8634567260742,295.5172185897827,92,92,0.11580175938813575,-3.0963419209355894,-3.212143680323725,0.11580175938813575,[2567],[753],[13739],[4767],[13739],[4767],"[""Ġcompany""]","[""Ġsaid""]","[""Ġcorporation""]","[""Ġstated""]","[""Ġcorporation""]","[""Ġstated""]"
716,swords,"Those who are truly
                    curious may look at the last act of ""Captured Moments."") I remember suggesting,
                    with characteristic tact, that she add Emil to her small list of major
                    accomplishments. 
                 Malaquez glanced away, embarrassed.","Those who are really
                    curious may look at the last act of ""Captured Moments."") I remember suggesting,
                    with characteristic tact, that she add Emil to her little list of major
                    accomplishments. 
                 Malaquez glanced away, embarrassed.",small,little,191,196,truly,really,14,19,-7.8125,-6.46875,-14.28125,-6.75,-5.84375,-12.59375,-1.6875,-6.5625,-5.84375,-12.40625,-1.875,4.34828047916807,4.328979952581998,252.20026779174805,251.08083724975586,58,58,-0.019300526586071953,-4.34828047916807,-4.328979952581998,-0.019300526586071953,[1355],[7777],[1652],[1663],[1652],[1663],"[""Ġsmall""]","[""Ġtruly""]","[""Ġlittle""]","[""Ġreally""]","[""Ġlittle""]","[""Ġreally""]"
718,swords,"If I am not, I had the perfect mirror
                    for my narcissism. 
                 As for the issue itself, I'm no longer sure what I want to record. The
                    playwright in me wants every scene of our time together.","If I am not, I had the perfect mirror
                    for my narcissism. 
                 As for the issue itself, I'm no longer sure what I desire to capture. The
                    playwright in me wants every scene of our time together.",record,capture,154,160,want,desire,146,150,-11.0625,-1.6484375,-12.7109375,-9.3125,-6.59375,-15.90625,3.1953125,-7.875,-6.59375,-14.46875,1.7578125,3.705,3.791103515625,185.25,189.55517578125,50,50,0.08610351562500007,-3.705,-3.791103515625,0.08610351562500007,[1924],[971],[9232],[8327],[9232],[8327],"[""Ġrecord""]","[""Ġwant""]","[""Ġcapture""]","[""Ġdesire""]","[""Ġcapture""]","[""Ġdesire""]"
719,swords,"It is strange to know that we can do acts of unrepayable kindness to those we
                    should hate. Know this, my future self: Thanks to us, Emil Malaquez's name will
                    live as long as his masterpiece, ""A Self-Portrait: Anguish,"" endures. 
                 And Tasha?","It is unusual to know that we can do acts of unrepayable kindness to those we
                    should hate. Know this, my future self: Thanks to us, Emil Malaquez's name will
                    last as long as his masterpiece, ""A Self-Portrait: Anguish,"" endures. 
                 And Tasha?",live,last,198,202,strange,unusual,6,13,-2.6875,-7.03125,-9.71875,-7.8125,-8.1875,-16.0,6.28125,-7.78125,-8.1875,-15.96875,6.25,3.9841744866169675,4.0805971387406474,282.8763885498047,289.72239685058594,71,71,0.09642265212367995,-3.9841744866169675,-4.0805971387406474,0.09642265212367995,[22621],[8921],[6275],[11555],[6275],[11555],"[""live""]","[""Ġstrange""]","[""last""]","[""Ġunusual""]","[""last""]","[""Ġunusual""]"
720,swords,", she -- 
                 Tasha is not the whole of what happened on Vega IV. I must also write about
                    Emiliano Gabriel Malaquez.",", she -- 
                 Tasha is not the totality of what happened on Vega IV. I must likewise write about
                    Emiliano Gabriel Malaquez.",whole,totality,44,49,also,likewise,86,90,-8.125,-5.25,-13.375,-12.8125,-10.875,-23.6875,10.3125,-12.75,-10.4375,-23.1875,9.8125,5.340672348484849,5.598307291666667,176.2421875,184.744140625,33,33,0.25763494318181834,-5.340672348484849,-5.598307291666667,0.25763494318181834,[2644],[671],[40071],[21223],[40071],[21223],"[""Ġwhole""]","[""Ġalso""]","[""Ġtotality""]","[""Ġlikewise""]","[""Ġtotality""]","[""Ġlikewise""]"
723,swords,"Somehow, Tasha and I began
                    to argue the worth of Solevgrad jazz, as inconsequential a topic as I can
                    imagine. She had studied it in school, so she thought herself as an expert. I
                    once had a neighbor who played it constantly, loudly, and badly, so I thought I
                    knew it better.","Somehow, Tasha and I started
                    to argue the worth of Solevgrad jazz, as inconsequential a topic as I can
                    imagine. She had learn it in school, so she thought herself as an expert. I
                    once had a neighbor who played it constantly, loudly, and badly, so I thought I
                    knew it better.",studied,learn,158,165,began,started,21,26,-5.46875,-6.65625,-12.125,-11.875,-6.125,-18.0,5.875,-12.1875,-6.09375,-18.28125,6.15625,3.406711227015445,3.5234513533742806,258.9100532531738,267.7823028564453,76,76,0.11674012635883546,-3.406711227015445,-3.5234513533742806,0.11674012635883546,[5421],[3407],[3037],[3053],[3037],[3053],"[""Ġstudied""]","[""Ġbegan""]","[""Ġlearn""]","[""Ġstarted""]","[""Ġlearn""]","[""Ġstarted""]"
724,swords,", she -- 
                 Tasha is not the whole of what happened on Vega IV. I must also write about
                    Emiliano Gabriel Malaquez.",", she -- 
                 Tasha is not the total of what happened on Vega IV. I must likewise write about
                    Emiliano Gabriel Malaquez.",whole,total,44,49,also,likewise,86,90,-8.125,-5.25,-13.375,-8.9375,-10.875,-19.8125,6.4375,-8.875,-11.0,-19.875,6.5,5.340672348484849,5.6491477272727275,176.2421875,186.421875,33,33,0.3084753787878789,-5.340672348484849,-5.6491477272727275,0.3084753787878789,[2644],[671],[2264],[21223],[2264],[21223],"[""Ġwhole""]","[""Ġalso""]","[""Ġtotal""]","[""Ġlikewise""]","[""Ġtotal""]","[""Ġlikewise""]"
726,swords,"""Has she said as much about me?"" 
                 ""She thinks you are a genius. Do come in.""","""Has she stated as much about me?"" 
                 ""She reckon you are a genius. Do come in.""",thinks,reckon,56,62,said,stated,9,13,-5.1875,-4.625,-9.8125,-13.8125,-8.3125,-22.125,12.3125,-15.0625,-8.375,-23.4375,13.625,4.1848366477272725,5.189985795454546,92.06640625,114.1796875,22,22,1.0051491477272734,-4.1848366477272725,-5.189985795454546,1.0051491477272734,[11121],[753],[44352],[4767],[44352],[4767],"[""Ġthinks""]","[""Ġsaid""]","[""Ġreckon""]","[""Ġstated""]","[""Ġreckon""]","[""Ġstated""]"
727,swords,"Cloudwood had been used in
                    a Mediterranean manner, making the house seem primitive and civilized at the
                    same time. The kitchen and baths had every convenience that I desired. From the
                    living room, the view of the beach struck me with such intensity that Tasha
                    asked if I felt ill.","Cloudwood had been employed in
                    a Mediterranean manner, making the house seem primitive and civilized at the
                    same time. The kitchen and bathroom had every convenience that I desired. From the
                    living room, the view of the beach struck me with such intensity that Tasha
                    asked if I felt ill.",baths,bathroom,171,176,used,employed,19,23,-5.6875,-5.59375,-11.28125,-3.6875,-6.75,-10.4375,-0.84375,-3.953125,-6.71875,-10.671875,-0.609375,3.624823819673978,3.6521820068359374,235.6135482788086,237.39183044433594,65,65,0.027358187161959258,-3.624823819673978,-3.6521820068359374,0.027358187161959258,[45731],[908],[15336],[7091],[15336],[7091],"[""Ġbaths""]","[""Ġused""]","[""Ġbathroom""]","[""Ġemployed""]","[""Ġbathroom""]","[""Ġemployed""]"
728,swords,"""If you wish."" 
                 ""I beg you, change the color of the walls, at the very least."" 
                 ""But of course!""","""If you wish."" 
                 ""I beg you, revise the colour of the walls, at the very least."" 
                 ""But of course!""",change,revise,45,51,color,colour,56,61,-7.625,-5.4375,-13.0625,-12.4375,-6.125,-18.5625,5.5,-12.375,-9.4375,-21.8125,8.75,3.2218994140625,3.543212890625,96.656982421875,106.29638671875,30,30,0.3213134765625001,-3.2218994140625,-3.543212890625,0.3213134765625001,[1818],[3295],[49620],[10688],[49620],[10688],"[""Ġchange""]","[""Ġcolor""]","[""Ġrevise""]","[""Ġcolour""]","[""Ġrevise""]","[""Ġcolour""]"
729,swords,"N.V. DSM said net income in the third quarter jumped 63% as the company had substantially lower extraordinary charges to account for a restructuring program.  

The Dutch chemical group said net income gained to 235 million guilders ($113.2 million), or 6.70 guilders a share, from 144 million guilders, or 4.10 guilders a share, a year ago.","N.V. DSM stated net income in the third quarter jumped 63% as the company had substantially decrease extraordinary charges to account for a restructuring program.  

The Dutch chemical group said net income gained to 235 million guilders ($113.2 million), or 6.70 guilders a share, from 144 million guilders, or 4.10 guilders a share, a year ago.",lower,decrease,90,95,said,stated,9,13,-3.453125,-4.9375,-8.390625,-12.0,-8.875,-20.875,12.484375,-11.3125,-8.8125,-20.125,11.734375,2.6845741754845727,2.980436494078817,212.08135986328125,235.45448303222656,79,79,0.2958623185942444,-2.6845741754845727,-2.980436494078817,0.2958623185942444,[2406],[753],[6379],[4767],[6379],[4767],"[""Ġlower""]","[""Ġsaid""]","[""Ġdecrease""]","[""Ġstated""]","[""Ġdecrease""]","[""Ġstated""]"
730,swords,"The company also cited interest costs and amortization of goodwill as factors in the loss.  

A year earlier, net income was $2.1 million, or six cents a share, on revenue of $169.9 million.","The company likewise cited interest costs and amortization of goodwill as factors in the loss.  

A year earlier, net earnings was $2.1 million, or six cents a share, on revenue of $169.9 million.",income,earnings,114,120,also,likewise,12,16,-0.248046875,-2.921875,-3.169921875,-2.875,-8.125,-11.0,7.830078125,-2.765625,-8.1875,-10.953125,7.783203125,2.2593047472895407,2.6459799007493623,110.7059326171875,129.65301513671875,49,49,0.3866751534598216,-2.2593047472895407,-2.6459799007493623,0.3866751534598216,[6021],[671],[20375],[21223],[20375],[21223],"[""Ġincome""]","[""Ġalso""]","[""Ġearnings""]","[""Ġlikewise""]","[""Ġearnings""]","[""Ġlikewise""]"
733,swords,"Corporations and museums are among the serious buyers, giving greater market stability, says Robert Persky of the Photograph Collector. ""When I see prints going into the hands of institutions, I know they aren't going to come back on the market."" Most in demand: classic photographs by masters such as Stieglitz and Man Ray.","Corporations and museums are among the serious buyers, giving greater marketplace stability, says Robert Persky of the Photograph Collector. ""When I see prints going into the hands of corporation, I know they aren't going to come back on the market."" Most in demand: classic photographs by masters such as Stieglitz and Man Ray.",institutions,corporation,179,191,market,marketplace,70,76,-3.71875,-5.3125,-9.03125,-10.1875,-10.25,-20.4375,11.40625,-10.0625,-10.25,-20.3125,11.28125,3.2952564183403465,3.5467904315275303,224.07743644714355,241.18174934387207,68,68,0.2515340131871837,-3.2952564183403465,-3.5467904315275303,0.2515340131871837,[10003],[2791],[13739],[27769],[13739],[27769],"[""Ġinstitutions""]","[""Ġmarket""]","[""Ġcorporation""]","[""Ġmarketplace""]","[""Ġcorporation""]","[""Ġmarketplace""]"
734,swords,"Truth is always more boring than fiction. For Malaquez did not move into Dream's
                    End until four or five months after I -- we? how does one speak to one's future
                    self?","Truth is always more dull than fiction. For Malaquez did not go into Dream's
                    End until four or five months after I -- we? how does one speak to one's future
                    self?",move,go,63,67,boring,dull,21,27,-6.8125,-7.4375,-14.25,-4.21875,-10.8125,-15.03125,0.78125,-4.21875,-10.875,-15.09375,0.84375,4.717092114825581,4.7669762899709305,202.8349609375,204.97998046875,43,43,0.049884175145349374,-4.717092114825581,-4.7669762899709305,0.049884175145349374,[2118],[22258],[564],[22544],[564],[22544],"[""Ġmove""]","[""Ġboring""]","[""Ġgo""]","[""Ġdull""]","[""Ġgo""]","[""Ġdull""]"
735,swords,"Stephen Akerfeldt, currently vice president finance, will succeed Mr. McAlpine.  

An ambitious expansion has left Magna with excess capacity and a heavy debt load as the automotive industry enters a downturn. The company has reported declines in operating profit in each of the past three years, despite steady sales growth.","Stephen Akerfeldt, presently vice president finance, will succeed Mr. McAlpine.  

An ambitious expansion has left Magna with excess capacity and a big debt load as the automotive industry enters a downturn. The company has reported declines in operating profit in each of the past three years, despite steady sales growth.",heavy,big,148,153,currently,presently,19,28,-3.9375,-7.59375,-11.53125,-5.21875,-10.75,-15.96875,4.4375,-5.46875,-10.75,-16.21875,4.6875,2.8851632782907197,3.0712724165482954,190.4207763671875,202.7039794921875,66,66,0.1861091382575757,-2.8851632782907197,-3.0712724165482954,0.1861091382575757,[5536],[4390],[1943],[21654],[1943],[21654],"[""Ġheavy""]","[""Ġcurrently""]","[""Ġbig""]","[""Ġpresently""]","[""Ġbig""]","[""Ġpresently""]"
736,swords,"I
                    haven't socialized with hardly anyone for hardly any of my life! And I invite a
                    neighbor, one nice, lonely man --"" 
                 ""I'm sorry.""","I
                    haven't socialized with barely anyone for hardly any of my life! And I invite a
                    neighbor, one nice, lonely fellow --"" 
                 ""I'm sorry.""",man,fellow,149,152,hardly,barely,46,52,-3.3125,-10.5,-13.8125,-4.90625,-12.375,-17.28125,3.46875,-5.1875,-12.375,-17.5625,3.75,4.635898687900641,4.785494290865385,180.800048828125,186.63427734375,39,39,0.1495956029647436,-4.635898687900641,-4.785494290865385,0.1495956029647436,[637],[10693],[7715],[12345],[7715],[12345],"[""Ġman""]","[""Ġhardly""]","[""Ġfellow""]","[""Ġbarely""]","[""Ġfellow""]","[""Ġbarely""]"
737,swords,"""Oh."" 
                 ""The critics liked it."" 
                 ""I'm glad.""","""Oh."" 
                 ""The critics admire it."" 
                 ""I'm happy.""",liked,admire,37,42,glad,happy,71,75,-5.15625,-2.21875,-7.375,-9.6875,-4.59375,-14.28125,6.90625,-9.6875,-4.6875,-14.375,7.0,3.718405330882353,4.290900735294118,63.212890625,72.9453125,17,17,0.5724954044117649,-3.718405330882353,-4.290900735294118,0.5724954044117649,[10490],[9995],[26930],[5211],[26930],[5211],"[""Ġliked""]","[""Ġglad""]","[""Ġadmire""]","[""Ġhappy""]","[""Ġadmire""]","[""Ġhappy""]"
738,swords,"I'm in love."" We both thought I
                    referred to the vista. 
            
            
                 It's strange how one can write delightedly of the happier moments of life,
                    forgetting the things that one would forget by remembering fully the things one
                    would remember, and suddenly the forgotten, in revenge, rears up to savage the
                    unwary.","I'm in love."" We both assume I
                    referred to the vista. 
            
            
                 It's unusual how one can write delightedly of the happier moments of life,
                    forgetting the things that one would forget by remembering fully the things one
                    would remember, and suddenly the forgotten, in revenge, rears up to savage the
                    unwary.",thought,assume,22,29,strange,unusual,124,131,-5.125,-6.3125,-11.4375,-10.0,-8.8125,-18.8125,7.375,-10.0,-8.625,-18.625,7.1875,3.967461308346519,4.136738837519778,313.429443359375,326.8023681640625,79,79,0.1692775291732591,-3.967461308346519,-4.136738837519778,0.1692775291732591,[1869],[8921],[5467],[11555],[5467],[11555],"[""Ġthought""]","[""Ġstrange""]","[""Ġassume""]","[""Ġunusual""]","[""Ġassume""]","[""Ġunusual""]"
739,swords,"El Espectador has been a special target because of the extraordinary courage of its publisher and his staff.
At Monterrey, publisher Luis Gabriel Cano, although shaken by the murders, issued a statement saying: ""We will not cease our fight against drug trafficking.
They want to terrify the press and in particular El Espectador because it has always been a torchbearer in this war.""","El Espectador has been a special objective because of the extraordinary courage of its publisher and his staff.
At Monterrey, publisher Luis Gabriel Cano, although shaken by the murders, issued a statement saying: ""We will not stop our fight against drug trafficking.
They want to terrify the press and in particular El Espectador because it has always been a torchbearer in this war.""",cease,stop,224,229,target,objective,33,39,-4.90625,-7.0,-11.90625,-1.671875,-9.375,-11.046875,-0.859375,-1.625,-9.375,-11.0,-0.90625,3.0753278732299805,3.132093301633509,252.1768856048584,256.83165073394775,82,82,0.056765428403528606,-3.0753278732299805,-3.132093301633509,0.056765428403528606,[22907],[2303],[3523],[8103],[3523],[8103],"[""Ġcease""]","[""Ġtarget""]","[""Ġstop""]","[""Ġobjective""]","[""Ġstop""]","[""Ġobjective""]"
741,swords,"She did not like my plays. I had impressed her because I was famous and amusing
                    and not, as I had hoped, because I was a great artist. That bothered (yes, and
                    intrigued) me until I realized that she was bored by most plays, movies, and
                    vid.","She did not like my plays. I had impressed her because I was renowned and amusing
                    and not, as I had hoped, because I was a renowned artist. That bothered (yes, and
                    intrigued) me until I realized that she was bored by most plays, movies, and
                    vid.",great,renowned,141,146,famous,renowned,61,67,-3.203125,-8.0,-11.203125,-9.4375,-11.125,-20.5625,9.359375,-9.1875,-11.125,-20.3125,9.109375,3.6209306716918945,3.8717126846313477,231.73956298828125,247.78961181640625,64,64,0.2507820129394531,-3.6209306716918945,-3.8717126846313477,0.2507820129394531,[1270],[8530],[30101],[30101],[30101],[30101],"[""Ġgreat""]","[""Ġfamous""]","[""Ġrenowned""]","[""Ġrenowned""]","[""Ġrenowned""]","[""Ġrenowned""]"
742,swords,"""It's easy for me to turn one down."" 
                 He glanced at me and decided I was joking. The surprising thing is that I was.","""It's easy for me to turn one down."" 
                 He glanced at me and determined I was play. The surprising thing is that I was.",joking,play,90,96,decided,determined,76,83,-4.5,-6.8125,-11.3125,-9.3125,-10.125,-19.4375,8.125,-9.125,-10.125,-19.25,7.9375,3.6309244791666666,4.1033203125,108.927734375,123.099609375,30,30,0.47239583333333357,-3.6309244791666666,-4.1033203125,0.47239583333333357,[43707],[4425],[1132],[3413],[1132],[3413],"[""Ġjoking""]","[""Ġdecided""]","[""Ġplay""]","[""Ġdetermined""]","[""Ġplay""]","[""Ġdetermined""]"
743,swords,"she suppressed the surge of annoyance that ran through her as
she contemplated the psi's gift of getting all the hot news first.

Harmon's face slowly animated - joy sweeping in to replace stern concentration.
""Tarrin says the planet's a freaking gemstone!","she repressed the surge of annoyance that ran through her as
she contemplated the psi's gift of getting all the hot news first.

Harmon's face slowly animated - pleasure sweeping in to replace stern concentration.
""Tarrin says the planet's a freaking gemstone!",joy,pleasure,162,165,suppressed,repressed,4,14,-8.1875,-12.8125,-21.0,-9.6875,-14.6875,-24.375,3.375,-9.75,-14.8125,-24.5625,3.5625,4.4964744438559325,4.66695908368644,265.2919921875,275.3505859375,59,59,0.17048463983050777,-4.4964744438559325,-4.66695908368644,0.17048463983050777,[11010],[16013],[11284],[47960],[11284],[47960],"[""Ġjoy""]","[""Ġsuppressed""]","[""Ġpleasure""]","[""Ġrepressed""]","[""Ġpleasure""]","[""Ġrepressed""]"
744,swords,"Yes, Self, I am also bothered that this observation ignores half-eaten cheese
                    sandwiches, incomplete insect collections, and locks of infants' hair, forgotten
                    in closets, basements, and warehouses. 
                 You see the inspiration for my latest play, ""Captured Moments."" The mindwipe
                    will take its creation from my future self --but time too often does that
                    without aid.","Yes, Self, I am likewise bothered that this observation ignores half-eaten cheese
                    sandwiches, incomplete insect collections, and locks of infants' hair, forgotten
                    in closets, basements, and warehouses. 
                 You see the inspiration for my last play, ""Captured Moments."" The mindwipe
                    will take its creation from my future self --but time too often does that
                    without aid.",latest,last,287,293,also,likewise,16,20,-4.3125,-6.40625,-10.71875,-5.3125,-11.3125,-16.625,5.90625,-5.46875,-11.375,-16.84375,6.125,4.280872641669379,4.3497101253933375,385.27853775024414,391.4739112854004,90,90,0.06883748372395804,-4.280872641669379,-4.3497101253933375,0.06883748372395804,[6323],[671],[1390],[21223],[1390],[21223],"[""Ġlatest""]","[""Ġalso""]","[""Ġlast""]","[""Ġlikewise""]","[""Ġlast""]","[""Ġlikewise""]"
745,swords,"A spokesman for the Stamford, Conn.based company said operations had a loss of $5.5 million for the quarter; in addition, the loss was magnified by nonrecurring charges totaling $23.5 million and $8.2 million in asset-valuation adjustments that he described as ""unusual."" The charges were partly offset by a $2 million gain on the sale of investments of two joint ventures, he said.  

Revenue declined 8% to $85.7 million, from $93.3 million a year earlier.","A spokesman for the Stamford, Conn.based company stated operations had a loss of $5.5 million for the quarter; in addition, the loss was magnified by nonrecurring charges totaling $23.5 million and $8.2 million in asset-valuation adjustments that he described as ""unusual."" The charges were partly offset by a $2 million gain on the sale of investments of two combined ventures, he said.  

Revenue declined 8% to $85.7 million, from $93.3 million a year earlier.",joint,combined,358,363,said,stated,49,53,-5.375,-0.5859375,-5.9609375,-9.3125,-6.40625,-15.71875,9.7578125,-9.1875,-6.40625,-15.59375,9.6328125,2.379826512830011,2.5420255989863954,276.05987548828125,294.8749694824219,116,116,0.16219908615638445,-2.379826512830011,-2.5420255989863954,0.16219908615638445,[6036],[753],[5678],[4767],[5678],[4767],"[""Ġjoint""]","[""Ġsaid""]","[""Ġcombined""]","[""Ġstated""]","[""Ġcombined""]","[""Ġstated""]"
746,swords,"""Tell me, Malaquez."" 
                 ""She wanted to be famous. She did!","""Tell me, Malaquez."" 
                 ""She desired to be acclaimed. She did!",famous,acclaimed,57,63,wanted,desired,44,50,-6.125,-5.21875,-11.34375,-12.1875,-10.0625,-22.25,10.90625,-11.0625,-10.0,-21.0625,9.71875,4.9115953947368425,5.602384868421052,93.3203125,106.4453125,19,19,0.6907894736842097,-4.9115953947368425,-5.602384868421052,0.6907894736842097,[8530],[3078],[42445],[6799],[42445],[6799],"[""Ġfamous""]","[""Ġwanted""]","[""Ġacclaimed""]","[""Ġdesired""]","[""Ġacclaimed""]","[""Ġdesired""]"
747,swords,"Tasha snatched it from him to rip away the paper. 
            
            
                 I stopped writing, and only the thought that I might miss the mindwipe kept me
                    from another spree. I went walking, but after N'apulco, Rio seems no fit abode
                    for a creature of flesh.","Tasha snatched it from him to rip away the paper. 
            
            
                 I ended writing, and only the thought that I might overlook the mindwipe kept me
                    from another spree. I went walking, but after N'apulco, Rio seems no fit abode
                    for a creature of flesh.",miss,overlook,147,151,stopped,ended,96,103,-4.40625,-6.5625,-10.96875,-11.5625,-8.5,-20.0625,9.09375,-11.4375,-8.4375,-19.875,8.90625,4.528621897977941,4.716570685891544,307.9462890625,320.726806640625,68,68,0.18794878791360325,-4.528621897977941,-4.716570685891544,0.18794878791360325,[2985],[6331],[20621],[7402],[20621],[7402],"[""Ġmiss""]","[""Ġstopped""]","[""Ġoverlook""]","[""Ġended""]","[""Ġoverlook""]","[""Ġended""]"
748,swords,"The Kearny, N.J.-based maker of hair accessories and other cosmetic products said it cut the dividend due to its third-quarter loss of $992,000, or 15 cents a share. In the year-ago quarter, the company reported net income of $1.9 million, or 29 cents a share. The company also adopted an anti-takeover plan.","The Kearny, N.J.-based maker of hair accessories and other decorative products said it cut the dividend due to its third-quarter loss of $992,000, or 15 cents a share. In the year-ago quarter, the company reported net gains of $1.9 million, or 29 cents a share. The company also adopted an anti-takeover plan.",income,gains,216,222,cosmetic,decorative,59,67,-0.12890625,-5.8125,-5.94140625,-8.0,-4.53125,-12.53125,6.58984375,-8.125,-4.5625,-12.6875,6.74609375,2.0257974599863027,2.136068170720881,155.9864044189453,164.4772491455078,77,77,0.11027071073457817,-2.0257974599863027,-2.136068170720881,0.11027071073457817,[6021],[35361],[15988],[38323],[15988],[38323],"[""Ġincome""]","[""Ġcosmetic""]","[""Ġgains""]","[""Ġdecorative""]","[""Ġgains""]","[""Ġdecorative""]"
749,swords,"So, I think, did she. The subject shifted from music to Tasha's obsession with
                    fame, undoubtedly by a leap that I made. She had no choice but to follow.","So, I believe, did she. The subject shifted from music to Tasha's fixation with
                    fame, undoubtedly by a leap that I made. She had no choice but to follow.",obsession,fixation,64,73,think,believe,6,11,-7.03125,-3.578125,-10.609375,-10.0,-5.9375,-15.9375,5.328125,-10.0,-5.96875,-15.96875,5.359375,4.448717948717949,4.561949118589744,173.5,177.916015625,39,39,0.11323116987179471,-4.448717948717949,-4.561949118589744,0.11323116987179471,[37238],[1158],[21746],[2868],[21746],[2868],"[""Ġobsession""]","[""Ġthink""]","[""Ġfixation""]","[""Ġbelieve""]","[""Ġfixation""]","[""Ġbelieve""]"
751,swords,"I stand up, I walk around, I pretend someone makes a vid about
                    a writer and I must enact every cliche. I cannot decide what's important. But I
                    have learned something: writing trivializes.","I stand up, I walk around, I pretend somebody makes a vid about
                    a writer and I must enact every cliche. I cannot judge what's important. But I
                    have learned something: writing trivializes.",decide,judge,132,138,someone,somebody,37,44,-6.875,-7.875,-14.75,-8.875,-9.625,-18.5,3.75,-8.75,-9.625,-18.375,3.625,4.350146484375,4.500089518229166,195.756591796875,202.5040283203125,45,45,0.14994303385416607,-4.350146484375,-4.500089518229166,0.14994303385416607,[7617],[3095],[5963],[11853],[5963],[11853],"[""Ġdecide""]","[""Ġsomeone""]","[""Ġjudge""]","[""Ġsomebody""]","[""Ġjudge""]","[""Ġsomebody""]"
752,swords,"I do not plan to write a book: this narrative must move more quickly. Tasha and
                    I became lovers that evening, after a good dinner of paella at her apartment. I
                    made some small joke afterward, about approving of her firm's business
                    incentives, and she cried.","I do not plan to compose a book: this narrative must move more quickly. Tasha and
                    I became lovers that evening, after a superb dinner of paella at her apartment. I
                    made some small joke afterward, about approving of her firm's business
                    incentives, and she cried.",good,superb,138,142,write,compose,17,22,-5.125,-4.28125,-9.40625,-9.1875,-9.75,-18.9375,9.53125,-9.125,-9.75,-18.875,9.46875,4.037338014632937,4.131888253348214,254.352294921875,260.3089599609375,63,63,0.09455023871527768,-4.037338014632937,-4.131888253348214,0.09455023871527768,[1175],[3630],[29837],[38530],[29837],[38530],"[""Ġgood""]","[""Ġwrite""]","[""Ġsuperb""]","[""Ġcompose""]","[""Ġsuperb""]","[""Ġcompose""]"
754,swords,"And then you must forgive me
                    for being so forward. It's not easy for me to ask a favor."" 
                 ""Relax,"" I said.","And then you must forgive me
                    for being so forward. It's not easy for me to solicit a favor."" 
                 ""Relax,"" I stated.",ask,solicit,95,98,said,stated,138,142,-4.5625,-1.015625,-5.578125,-12.0625,-7.78125,-19.84375,14.265625,-12.0625,-7.78125,-19.84375,14.265625,3.331634521484375,3.806884765625,106.6123046875,121.8203125,32,32,0.475250244140625,-3.331634521484375,-3.806884765625,0.475250244140625,[1642],[753],[37391],[4767],[37391],[4767],"[""Ġask""]","[""Ġsaid""]","[""Ġsolicit""]","[""Ġstated""]","[""Ġsolicit""]","[""Ġstated""]"
755,swords,"So I shall soothe my quarreling selves with a compromise. I will not talk of the
                    first time Tasha and I tried any act of sex or sport together. I can remember
                    similar things with others.","So I shall soothe my quarreling selves with a compromise. I will not gossip of the
                    first time Tasha and I tried any act of sex or sport together. I can recall
                    similar things with others.",talk,gossip,69,73,remember,recall,170,178,-5.59375,-9.4375,-15.03125,-10.5625,-9.625,-20.1875,5.15625,-10.5625,-10.6875,-21.25,6.21875,4.317865786345108,4.52978515625,198.621826171875,208.3701171875,46,46,0.21191936990489157,-4.317865786345108,-4.52978515625,0.21191936990489157,[2312],[4456],[34168],[6983],[34168],[6983],"[""Ġtalk""]","[""Ġremember""]","[""Ġgossip""]","[""Ġrecall""]","[""Ġgossip""]","[""Ġrecall""]"
756,swords,"Upjohn officials said they couldn't estimate the size of the charge until they determine which employees, and how many, will participate in the retirement plan. But the pharmaceutical company said it ""anticipates the long-term savings resulting from the plan's implementation will more than offset short-term costs.""  

The program, available to Upjohn employees 55 years old or older, could increase an individual's retirement benefits 10% to 20%.","Upjohn officials stated they couldn't estimate the size of the charge until they determine which employees, and how many, will participate in the retirement plan. But the pharmaceutical company said it ""anticipates the extended-term savings resulting from the plan's implementation will more than offset short-term costs.""  

The program, available to Upjohn employees 55 years old or older, could increase an individual's retirement benefits 10% to 20%.",long,extended,217,221,said,stated,17,21,-8.8125,-1.8671875,-10.6796875,-10.625,-4.75,-15.375,4.6953125,-10.625,-4.75,-15.375,4.6953125,2.8826054443012583,3.052619159221649,253.66927909851074,268.6304860115051,88,88,0.17001371492039086,-2.8826054443012583,-3.052619159221649,0.17001371492039086,[1048],[753],[6508],[4767],[6508],[4767],"[""Ġlong""]","[""Ġsaid""]","[""Ġextended""]","[""Ġstated""]","[""Ġextended""]","[""Ġstated""]"
758,swords,"Valley Federal also added $18 million to realestate loan reserves and eliminated $9.9 million of good will.  

The thrift said that ""after these charges and assuming no dramatic fluctuation in interest rates, the association expects to achieve near record earnings in 1990.""  

Valley Federal is currently being examined by regulators.","Valley Federal likewise added $18 million to realestate loan reserves and eliminated $9.9 million of good will.  

The thrift said that ""after these charges and estimate no dramatic fluctuation in interest rates, the association expects to achieve near record earnings in 1990.""  

Valley Federal is currently being examined by regulators.",assuming,estimate,157,165,also,likewise,15,19,-8.1875,-7.25,-15.4375,-10.1875,-12.5625,-22.75,7.3125,-10.25,-12.5,-22.75,7.3125,3.6610607202502266,3.984024711277174,252.61318969726562,274.897705078125,69,69,0.3229639910269473,-3.6610607202502266,-3.984024711277174,0.3229639910269473,[7384],[671],[6642],[21223],[6642],[21223],"[""Ġassuming""]","[""Ġalso""]","[""Ġestimate""]","[""Ġlikewise""]","[""Ġestimate""]","[""Ġlikewise""]"
759,swords,"The surprising thing is that I was.
                    ""Good. My last show --""","The surprising thing is that I was.
                    ""Perfect. My last display --""",Good,Perfect,57,61,show,display,71,75,-6.375,-6.5625,-12.9375,-9.0,-10.75,-19.75,6.8125,-8.9375,-10.75,-19.6875,6.75,5.159581801470588,5.528147977941177,87.712890625,93.978515625,17,17,0.36856617647058876,-5.159581801470588,-5.528147977941177,0.36856617647058876,[8620],[921],[47638],[3148],[47638],[3148],"[""Good""]","[""Ġshow""]","[""Perfect""]","[""Ġdisplay""]","[""Perfect""]","[""Ġdisplay""]"
761,swords,"In part, prices reflect development of a market structure based on such variables as the number of prints. This information used to be poorly documented and largely anecdotal, says Beth Gates-Warren of Sotheby's. ""There is finally some sort of sense in the market,"" she says.","In part, prices reflect development of a marketplace structure based on such variables as the number of prints. This information used to be poorly documented and mainly anecdotal, says Beth Gates-Warren of Sotheby's. ""There is finally some sort of sense in the market,"" she says.",largely,mainly,157,164,market,marketplace,41,47,-5.46875,-4.15625,-9.625,-8.8125,-7.5625,-16.375,6.75,-9.0,-7.53125,-16.53125,6.90625,3.5320022065760726,3.6697002992791643,208.38813018798828,216.5123176574707,59,59,0.13769809270309175,-3.5320022065760726,-3.6697002992791643,0.13769809270309175,[8127],[2791],[7194],[27769],[7194],[27769],"[""Ġlargely""]","[""Ġmarket""]","[""Ġmainly""]","[""Ġmarketplace""]","[""Ġmainly""]","[""Ġmarketplace""]"
762,swords,"Its cereal division realized higher operating profit on volume increases, but also spent more on promotion. The Continental Baking business benefited from higher margins on bread and on increased cake sales, it added.  

Ralston said its Eveready battery unit was hurt by continuing economic problems in South America.","Its cereal division recognized higher operating profit on volume increases, but also spent more on promotion. The Continental Baking business gain from higher margins on bread and on increased cake sales, it added.  

Ralston said its Eveready battery unit was hurt by continuing economic problems in South America.",benefited,gain,140,149,realized,recognized,20,28,-4.625,-9.9375,-14.5625,-11.4375,-9.5625,-21.0,6.4375,-11.5,-9.5625,-21.0625,6.5,3.9461897510593222,4.106801178495763,232.8251953125,242.30126953125,59,59,0.16061142743644075,-3.9461897510593222,-4.106801178495763,0.16061142743644075,[37081],[8156],[6351],[7478],[6351],[7478],"[""Ġbenefited""]","[""Ġrealized""]","[""Ġgain""]","[""Ġrecognized""]","[""Ġgain""]","[""Ġrecognized""]"
763,swords,"It was as attractive and as impersonal
                    as a decorator could arrange for tenants of unknown taste. A tall, narrow
                    stopbox stood in the center of one room; sand trickled forever downward while
                    beads of water splashed across the sand's path. If that was Malaquez's work, it
                    was a very minor effort.","It was as attractive and as impersonal
                    as a decorator could arrange for tenants of unknown taste. A tall, thin
                    stopbox stood in the middle of one room; sand trickled forever downward while
                    beads of water splashed across the sand's path. If that was Malaquez's work, it
                    was a very minor effort.",narrow,thin,126,132,center,middle,174,180,-4.28125,-1.828125,-6.109375,-3.15625,-0.8359375,-3.9921875,-2.1171875,-3.15625,-0.7734375,-3.9296875,-2.1796875,4.049683219508121,4.082550249601665,307.7759246826172,310.27381896972656,76,76,0.03286703009354408,-4.049683219508121,-4.082550249601665,0.03286703009354408,[6891],[4055],[6906],[4766],[6906],[4766],"[""Ġnarrow""]","[""Ġcenter""]","[""Ġthin""]","[""Ġmiddle""]","[""Ġthin""]","[""Ġmiddle""]"
765,swords,"""Yes?"" 
                 ""How should I reply?"" Her voice had grown quiet, and I began to feel some guilt.","""Yes?"" 
                 ""How should I respond?"" Her voice had grown quiet, and I started to feel some guilt.",reply,respond,39,44,began,started,80,85,-5.46875,-5.09375,-10.5625,-3.59375,-5.15625,-8.75,-1.8125,-3.640625,-5.21875,-8.859375,-1.703125,3.7158203125,3.6165364583333335,89.1796875,86.796875,24,24,-0.09928385416666652,-3.7158203125,-3.6165364583333335,-0.09928385416666652,[12252],[3407],[3794],[3053],[3794],[3053],"[""Ġreply""]","[""Ġbegan""]","[""Ġrespond""]","[""Ġstarted""]","[""Ġrespond""]","[""Ġstarted""]"
766,swords,"The Kearny, N.J.-based maker of hair accessories and other cosmetic products said it cut the dividend due to its third-quarter loss of $992,000, or 15 cents a share. In the year-ago quarter, the company reported net income of $1.9 million, or 29 cents a share. The company also adopted an anti-takeover plan.","The Kearny, N.J.-based maker of hair accessories and other decorative products said it cut the dividend due to its third-quarter loss of $992,000, or 15 cents a share. In the year-ago quarter, the company reported net proceeds of $1.9 million, or 29 cents a share. The company also adopted an anti-takeover plan.",income,proceeds,216,222,cosmetic,decorative,59,67,-0.12890625,-5.8125,-5.94140625,-11.1875,-4.53125,-15.71875,9.77734375,-11.1875,-4.5625,-15.75,9.80859375,2.0257974599863027,2.1938452782568993,155.9864044189453,168.92608642578125,77,77,0.16804781827059667,-2.0257974599863027,-2.1938452782568993,0.16804781827059667,[6021],[35361],[16947],[38323],[16947],[38323],"[""Ġincome""]","[""Ġcosmetic""]","[""Ġproceeds""]","[""Ġdecorative""]","[""Ġproceeds""]","[""Ġdecorative""]"
767,swords,"Well, if she didn't pan out, she'd be terminated. Any crew member that would
jeopardize the project was meat. It would be a shame to lose that talent,
though.","Well, if she didn't pan out, she'd be terminated. Any workers member that would
jeopardize the project was meat. It would be a disgrace to lose that talent,
though.",crew,workers,54,58,shame,disgrace,124,129,-9.875,-2.421875,-12.296875,-9.1875,-4.6875,-13.875,1.578125,-9.125,-4.75,-13.875,1.578125,3.46951904296875,3.9158447265625,138.78076171875,156.6337890625,40,40,0.4463256835937499,-3.46951904296875,-3.9158447265625,0.4463256835937499,[10402],[14816],[5820],[40655],[5820],[40655],"[""Ġcrew""]","[""Ġshame""]","[""Ġworkers""]","[""Ġdisgrace""]","[""Ġworkers""]","[""Ġdisgrace""]"
768,swords,"""Interesting."" 
                 ""You could write a play about someone like him."" 
                 ""Perhaps.""","""Interesting."" 
                 ""You could compose a play about somebody like him."" 
                 ""Perhaps.""",write,compose,44,49,someone,somebody,63,70,-6.15625,-5.03125,-11.1875,-10.5625,-7.59375,-18.15625,6.96875,-10.5,-7.5,-18.0,6.8125,3.7862723214285716,4.087239583333333,79.51171875,85.83203125,21,21,0.3009672619047614,-3.7862723214285716,-4.087239583333333,0.3009672619047614,[3630],[3095],[38530],[11853],[38530],[11853],"[""Ġwrite""]","[""Ġsomeone""]","[""Ġcompose""]","[""Ġsomebody""]","[""Ġcompose""]","[""Ġsomebody""]"
769,swords,"Sandinistas Thomas Borge and the Ortega brothers are Castro proteges; he backed their takeover of Nicaragua.
In Colombia, the drug-financed guerrillas trying to seize the country and destroy democracy include M-19, which Castro has clearly backed.

Robert Merkel, a former U.S. attorney handling drug indictments in Florida, doesn't think for a minute that Castro's much publicized trials of high officials engaged in the drug trade mean he has broken off with the Medellin drug cartel.","Sandinistas Thomas Borge and the Ortega brothers are Castro proteges; he backed their takeover of Nicaragua.
In Colombia, the drug-financed guerrillas attempting to seize the country and destroy democracy include M-19, which Castro has certainly backed.

Robert Merkel, a former U.S. attorney handling drug indictments in Florida, doesn't think for a minute that Castro's much publicized trials of high officials engaged in the drug trade mean he has broken off with the Medellin drug cartel.",clearly,certainly,232,239,trying,attempting,151,157,-8.3125,-9.9375,-18.25,-10.75,-11.125,-21.875,3.625,-10.6875,-11.125,-21.8125,3.5625,3.385582880142632,3.423150928742295,369.0285339355469,373.12345123291016,109,109,0.03756804859966323,-3.385582880142632,-3.423150928742295,0.03756804859966323,[4518],[2820],[5604],[13756],[5604],[13756],"[""Ġclearly""]","[""Ġtrying""]","[""Ġcertainly""]","[""Ġattempting""]","[""Ġcertainly""]","[""Ġattempting""]"
770,swords,"This is not easy. I stand up, I walk around, I pretend someone makes a vid about
                    a writer and I must enact every cliche. I cannot decide what's important.","This is not easy. I stand up, I walk around, I pretend somebody produce a vid about
                    a writer and I must enact every cliche. I cannot decide what's important.",makes,produce,63,68,someone,somebody,55,62,-7.96875,-8.375,-16.34375,-17.875,-10.125,-28.0,11.65625,-17.25,-10.0625,-27.3125,10.96875,4.362458881578948,4.661287006578948,165.7734375,177.12890625,38,38,0.298828125,-4.362458881578948,-4.661287006578948,0.298828125,[2789],[3095],[4711],[11853],[4711],[11853],"[""Ġmakes""]","[""Ġsomeone""]","[""Ġproduce""]","[""Ġsomebody""]","[""Ġproduce""]","[""Ġsomebody""]"
771,swords,"Any crew member that would
jeopardize the project was meat. It would be a shame to lose that talent,
though.

Rakal, her first officer, was staring pensively at his panel.","Any crew member that would
jeopardize the project was meat. It would be a disgrace to lose that ability,
though.

Rakal, her first officer, was staring pensively at his panel.",talent,ability,93,99,shame,disgrace,74,79,-5.78125,-3.609375,-9.390625,-7.46875,-5.0625,-12.53125,3.140625,-9.0,-5.125,-14.125,4.734375,3.654940518465909,3.8584150834517046,160.8173828125,169.770263671875,44,44,0.20347456498579541,-3.654940518465909,-3.8584150834517046,0.20347456498579541,[12816],[14816],[3745],[40655],[3745],[40655],"[""Ġtalent""]","[""Ġshame""]","[""Ġability""]","[""Ġdisgrace""]","[""Ġability""]","[""Ġdisgrace""]"
772,swords,"The company also cited interest costs and amortization of goodwill as factors in the loss.  

A year earlier, net income was $2.1 million, or six cents a share, on revenue of $169.9 million.","The company likewise cited interest costs and amortization of goodwill as factors in the loss.  

A year earlier, net revenue was $2.1 million, or six cents a share, on revenue of $169.9 million.",income,revenue,114,120,also,likewise,12,16,-0.248046875,-2.921875,-3.169921875,-4.75,-8.125,-12.875,9.705078125,-4.625,-8.1875,-12.8125,9.642578125,2.2593047472895407,2.7138223453443877,110.7059326171875,132.977294921875,49,49,0.45451759805484704,-2.2593047472895407,-2.7138223453443877,0.45451759805484704,[6021],[671],[11784],[21223],[11784],[21223],"[""Ġincome""]","[""Ġalso""]","[""Ġrevenue""]","[""Ġlikewise""]","[""Ġrevenue""]","[""Ġlikewise""]"
773,swords,"So I shall soothe my quarreling selves with a compromise. I will not talk of the
                    first time Tasha and I tried any act of sex or sport together. I can remember
                    similar things with others.","So I shall soothe my quarreling selves with a compromise. I will not converse of the
                    first time Tasha and I tried any act of sex or sport together. I can recall
                    similar things with others.",talk,converse,69,73,remember,recall,170,178,-5.59375,-9.4375,-15.03125,-9.0,-9.625,-18.625,3.59375,-9.0,-10.3125,-19.3125,4.28125,4.317865786345108,4.5309580927309785,198.621826171875,208.424072265625,46,46,0.21309230638587007,-4.317865786345108,-4.5309580927309785,0.21309230638587007,[2312],[4456],[42810],[6983],[42810],[6983],"[""Ġtalk""]","[""Ġremember""]","[""Ġconverse""]","[""Ġrecall""]","[""Ġconverse""]","[""Ġrecall""]"
775,swords,"First of America Bank Corp. said it completed its acquisition of Midwest Financial Group Inc. for about $250 million. First of America, which now has 45 banks and $12.5 billion in assets, announced an agreement to acquire the Peoria, Ill., bank holding company in January.","First of America Bank Corp. declare it finished its acquisition of Midwest Financial Group Inc. for about $250 million. First of America, which now has 45 banks and $12.5 billion in assets, announced an agreement to acquire the Peoria, Ill., bank holding company in January.",said,declare,28,32,completed,finished,36,45,-7.28125,-4.59375,-11.875,-13.6875,-7.71875,-21.40625,9.53125,-13.875,-9.4375,-23.3125,11.4375,2.639588473135965,2.953307034676535,150.45654296875,168.3385009765625,57,57,0.3137185615405702,-2.639588473135965,-2.953307034676535,0.3137185615405702,[753],[6312],[11165],[6699],[11165],[6699],"[""Ġsaid""]","[""Ġcompleted""]","[""Ġdeclare""]","[""Ġfinished""]","[""Ġdeclare""]","[""Ġfinished""]"
776,swords,"Malaquez glanced away, embarrassed. Tasha looked at me as if to say, ""I will.""
                    She said, ""I feel sorry for you, Nardo.","Malaquez glanced away, embarrassed. Tasha looked at me as if to express, ""I will.""
                    She stated, ""I feel sorry for you, Nardo.",say,express,64,67,said,stated,103,107,-0.53125,-3.546875,-4.078125,-7.21875,-8.4375,-15.65625,11.578125,-7.21875,-8.0625,-15.28125,11.203125,3.852878146701389,4.280978732638889,138.70361328125,154.115234375,36,36,0.42810058593750044,-3.852878146701389,-4.280978732638889,0.42810058593750044,[1333],[753],[3890],[4767],[3890],[4767],"[""Ġsay""]","[""Ġsaid""]","[""Ġexpress""]","[""Ġstated""]","[""Ġexpress""]","[""Ġstated""]"
777,swords,"In addition, they will receive stock in the reorganized company, which will be named Ranger Industries Inc. After these payments, about $225,000 will be available for the 20 million common shares outstanding.  

The Avon, Conn., company's stock hit a high in 1983 after it unveiled its Adam home computer, but the product was plagued with glitches and the company's fortunes plunged.","In addition, they will receive stock in the reorganized company, which will be called Ranger Industries Inc. After these payments, about $225,000 will be available for the 20 million common shares remaining.  

The Avon, Conn., company's stock hit a high in 1983 after it unveiled its Adam home computer, but the product was plagued with glitches and the company's fortunes plunged.",outstanding,remaining,196,207,named,called,79,84,-2.921875,-4.53125,-7.453125,-6.0625,-3.46875,-9.53125,2.078125,-6.15625,-3.546875,-9.703125,2.25,3.291070556640625,3.3370635986328123,263.28564453125,266.965087890625,80,80,0.045993041992187234,-3.291070556640625,-3.3370635986328123,0.045993041992187234,[16383],[4907],[5780],[1925],[5780],[1925],"[""Ġoutstanding""]","[""Ġnamed""]","[""Ġremaining""]","[""Ġcalled""]","[""Ġremaining""]","[""Ġcalled""]"
778,swords,"I demanded, squeezing his throat
                    until he began jerking his head madly at the sculpture. 
                 I stared at the naked Tasha. Most of his story I have pieced together since, but
                    I understood enough as I knelt on his chest with my hands tight on his fleshy
                    throat.","I demanded, squeezing his throat
                    until he started jerking his head madly at the sculpture. 
                 I look at the naked Tasha. Most of his story I have pieced together since, but
                    I understood enough as I knelt on his chest with my hands tight on his fleshy
                    throat.",stared,look,129,135,began,started,62,67,-5.71875,-4.15625,-9.875,-7.0625,-4.78125,-11.84375,1.96875,-6.96875,-4.84375,-11.8125,1.9375,3.900644103092934,3.8916271836010377,261.34315490722656,260.73902130126953,67,67,-0.009016919491896314,-3.900644103092934,-3.8916271836010377,-0.009016919491896314,[15014],[3407],[1007],[3053],[1007],[3053],"[""Ġstared""]","[""Ġbegan""]","[""Ġlook""]","[""Ġstarted""]","[""Ġlook""]","[""Ġstarted""]"
780,swords,"First of America Bank Corp. said it completed its acquisition of Midwest Financial Group Inc. for about $250 million. First of America, which now has 45 banks and $12.5 billion in assets, announced an agreement to acquire the Peoria, Ill., bank holding company in January.","First of America Bank Corp. disclose it finished its acquisition of Midwest Financial Group Inc. for about $250 million. First of America, which now has 45 banks and $12.5 billion in assets, announced an agreement to acquire the Peoria, Ill., bank holding company in January.",said,disclose,28,32,completed,finished,36,45,-7.28125,-4.59375,-11.875,-11.6875,-7.71875,-19.40625,7.53125,-11.5625,-13.625,-25.1875,13.3125,2.639588473135965,3.1006544682017543,150.45654296875,176.7373046875,57,57,0.4610659950657894,-2.639588473135965,-3.1006544682017543,0.4610659950657894,[753],[6312],[17611],[6699],[17611],[6699],"[""Ġsaid""]","[""Ġcompleted""]","[""Ġdisclose""]","[""Ġfinished""]","[""Ġdisclose""]","[""Ġfinished""]"
781,swords,"In New York Stock Exchange composite trading yesterday, Intelogic shares rose 37.5 cents to close at $2.75.  

Mr. Edelman declined to specify what prompted the recent moves, saying they are meant only to benefit shareholders when ""the company is on a roll."" He added, ""This has nothing to do with Marty Ackerman and it is not designed, particularly, to take the company private.""","In New York Stock Exchange composite trading yesterday, Intelogic shares climbed 37.5 cents to close at $2.75.  

Mr. Edelman declined to specify what prompted the recent maneuver, saying they are meant only to benefit shareholders when ""the company is on a roll."" He added, ""This has nothing to do with Marty Ackerman and it is not designed, particularly, to take the company private.""",moves,maneuver,168,173,rose,climbed,73,77,-4.65625,-1.7734375,-6.4296875,-8.9375,-4.28125,-13.21875,6.7890625,-8.8125,-4.28125,-13.09375,6.6640625,3.19862560893214,3.361508391624273,275.08180236816406,289.0897216796875,86,86,0.16288278269213308,-3.19862560893214,-3.361508391624273,0.16288278269213308,[9727],[9461],[32183],[21863],[32183],[21863],"[""Ġmoves""]","[""Ġrose""]","[""Ġmaneuver""]","[""Ġclimbed""]","[""Ġmaneuver""]","[""Ġclimbed""]"
782,swords,"I fear that may be true for me. Add
                    this to the reasons I write now: to remember something, perhaps even to learn -- 
                 Emil Malaquez arrived after sundown, carrying a small package wrapped in what
                    looked like real paper.","I fear that may be genuine for me. Add
                    this to the reasons I write now: to remember something, potentially even to learn -- 
                 Emil Malaquez arrived after sundown, carrying a small package wrapped in what
                    looked like real paper.",perhaps,potentially,112,119,true,genuine,19,23,-5.9375,-3.03125,-8.96875,-12.5625,-10.8125,-23.375,14.40625,-12.5,-10.8125,-23.3125,14.34375,4.220369815826416,4.5367294720241,236.3407096862793,254.0568504333496,56,56,0.316359656197684,-4.220369815826416,-4.5367294720241,0.316359656197684,[4931],[2032],[7826],[13241],[7826],[13241],"[""Ġperhaps""]","[""Ġtrue""]","[""Ġpotentially""]","[""Ġgenuine""]","[""Ġpotentially""]","[""Ġgenuine""]"
788,swords,"""Has she said as much about me?"" 
                 ""She thinks you are a genius. Do come in.""","""Has she stated as much about me?"" 
                 ""She infer you are a genius. Do come in.""",thinks,infer,56,62,said,stated,9,13,-5.1875,-4.625,-9.8125,-16.375,-8.3125,-24.6875,14.875,-15.4375,-8.375,-23.8125,14.0,4.1848366477272725,5.245738636363637,92.06640625,115.40625,22,22,1.0609019886363642,-4.1848366477272725,-5.245738636363637,1.0609019886363642,[11121],[753],[9441],[4767],[9441],[4767],"[""Ġthinks""]","[""Ġsaid""]","[""Ġinfer""]","[""Ġstated""]","[""Ġinfer""]","[""Ġstated""]"
791,swords,"And Tasha? I could say that I did not dare to take responsibility for her fate.
                    I could say that I chose out of consideration for her desire for fame; some
                    critics already say ""Waking With Tasha"" is Malaquez's finest work.","And Tasha? I could say that I did not dare to take credit for her fate.
                    I could say that I selected out of consideration for her desire for fame; some
                    critics already say ""Waking With Tasha"" is Malaquez's finest work.",responsibility,credit,51,65,chose,selected,119,124,-6.3125,-6.59375,-12.90625,-6.46875,-10.375,-16.84375,3.9375,-6.5,-9.875,-16.375,3.46875,4.159830729166667,4.3008883292214914,237.1103515625,245.150634765625,57,57,0.14105760005482448,-4.159830729166667,-4.3008883292214914,0.14105760005482448,[8294],[9703],[6152],[4236],[6152],[4236],"[""Ġresponsibility""]","[""Ġchose""]","[""Ġcredit""]","[""Ġselected""]","[""Ġcredit""]","[""Ġselected""]"
794,swords,"Mine was The
                    Sleeping Flamingo, and its outer walls were coral pink. Were they
                    mood-sensitive, they would have changed as I first viewed them. The rental
                    agent, an attractive N'apulcan named Tasha Cortez, was not mood-sensitive
                    either.","Mine was The
                    Sleeping Flamingo, and its outer walls were coral pink. Were they
                    mood-sensitive, they would have changed as I initially considered them. The rental
                    agent, an attractive N'apulcan named Tasha Cortez, was not mood-sensitive
                    either.",first,initially,164,169,viewed,considered,170,176,-8.125,-4.15625,-12.28125,-11.6875,-7.65625,-19.34375,7.0625,-11.75,-5.90625,-17.65625,5.375,4.096835974491004,4.224139589251894,270.39117431640625,278.793212890625,66,66,0.1273036147608897,-4.096835974491004,-4.224139589251894,0.1273036147608897,[806],[11575],[8523],[2783],[8523],[2783],"[""Ġfirst""]","[""Ġviewed""]","[""Ġinitially""]","[""Ġconsidered""]","[""Ġinitially""]","[""Ġconsidered""]"
795,swords,"I want to do more traditional portraits."" He spoke quickly, prepared to be
                    rejected. ""Would you permit me to do one of you?","I desire to do more traditional portraits."" He state quickly, prepared to be
                    rejected. ""Would you permit me to do one of you?",spoke,state,45,50,want,desire,2,6,-7.1875,-4.25,-11.4375,-14.1875,-9.25,-23.4375,12.0,-13.625,-9.3125,-22.9375,11.5,3.808121744791667,4.393619791666667,114.24365234375,131.80859375,30,30,0.5854980468749997,-3.808121744791667,-4.393619791666667,0.5854980468749997,[7560],[971],[1375],[8327],[1375],[8327],"[""Ġspoke""]","[""Ġwant""]","[""Ġstate""]","[""Ġdesire""]","[""Ġstate""]","[""Ġdesire""]"
797,swords,"Its subsidiaries' services are marketed by closely held A.L. Williams & Associates. Primerica, as expected, also acquired certain assets of the agency and assumed certain of its liabilities. Terms weren't disclosed.","Its subsidiaries' services are marketed by closely held A.L. Williams & Associates. Primerica, as presume, likewise acquired certain assets of the agency and assumed certain of its liabilities. Terms weren't disclosed.",expected,presume,98,106,also,likewise,108,112,-9.875,-4.3125,-14.1875,-19.75,-9.3125,-29.0625,14.875,-19.75,-8.0625,-27.8125,13.625,3.538945752520894,4.121189915856649,152.17466735839844,177.21116638183594,43,43,0.5822441633357553,-3.538945752520894,-4.121189915856649,0.5822441633357553,[3264],[671],[35533],[21223],[35533],[21223],"[""Ġexpected""]","[""Ġalso""]","[""Ġpresume""]","[""Ġlikewise""]","[""Ġpresume""]","[""Ġlikewise""]"
798,swords,"It's strange how one can write delightedly of the happier moments of life,
                    forgetting the things that one would forget by remembering fully the things one
                    would remember, and suddenly the forgotten, in revenge, rears up to savage the
                    unwary. So it was as I wrote the preceding. My heart convulsed, and I left this
                    manuscript for a three-day spree.","It's unusual how one can write delightedly of the happier moments of life,
                    forgetting the things that one would forget by remembering fully the things one
                    would remember, and suddenly the forgotten, in revenge, rears up to savage the
                    unwary. So it was as I compose the preceding. My heart convulsed, and I left this
                    manuscript for a three-day spree.",wrote,compose,317,322,strange,unusual,5,12,-3.859375,-6.96875,-10.828125,-12.375,-8.5625,-20.9375,10.109375,-12.5,-8.5625,-21.0625,10.234375,3.771345379708827,3.9815659797054597,328.10704803466797,346.396240234375,87,87,0.21022059999663245,-3.771345379708827,-3.9815659797054597,0.21022059999663245,[4159],[8921],[38530],[11555],[38530],[11555],"[""Ġwrote""]","[""Ġstrange""]","[""Ġcompose""]","[""Ġunusual""]","[""Ġcompose""]","[""Ġunusual""]"
799,swords,"Integra-A Hotel & Restaurant Co. said its planned rights offering to raise about $9 million was declared effective and the company will begin mailing materials to shareholders at the end of this week.  

Under the offer, shareholders will receive one right for each 105 common shares owned.","Integra-A Hotel & Restaurant Co. stated its planned rights offering to raise about $9 million was confirm effective and the company will begin mailing materials to shareholders at the end of this week.  

Under the offer, shareholders will receive one right for each 105 common shares owned.",declared,confirm,96,104,said,stated,33,37,-7.90625,-9.5,-17.40625,-15.5,-11.75,-27.25,9.84375,-15.0625,-11.6875,-26.75,9.34375,3.1613507187157346,3.542945192571272,180.19699096679688,201.9478759765625,57,57,0.38159447385553724,-3.1613507187157346,-3.542945192571272,0.38159447385553724,[8884],[753],[6583],[4767],[6583],[4767],"[""Ġdeclared""]","[""Ġsaid""]","[""Ġconfirm""]","[""Ġstated""]","[""Ġconfirm""]","[""Ġstated""]"
800,swords,"""Who lives there?"" I asked. 
                 ""No one,"" Tasha replied.","""Who lives there?"" I question. 
                 ""No one,"" Tasha responded.",asked,question,21,26,replied,responded,62,69,-0.578125,-1.3046875,-1.8828125,-7.75,-4.1875,-11.9375,10.0546875,-7.78125,-6.96875,-14.75,12.8671875,3.8550091911764706,4.651424632352941,65.53515625,79.07421875,17,17,0.7964154411764706,-3.8550091911764706,-4.651424632352941,0.7964154411764706,[2546],[10017],[1953],[10974],[1953],[10974],"[""Ġasked""]","[""Ġreplied""]","[""Ġquestion""]","[""Ġresponded""]","[""Ġquestion""]","[""Ġresponded""]"
802,swords,"The company said the one-time provision would substantially eliminate all future losses at the unit. Valley Federal also added $18 million to realestate loan reserves and eliminated $9.9 million of good will.  

The thrift said that ""after these charges and assuming no dramatic fluctuation in interest rates, the association expects to achieve near record earnings in 1990.""","The company stated the one-time provision would substantially eliminate all future losses at the unit. Valley Federal also added $18 million to realestate credit reserves and eliminated $9.9 million of good will.  

The thrift said that ""after these charges and assuming no dramatic fluctuation in interest rates, the association expects to achieve near record earnings in 1990.""",loan,credit,153,157,said,stated,12,16,-5.3125,-3.203125,-8.515625,-7.46875,-5.75,-13.21875,4.703125,-7.625,-5.75,-13.375,4.859375,3.9259229686162245,4.014479545697774,286.5923767089844,293.0570068359375,73,73,0.08855657708154929,-3.9259229686162245,-4.014479545697774,0.08855657708154929,[10119],[753],[6152],[4767],[6152],[4767],"[""Ġloan""]","[""Ġsaid""]","[""Ġcredit""]","[""Ġstated""]","[""Ġcredit""]","[""Ġstated""]"
803,swords,"Net advanced to $94.2 million, or 89 cents a share, from $85 million, or 83 cents a share, including net realized investment gains of $31 million, up from $10 million a year ago. But revenue declined to $3 billion from $3.2 billion.  

Travelers estimated that the California earthquake last month will result in a fourth-quarter pre-tax charge of less than $10 million.","Net advanced to $94.2 million, or 89 cents a share, from $85 million, or 83 cents a share, including net recognized investment gains of $31 million, up from $10 million a year ago. But revenue lower to $3 billion from $3.2 billion.  

Travelers estimated that the California earthquake last month will result in a fourth-quarter pre-tax charge of less than $10 million.",declined,lower,191,199,realized,recognized,105,113,-3.265625,-3.9375,-7.203125,-12.5,-9.625,-22.125,14.921875,-12.25,-9.5625,-21.8125,14.609375,2.4106734015724878,2.670193845575506,212.1392593383789,234.97705841064453,88,88,0.2595204440030181,-2.4106734015724878,-2.670193845575506,0.2595204440030181,[13072],[8156],[2406],[7478],[2406],[7478],"[""Ġdeclined""]","[""Ġrealized""]","[""Ġlower""]","[""Ġrecognized""]","[""Ġlower""]","[""Ġrecognized""]"
804,swords,"N.V. DSM said net income in the third quarter jumped 63% as the company had substantially lower extraordinary charges to account for a restructuring program.  

The Dutch chemical group said net income gained to 235 million guilders ($113.2 million), or 6.70 guilders a share, from 144 million guilders, or 4.10 guilders a share, a year ago.","N.V. DSM stated net income in the third quarter jumped 63% as the company had substantially small extraordinary charges to account for a restructuring program.  

The Dutch chemical group said net income gained to 235 million guilders ($113.2 million), or 6.70 guilders a share, from 144 million guilders, or 4.10 guilders a share, a year ago.",lower,small,90,95,said,stated,9,13,-3.453125,-4.9375,-8.390625,-11.25,-8.875,-20.125,11.734375,-11.1875,-8.8125,-20.0,11.609375,2.6845741754845727,2.9711653311041335,212.08135986328125,234.72206115722656,79,79,0.28659115561956083,-2.6845741754845727,-2.9711653311041335,0.28659115561956083,[2406],[753],[1355],[4767],[1355],[4767],"[""Ġlower""]","[""Ġsaid""]","[""Ġsmall""]","[""Ġstated""]","[""Ġsmall""]","[""Ġstated""]"
805,swords,"I stand up, I walk around, I pretend someone makes a vid about
                    a writer and I must enact every cliche. I cannot decide what's important. But I
                    have learned something: writing trivializes.","I stand up, I walk around, I pretend somebody makes a vid about
                    a writer and I must enact every cliche. I cannot determine what's important. But I
                    have learned something: writing trivializes.",decide,determine,132,138,someone,somebody,37,44,-6.875,-7.875,-14.75,-9.125,-9.625,-18.75,4.0,-9.125,-9.625,-18.75,4.0,4.350146484375,4.483208550347222,195.756591796875,201.744384765625,45,45,0.13306206597222214,-4.350146484375,-4.483208550347222,0.13306206597222214,[7617],[3095],[3653],[11853],[3653],[11853],"[""Ġdecide""]","[""Ġsomeone""]","[""Ġdetermine""]","[""Ġsomebody""]","[""Ġdetermine""]","[""Ġsomebody""]"
807,swords,"2 million shares, or about 38.5% of the shares outstanding, have been tendered under its offer. The partners said they already hold 15% of all shares outstanding.","2 million shares, or about 38.5% of the shares outstanding, have been tendered under its proposal. The partners stated they already hold 15% of all shares outstanding.",offer,proposal,89,94,said,stated,109,113,-2.328125,-2.984375,-5.3125,-8.5,-6.40625,-14.90625,9.59375,-8.5,-6.3125,-14.8125,9.5,2.6644650050571985,2.995435987200056,93.25627517700195,104.84025955200195,35,35,0.3309709821428575,-2.6644650050571985,-2.995435987200056,0.3309709821428575,[3959],[753],[10419],[4767],[10419],[4767],"[""Ġoffer""]","[""Ġsaid""]","[""Ġproposal""]","[""Ġstated""]","[""Ġproposal""]","[""Ġstated""]"
808,swords,"I fear that may be true for me. Add
                    this to the reasons I write now: to remember something, perhaps even to learn -- 
                 Emil Malaquez arrived after sundown, carrying a small package wrapped in what
                    looked like real paper.","I fear that may be genuine for me. Add
                    this to the reasons I write now: to remember something, maybe even to learn -- 
                 Emil Malaquez arrived after sundown, carrying a small package wrapped in what
                    looked like real paper.",perhaps,maybe,112,119,true,genuine,19,23,-5.9375,-3.03125,-8.96875,-5.8125,-10.8125,-16.625,7.65625,-5.8125,-10.8125,-16.625,7.65625,4.220369815826416,4.3683174678257535,236.3407096862793,244.6257781982422,56,56,0.14794765199933746,-4.220369815826416,-4.3683174678257535,0.14794765199933746,[4931],[2032],[5046],[13241],[5046],[13241],"[""Ġperhaps""]","[""Ġtrue""]","[""Ġmaybe""]","[""Ġgenuine""]","[""Ġmaybe""]","[""Ġgenuine""]"
809,swords,"I
                    didn't anticipate last night --"" 
                 ""I'm very good at making things happen this way. But if Tasha will forgive me
                    --""","I
                    didn't anticipate last night --"" 
                 ""I'm really good at making anything happen this way. But if Tasha will forgive me
                    --""",things,anything,98,104,very,really,78,82,-2.765625,-4.96875,-7.734375,-8.6875,-4.40625,-13.09375,5.359375,-8.4375,-4.34375,-12.78125,5.046875,4.379542495265151,4.639929569128788,144.52490234375,153.11767578125,33,33,0.2603870738636367,-4.379542495265151,-4.639929569128788,0.2603870738636367,[1841],[1077],[2712],[1663],[2712],[1663],"[""Ġthings""]","[""Ġvery""]","[""Ġanything""]","[""Ġreally""]","[""Ġanything""]","[""Ġreally""]"
810,swords,"This is not easy. I stand up, I walk around, I pretend someone makes a vid about
                    a writer and I must enact every cliche. I cannot decide what's important.","This is not easy. I stand up, I walk around, I pretend somebody assemble a vid about
                    a writer and I must enact every cliche. I cannot decide what's important.",makes,assemble,63,68,someone,somebody,55,62,-7.96875,-8.375,-16.34375,-18.75,-10.125,-28.875,12.53125,-18.0,-10.0625,-28.0625,11.71875,4.362458881578948,4.775185032894737,165.7734375,181.45703125,38,38,0.4127261513157894,-4.362458881578948,-4.775185032894737,0.4127261513157894,[2789],[3095],[31237],[11853],[31237],[11853],"[""Ġmakes""]","[""Ġsomeone""]","[""Ġassemble""]","[""Ġsomebody""]","[""Ġassemble""]","[""Ġsomebody""]"
812,swords,"I took the capturador, a matte black Tiempo
                    Capturado, from his grip and studied it, not really thinking about it or
                    Malaquez or Tasha. I think I was wondering what it meant to say that a thing was
                    art, so we accepted it as art. Or perhaps I was thinking about the things that
                    humanity made that would outlive our species.","I took the capturador, a matte dark Tiempo
                    Capturado, from his grip and studied it, not really thinking about it or
                    Malaquez or Tasha. I think I was wondering what it meant to say that a thing was
                    art, so we accept it as art. Or perhaps I was thinking about the things that
                    humanity made that would outlive our species.",accepted,accept,269,277,black,dark,31,36,-8.125,-0.89453125,-9.01953125,-10.375,-4.6875,-15.0625,6.04296875,-10.3125,-4.78125,-15.09375,6.07421875,3.7578407375291847,3.870289594277568,326.93214416503906,336.71519470214844,87,87,0.11244885674838345,-3.7578407375291847,-3.870289594277568,0.11244885674838345,[7607],[2806],[2997],[3644],[2997],[3644],"[""Ġaccepted""]","[""Ġblack""]","[""Ġaccept""]","[""Ġdark""]","[""Ġaccept""]","[""Ġdark""]"
813,swords,"I took the capturador, a matte black Tiempo
                    Capturado, from his grip and studied it, not really thinking about it or
                    Malaquez or Tasha. I think I was wondering what it meant to say that a thing was
                    art, so we accepted it as art. Or perhaps I was thinking about the things that
                    humanity made that would outlive our species.","I took the capturador, a matte dark Tiempo
                    Capturado, from his grip and studied it, not really thinking about it or
                    Malaquez or Tasha. I think I was wondering what it meant to say that a thing was
                    art, so we acknowledge it as art. Or perhaps I was thinking about the things that
                    humanity made that would outlive our species.",accepted,acknowledge,269,277,black,dark,31,36,-8.125,-0.89453125,-9.01953125,-10.9375,-4.6875,-15.625,6.60546875,-10.9375,-4.78125,-15.71875,6.69921875,3.7578407375291847,3.855053518010282,326.93214416503906,335.38965606689453,87,87,0.09721278048109738,-3.7578407375291847,-3.855053518010282,0.09721278048109738,[7607],[2806],[14409],[3644],[14409],[3644],"[""Ġaccepted""]","[""Ġblack""]","[""Ġacknowledge""]","[""Ġdark""]","[""Ġacknowledge""]","[""Ġdark""]"
814,swords,"Malaquez glanced away, embarrassed. Tasha looked at me as if to say, ""I will.""
                    She said, ""I feel sorry for you, Nardo.","Malaquez glanced away, embarrassed. Tasha looked at me as if to state, ""I will.""
                    She stated, ""I feel sorry for you, Nardo.",say,state,64,67,said,stated,103,107,-0.53125,-3.546875,-4.078125,-8.625,-8.4375,-17.0625,12.984375,-8.5,-7.71875,-16.21875,12.140625,3.852878146701389,4.224297417534722,138.70361328125,152.07470703125,36,36,0.3714192708333335,-3.852878146701389,-4.224297417534722,0.3714192708333335,[1333],[753],[1375],[4767],[1375],[4767],"[""Ġsay""]","[""Ġsaid""]","[""Ġstate""]","[""Ġstated""]","[""Ġstate""]","[""Ġstated""]"
815,swords,"She did not like my plays. I had impressed her because I was famous and amusing
                    and not, as I had hoped, because I was a great artist. That bothered (yes, and
                    intrigued) me until I realized that she was bored by most plays, movies, and
                    vid.","She did not like my plays. I had impressed her because I was renowned and amusing
                    and not, as I had hoped, because I was a tremendous artist. That bothered (yes, and
                    intrigued) me until I realized that she was bored by most plays, movies, and
                    vid.",great,tremendous,141,146,famous,renowned,61,67,-3.203125,-8.0,-11.203125,-9.0,-11.125,-20.125,8.921875,-9.125,-11.125,-20.25,9.046875,3.6209306716918945,3.8718605041503906,231.73956298828125,247.799072265625,64,64,0.2509298324584961,-3.6209306716918945,-3.8718605041503906,0.2509298324584961,[1270],[8530],[19999],[30101],[19999],[30101],"[""Ġgreat""]","[""Ġfamous""]","[""Ġtremendous""]","[""Ġrenowned""]","[""Ġtremendous""]","[""Ġrenowned""]"
817,swords,"We both thought I
                    referred to the vista. 
            
            
                 It's strange how one can write delightedly of the happier moments of life,
                    forgetting the things that one would forget by remembering fully the things one
                    would remember, and suddenly the forgotten, in revenge, rears up to savage the
                    unwary. So it was as I wrote the preceding.","We both believed I
                    referred to the vista. 
            
            
                 It's strange how one can write delightedly of the happier moments of existence,
                    forgetting the things that one would forget by remembering fully the things one
                    would remember, and suddenly the forgotten, in revenge, rears up to savage the
                    unwary. So it was as I wrote the preceding.",life,existence,174,178,thought,believed,8,15,-1.5859375,-5.1875,-6.7734375,-5.75,-7.71875,-13.46875,6.6953125,-5.65625,-7.6875,-13.34375,6.5703125,4.014545486634036,4.110907497176205,333.207275390625,341.205322265625,83,83,0.09636201054216897,-4.014545486634036,-4.110907497176205,0.09636201054216897,[1495],[1869],[6242],[6566],[6242],[6566],"[""Ġlife""]","[""Ġthought""]","[""Ġexistence""]","[""Ġbelieved""]","[""Ġexistence""]","[""Ġbelieved""]"
821,swords,"Kalamazoo, Mich.-based First of America said it will eliminate the 13 management positions of the former Midwest Financial parent company. First of America said some of the managers will take other jobs with First of America. But it said that severance payments to those executives not staying with the company will reduce First of America's operating results for 1989 by $3 million to $4 million, or 15 cents to 20 cents a share.","Kalamazoo, Mich.-based First of America stated it will eliminate the 13 management positions of the former Midwest Financial parent company. First of America said some of the managers will take other appointment with First of America. But it said that severance payments to those executives not staying with the company will reduce First of America's operating results for 1989 by $3 million to $4 million, or 15 cents to 20 cents a share.",jobs,appointment,198,202,said,stated,40,44,-1.21875,-5.5625,-6.78125,-11.5625,-9.9375,-21.5,14.71875,-11.1875,-10.0625,-21.25,14.46875,2.796682559742647,3.0684196920955884,237.718017578125,260.815673828125,85,85,0.2717371323529414,-2.796682559742647,-3.0684196920955884,0.2717371323529414,[7375],[753],[14286],[4767],[14286],[4767],"[""Ġjobs""]","[""Ġsaid""]","[""Ġappointment""]","[""Ġstated""]","[""Ġappointment""]","[""Ġstated""]"
822,swords,"The White House said Mr. Bush decided to grant duty-free status for 18 categories, but turned down such treatment for other types of watches ""because of the potential for material injury to watch producers located in the U.S. and the Virgin Islands.""  

Timex is a major U.S. producer and seller of watches, including low-priced battery-operated watches assembled in the Philippines and other developing nations covered by the U.S. tariff preferences.  

U.S. trade officials said the Philippines and Thailand would be the main beneficiaries of the president's action.","The White House stated Mr. Bush decided to grant duty-free status for 18 categories, but turned down such treatment for other types of watches ""because of the potential for material injury to watch producers located in the U.S. and the Virgin Islands.""  

Timex is a major U.S. producer and trader of watches, including low-priced battery-operated watches assembled in the Philippines and other developing nations covered by the U.S. tariff preferences.  

U.S. trade officials said the Philippines and Thailand would be the main beneficiaries of the president's action.",seller,trader,289,295,said,stated,16,20,-5.15625,-2.671875,-7.828125,-8.5,-5.9375,-14.4375,6.609375,-8.75,-5.96875,-14.71875,6.890625,2.8367092549299993,2.9290377512699415,337.5684013366699,348.55549240112305,119,119,0.09232849633994222,-2.8367092549299993,-2.9290377512699415,0.09232849633994222,[24451],[753],[41739],[4767],[41739],[4767],"[""Ġseller""]","[""Ġsaid""]","[""Ġtrader""]","[""Ġstated""]","[""Ġtrader""]","[""Ġstated""]"
823,swords,"The Continental Baking business benefited from higher margins on bread and on increased cake sales, it added.  

Ralston said its Eveready battery unit was hurt by continuing economic problems in South America.  

Ralston shares closed yesterday at $80.50, off $1, in New York Stock Exchange composite trading.","The Continental Baking business benefited from eminent margins on bread and on increased cake sales, it added.  

Ralston said its Eveready battery sector was hurt by continuing economic problems in South America.  

Ralston shares closed yesterday at $80.50, off $1, in New York Stock Exchange composite trading.",unit,sector,147,151,higher,eminent,47,53,-2.984375,-3.484375,-6.46875,-9.5,-16.5,-26.0,19.53125,-9.0625,-16.5,-25.5625,19.09375,3.1292207381304573,3.510462480432847,212.7870101928711,238.7114486694336,68,68,0.3812417423023895,-3.1292207381304573,-3.510462480432847,0.3812417423023895,[3943],[2169],[8776],[43609],[8776],[43609],"[""Ġunit""]","[""Ġhigher""]","[""Ġsector""]","[""Ġeminent""]","[""Ġsector""]","[""Ġeminent""]"
824,swords,"I do not plan to write a book: this narrative must move more quickly. Tasha and
                    I became lovers that evening, after a good dinner of paella at her apartment. I
                    made some small joke afterward, about approving of her firm's business
                    incentives, and she cried.","I do not plan to compose a book: this narrative must move more quickly. Tasha and
                    I became lovers that evening, after a splendid dinner of paella at her apartment. I
                    made some small joke afterward, about approving of her firm's business
                    incentives, and she cried.",good,splendid,138,142,write,compose,17,22,-5.125,-4.28125,-9.40625,-8.375,-9.75,-18.125,8.71875,-8.3125,-9.75,-18.0625,8.65625,4.037338014632937,4.143965463789683,254.352294921875,261.06982421875,63,63,0.10662744915674605,-4.037338014632937,-4.143965463789683,0.10662744915674605,[1175],[3630],[34095],[38530],[34095],[38530],"[""Ġgood""]","[""Ġwrite""]","[""Ġsplendid""]","[""Ġcompose""]","[""Ġsplendid""]","[""Ġcompose""]"
826,swords,"I could free Tasha. If I did, one of three
                    things would happen. Most likely: she would be meat --there is a reason why
                    stopboxes are most often used in kitchens.","I could release Tasha. If I did, one of three
                    things would arise. Most likely: she would be meat --there is a reason why
                    stopboxes are most often used in kitchens.",happen,arise,76,82,free,release,8,12,-0.1865234375,-10.5,-10.6865234375,-8.9375,-9.75,-18.6875,8.0009765625,-9.25,-9.75,-19.0,8.3134765625,4.47703374818314,4.586482558139535,192.512451171875,197.21875,43,43,0.10944880995639483,-4.47703374818314,-4.586482558139535,0.10944880995639483,[5108],[1959],[12893],[3727],[12893],[3727],"[""Ġhappen""]","[""Ġfree""]","[""Ġarise""]","[""Ġrelease""]","[""Ġarise""]","[""Ġrelease""]"
828,swords,"Reed International PLC said that net income for the six months ended Oct. 1 slipped 5% to #89.7 million ($141.9 million), or 16 pence a share, from #94.8 million ($149.9 million), or 17.3 pence a share.  

The British paper, packaging and publishing concern, said profit from continuing lines fell 10% to #118 million from #130.6 million.","Reed International PLC stated that net proceeds for the six months ended Oct. 1 slipped 5% to #89.7 million ($141.9 million), or 16 pence a share, from #94.8 million ($149.9 million), or 17.3 pence a share.  

The British paper, packaging and publishing concern, said profit from continuing lines fell 10% to #118 million from #130.6 million.",income,proceeds,37,43,said,stated,23,27,-2.09375,-4.25,-6.34375,-3.78125,-8.3125,-12.09375,5.75,-3.515625,-8.25,-11.765625,5.421875,2.5903298024381143,2.841965921809164,230.5393524169922,252.93496704101562,89,89,0.2516361193710499,-2.5903298024381143,-2.841965921809164,0.2516361193710499,[6021],[753],[16947],[4767],[16947],[4767],"[""Ġincome""]","[""Ġsaid""]","[""Ġproceeds""]","[""Ġstated""]","[""Ġproceeds""]","[""Ġstated""]"
830,swords,"""He's not that ugly. I think they're his natural features."" 
                 ""Interesting.""","""He's not that ugly. I believe they're his pure features."" 
                 ""Interesting.""",natural,pure,41,48,think,believe,23,28,-5.46875,-2.15625,-7.625,-11.3125,-6.0625,-17.375,9.75,-11.375,-6.09375,-17.46875,9.84375,4.26031494140625,4.98892822265625,85.206298828125,99.778564453125,20,20,0.7286132812500004,-4.26031494140625,-4.98892822265625,0.7286132812500004,[3626],[1158],[6313],[2868],[6313],[2868],"[""Ġnatural""]","[""Ġthink""]","[""Ġpure""]","[""Ġbelieve""]","[""Ġpure""]","[""Ġbelieve""]"
831,swords,"So, I think, did she. The subject shifted from music to Tasha's obsession with
                    fame, undoubtedly by a leap that I made. She had no choice but to follow.","So, I believe, did she. The subject shifted from music to Tasha's fascination with
                    fame, undoubtedly by a leap that I made. She had no choice but to follow.",obsession,fascination,64,73,think,believe,6,11,-7.03125,-3.578125,-10.609375,-7.34375,-5.9375,-13.28125,2.671875,-7.1875,-5.96875,-13.15625,2.546875,4.448717948717949,4.504707532051282,173.5,175.68359375,39,39,0.05598958333333304,-4.448717948717949,-4.504707532051282,0.05598958333333304,[37238],[1158],[48249],[2868],[48249],[2868],"[""Ġobsession""]","[""Ġthink""]","[""Ġfascination""]","[""Ġbelieve""]","[""Ġfascination""]","[""Ġbelieve""]"
832,swords,"But I was probably only looking at
                    my reflection in the capturador's lens. Had he said then that I should use it on
                    myself, I might have. 
                 That moment passed.","But I was probably just looking at
                    my reflection in the capturador's lens. Had he said then that I should apply it on
                    myself, I might have. 
                 That moment passed.",use,apply,126,129,only,just,19,23,-5.46875,-4.71875,-10.1875,-7.71875,-3.296875,-11.015625,0.828125,-7.6875,-3.328125,-11.015625,0.828125,3.9306372709052506,4.012576435887536,169.01740264892578,172.54078674316406,43,43,0.08193916498228537,-3.9306372709052506,-4.012576435887536,0.08193916498228537,[897],[760],[4647],[816],[4647],[816],"[""Ġuse""]","[""Ġonly""]","[""Ġapply""]","[""Ġjust""]","[""Ġapply""]","[""Ġjust""]"
833,swords,"Who said that those
                    who forget the past are doomed to repeat it? I fear that may be true for me. Add
                    this to the reasons I write now: to remember something, perhaps even to learn --","Who stated that those
                    who forget the past are doomed to repeat it? I worry that may be true for me. Add
                    this to the reasons I write now: to remember something, perhaps even to learn --",fear,worry,87,91,said,stated,4,8,-5.6875,-6.03125,-11.71875,-10.125,-9.8125,-19.9375,8.21875,-10.0625,-9.8125,-19.875,8.15625,3.371238014914773,3.504669189453125,148.33447265625,154.2054443359375,44,44,0.13343117453835207,-3.371238014914773,-3.504669189453125,0.13343117453835207,[4709],[753],[7664],[4767],[7664],[4767],"[""Ġfear""]","[""Ġsaid""]","[""Ġworry""]","[""Ġstated""]","[""Ġworry""]","[""Ġstated""]"
834,swords,"Integra-A Hotel & Restaurant Co. said its planned rights offering to raise about $9 million was declared effective and the company will begin mailing materials to shareholders at the end of this week.  

Under the offer, shareholders will receive one right for each 105 common shares owned.","Integra-A Hotel & Restaurant Co. stated its planned rights offering to raise about $9 million was announce effective and the company will begin mailing materials to shareholders at the end of this week.  

Under the offer, shareholders will receive one right for each 105 common shares owned.",declared,announce,96,104,said,stated,33,37,-7.90625,-9.5,-17.40625,-13.875,-11.75,-25.625,8.21875,-13.0625,-11.6875,-24.75,7.34375,3.1613507187157346,3.5272966351425437,180.19699096679688,201.055908203125,57,57,0.36594591642680907,-3.1613507187157346,-3.5272966351425437,0.36594591642680907,[8884],[753],[10578],[4767],[10578],[4767],"[""Ġdeclared""]","[""Ġsaid""]","[""Ġannounce""]","[""Ġstated""]","[""Ġannounce""]","[""Ġstated""]"
836,swords,"Now I will mention it, in case I/You decide to restore it. Shortly
                    before she left, Tasha said, ""You steal from life for art, Bernardo. You'll
                    impoverish yourself.""","Now I will mention it, in case I/You determine to restore it. Shortly
                    before she left, Tasha said, ""You steal from life for creativity, Bernardo. You'll
                    impoverish yourself.""",art,creativity,141,144,decide,determine,37,43,-4.40625,-5.75,-10.15625,-10.5625,-10.875,-21.4375,11.28125,-10.8125,-10.875,-21.6875,11.53125,4.117582901664402,4.399512249490489,189.4088134765625,202.3775634765625,46,46,0.2819293478260869,-4.117582901664402,-4.399512249490489,0.2819293478260869,[1445],[7617],[22794],[3653],[22794],[3653],"[""Ġart""]","[""Ġdecide""]","[""Ġcreativity""]","[""Ġdetermine""]","[""Ġcreativity""]","[""Ġdetermine""]"
837,swords,"Sales fell 20% to #722 million.  

Earnings were hurt by disposal of operations in its restructuring, Reed said.","Sales decreased 20% to #722 million.  

Earnings were hurt by removal of operations in its restructuring, Reed said.",disposal,removal,57,65,fell,decreased,6,10,-10.8125,-11.1875,-22.0,-10.75,-11.9375,-22.6875,0.6875,-10.8125,-11.9375,-22.75,0.75,4.634427584134615,4.78729248046875,120.4951171875,124.4696044921875,26,26,0.15286489633413503,-4.634427584134615,-4.78729248046875,0.15286489633413503,[23585],[6497],[8570],[6137],[8570],[6137],"[""Ġdisposal""]","[""Ġfell""]","[""Ġremoval""]","[""Ġdecreased""]","[""Ġremoval""]","[""Ġdecreased""]"
838,swords,"First of America Bank Corp. said it completed its acquisition of Midwest Financial Group Inc. for about $250 million. First of America, which now has 45 banks and $12.5 billion in assets, announced an agreement to acquire the Peoria, Ill., bank holding company in January.","First of America Bank Corp. state it finished its acquisition of Midwest Financial Group Inc. for about $250 million. First of America, which now has 45 banks and $12.5 billion in assets, announced an agreement to acquire the Peoria, Ill., bank holding company in January.",said,state,28,32,completed,finished,36,45,-7.28125,-4.59375,-11.875,-9.8125,-7.71875,-17.53125,5.65625,-9.4375,-9.625,-19.0625,7.1875,2.639588473135965,2.8769841779742324,150.45654296875,163.98809814453125,57,57,0.23739570483826755,-2.639588473135965,-2.8769841779742324,0.23739570483826755,[753],[6312],[1375],[6699],[1375],[6699],"[""Ġsaid""]","[""Ġcompleted""]","[""Ġstate""]","[""Ġfinished""]","[""Ġstate""]","[""Ġfinished""]"
839,swords,"He laughed. ""My last piece was of four old Undersiders crouched around a trash
                    fire. Be glad someone didn't toss that to you.""","He laughed. ""My previous piece was of four old Undersiders crouched around a trash
                    fire. Be happy someone didn't toss that to you.""",last,previous,16,20,glad,happy,108,112,-5.53125,-5.0625,-10.59375,-8.0625,-6.78125,-14.84375,4.25,-8.0625,-6.75,-14.8125,4.21875,4.658336639404297,4.884868621826172,149.0667724609375,156.3157958984375,32,32,0.226531982421875,-4.658336639404297,-4.884868621826172,0.226531982421875,[1390],[9995],[2045],[5211],[2045],[5211],"[""Ġlast""]","[""Ġglad""]","[""Ġprevious""]","[""Ġhappy""]","[""Ġprevious""]","[""Ġhappy""]"
840,swords,"Those who are truly
                    curious may look at the last act of ""Captured Moments."") I remember suggesting,
                    with characteristic tact, that she add Emil to her small list of major
                    accomplishments. 
                 Malaquez glanced away, embarrassed.","Those who are really
                    curious may look at the last act of ""Captured Moments."") I remember suggesting,
                    with characteristic tact, that she add Emil to her tiny list of major
                    accomplishments. 
                 Malaquez glanced away, embarrassed.",small,tiny,191,196,truly,really,14,19,-7.8125,-6.46875,-14.28125,-9.5625,-5.84375,-15.40625,1.125,-9.5625,-5.84375,-15.40625,1.125,4.34828047916807,4.3676067878460065,252.20026779174805,253.32119369506836,58,58,0.019326308677936943,-4.34828047916807,-4.3676067878460065,0.019326308677936943,[1355],[7777],[10058],[1663],[10058],[1663],"[""Ġsmall""]","[""Ġtruly""]","[""Ġtiny""]","[""Ġreally""]","[""Ġtiny""]","[""Ġreally""]"
841,swords,"You think I sleep with every famous
                    person I meet?"" 
                 As you may have guessed, we had talked about such things. I do not claim ours
                    was a perfect affair, only a wonderful one.","You believe I sleep with every famous
                    person I meet?"" 
                 As you may have infer, we had talked about such things. I do not claim ours
                    was a perfect affair, only a wonderful one.",guessed,infer,106,113,think,believe,4,9,-0.62890625,-5.34375,-5.97265625,-9.3125,-6.75,-16.0625,10.08984375,-9.1875,-6.71875,-15.90625,9.93359375,3.6942027698863638,3.9928089488636362,162.544921875,175.68359375,44,44,0.2986061789772725,-3.6942027698863638,-3.9928089488636362,0.2986061789772725,[30346],[1158],[9441],[2868],[9441],[2868],"[""Ġguessed""]","[""Ġthink""]","[""Ġinfer""]","[""Ġbelieve""]","[""Ġinfer""]","[""Ġbelieve""]"
842,swords,"My last show --"" 
                 "" --was glorious!"" Tasha said.","My last display --"" 
                 "" --was magnificent!"" Tasha said.",glorious,magnificent,43,51,show,display,8,12,-9.75,-6.15625,-15.90625,-9.25,-10.375,-19.625,3.71875,-9.875,-10.375,-20.25,4.34375,6.065104166666667,6.5703125,90.9765625,98.5546875,15,15,0.505208333333333,-6.065104166666667,-6.5703125,0.505208333333333,[28548],[921],[27231],[3148],[27231],[3148],"[""Ġglorious""]","[""Ġshow""]","[""Ġmagnificent""]","[""Ġdisplay""]","[""Ġmagnificent""]","[""Ġdisplay""]"
843,swords,"Intelogic Trace Inc., San Antonio, Texas, said it bought 2.7 million shares, or about 18%, of its common stock from an unaffiliated shareholder for $3.625 a share, or $9.9 million.  

The move boosts Intelogic Chairman Asher Edelman's stake to 20% from 16.2% and may help prevent Martin Ackerman from making a run at the computer-services concern. Mr. Ackerman already is seeking to oust Mr. Edelman as chairman of Datapoint Corp., an Intelogic affiliate.","Intelogic Trace Inc., San Antonio, Texas, stated it bought 2.7 million shares, or about 18%, of its common stock from an unaffiliated shareholder for $3.625 a share, or $9.9 million.  

The move boosts Intelogic Chairman Asher Edelman's stake to 20% from 16.2% and may help prohibit Martin Ackerman from making a run at the computer-services concern. Mr. Ackerman already is seeking to oust Mr. Edelman as chairman of Datapoint Corp., an Intelogic affiliate.",prevent,prohibit,272,279,said,stated,42,46,-5.8125,-5.0625,-10.875,-11.3125,-9.375,-20.6875,9.8125,-11.0,-9.375,-20.375,9.5,2.684110047387295,2.832182774778272,327.46142578125,345.5262985229492,122,122,0.1480727273909772,-2.684110047387295,-2.832182774778272,0.1480727273909772,[3657],[753],[33459],[4767],[33459],[4767],"[""Ġprevent""]","[""Ġsaid""]","[""Ġprohibit""]","[""Ġstated""]","[""Ġprohibit""]","[""Ġstated""]"
845,swords,"""And you as well? Perhaps the two
                    of you together?"" 
                 Her eyes became circles at the idea of being, as she undoubtedly thought it,
                    immortalized by Emil Malaquez.","""And you as well? Maybe the two
                    of you jointly?"" 
                 Her eyes became circles at the idea of being, as she undoubtedly thought it,
                    immortalized by Emil Malaquez.",together,jointly,61,69,Perhaps,Maybe,18,25,-4.125,-6.90625,-11.03125,-10.25,-6.15625,-16.40625,5.375,-10.9375,-6.21875,-17.15625,6.125,4.3642578125,4.547762784090909,192.02734375,200.1015625,44,44,0.18350497159090917,-4.3642578125,-4.547762784090909,0.18350497159090917,[2366],[11243],[26277],[8948],[26277],[8948],"[""Ġtogether""]","[""ĠPerhaps""]","[""Ġjointly""]","[""ĠMaybe""]","[""Ġjointly""]","[""ĠMaybe""]"
846,swords,"Concerned about shrinking landfills and the safety of chemicals used in super-absorbent disposables, parents are returning to the cloth diaper. Tiny Tots Inc., Campbell, Calif., says business is up 35% in the past year. ""We're gaining 1,200 new customers each week,"" says Jack Mogavero of General Health Care Corp., Piscataway, N.J. In Syracuse, N.Y., DyDee Service's new marketing push stresses environmental awareness.","Concerned about shrinking landfills and the safety of chemicals employed in super-absorbent disposables, parents are returning to the cloth diaper. Tiny Tots Inc., Campbell, Calif., says sales is up 35% in the past year. ""We're gaining 1,200 new customers each week,"" says Jack Mogavero of General Health Care Corp., Piscataway, N.J. In Syracuse, N.Y., DyDee Service's new marketing push stresses environmental awareness.",business,sales,183,191,used,employed,64,68,-5.9375,-1.25,-7.1875,-3.75,-9.25,-13.0,5.8125,-3.875,-9.25,-13.125,5.9375,3.0469991683959963,3.2239154052734373,304.6999168395996,322.39154052734375,100,100,0.17691623687744107,-3.0469991683959963,-3.2239154052734373,0.17691623687744107,[2136],[908],[6224],[7091],[6224],[7091],"[""Ġbusiness""]","[""Ġused""]","[""Ġsales""]","[""Ġemployed""]","[""Ġsales""]","[""Ġemployed""]"
847,swords,"Montedison currently owns about 72% of Erbamont's common shares outstanding.  

The offer is being launched pursuant to a previously announced agreement between the companies.","Montedison presently owns about 72% of Erbamont's common shares outstanding.  

The offer is being launched pursuant to a previously announced agreement between the business.",companies,business,165,174,currently,presently,11,20,-2.78125,-8.3125,-11.09375,-9.5,-11.0625,-20.5625,9.46875,-9.375,-11.0625,-20.4375,9.34375,3.6542061941964286,4.012163434709821,127.897216796875,140.42572021484375,35,35,0.3579572405133926,-3.6542061941964286,-4.012163434709821,0.3579572405133926,[4413],[4390],[2136],[21654],[2136],[21654],"[""Ġcompanies""]","[""Ġcurrently""]","[""Ġbusiness""]","[""Ġpresently""]","[""Ġbusiness""]","[""Ġpresently""]"
848,swords,"They want to terrify the press and in particular El Espectador because it has always been a torchbearer in this war.""
This comes from a man whose brother, Guillermo, was murdered in 1986.

The publishers in Monterrey command no battalions, but they agreed to express their outrage with editorials in today's editions.","They desire to terrify the press and in particular El Espectador because it has always been a torchbearer in this war.""
This comes from a man whose sibling, Guillermo, was murdered in 1986.

The publishers in Monterrey command no battalions, but they agreed to express their outrage with editorials in today's editions.",brother,sibling,146,153,want,desire,5,9,-5.21875,-4.5,-9.71875,-10.9375,-8.3125,-19.25,9.53125,-10.875,-8.375,-19.25,9.53125,3.669560759034875,3.8532507386926103,267.8779354095459,281.28730392456055,73,73,0.18368997965773515,-3.669560759034875,-3.8532507386926103,0.18368997965773515,[4929],[971],[40239],[8327],[40239],[8327],"[""Ġbrother""]","[""Ġwant""]","[""Ġsibling""]","[""Ġdesire""]","[""Ġsibling""]","[""Ġdesire""]"
849,swords,"Malaquez answered the door in blood-red pajamas and a black silk robe. Sixty
                    years ago in a similar situation, I had broken my knuckles on someone's face. I
                    merely said, ""Is Tasha here?""","Malaquez answered the door in blood-red pajamas and a dark silk robe. Sixty
                    years ago in a similar situation, I had crash my knuckles on someone's face. I
                    merely said, ""Is Tasha here?""",broken,crash,137,143,black,dark,54,59,-7.1875,-2.953125,-10.140625,-13.0625,-5.0625,-18.125,7.984375,-13.125,-5.09375,-18.21875,8.078125,3.7002446009562564,3.9360656646581798,192.41271924972534,204.67541456222534,52,52,0.23582106370192335,-3.7002446009562564,-3.9360656646581798,0.23582106370192335,[7154],[2806],[13035],[3644],[13035],[3644],"[""Ġbroken""]","[""Ġblack""]","[""Ġcrash""]","[""Ġdark""]","[""Ġcrash""]","[""Ġdark""]"
850,swords,"""It amuses me. Show me around, and then I shall decide."" 
                 ""Of course, Señor Flynn.""","""It amuses me. Display me around, and after I shall decide."" 
                 ""Of course, Señor Flynn.""",then,after,35,39,Show,Display,15,19,-3.171875,-10.0625,-13.234375,-6.15625,-13.9375,-20.09375,6.859375,-5.09375,-13.9375,-19.03125,5.796875,4.42625,5.0975390625,110.65625,127.4384765625,25,25,0.6712890625000005,-4.42625,-5.0975390625,0.6712890625000005,[840],[10684],[846],[27604],[846],[27604],"[""Ġthen""]","[""ĠShow""]","[""Ġafter""]","[""ĠDisplay""]","[""Ġafter""]","[""ĠDisplay""]"
851,swords,"It was as attractive and as impersonal
                    as a decorator could arrange for tenants of unknown taste. A tall, narrow
                    stopbox stood in the center of one room; sand trickled forever downward while
                    beads of water splashed across the sand's path. If that was Malaquez's work, it
                    was a very minor effort.","It was as attractive and as impersonal
                    as a decorator could arrange for tenants of unknown taste. A tall, slim
                    stopbox stood in the middle of one room; sand trickled forever downward while
                    beads of water splashed across the sand's path. If that was Malaquez's work, it
                    was a very minor effort.",narrow,slim,126,132,center,middle,174,180,-4.28125,-1.828125,-6.109375,-4.90625,-0.8359375,-5.7421875,-0.3671875,-4.78125,-0.8515625,-5.6328125,-0.4765625,4.049683219508121,4.095116866262336,307.7759246826172,311.2288818359375,76,76,0.045433646754214685,-4.049683219508121,-4.095116866262336,0.045433646754214685,[6891],[4055],[27973],[4766],[27973],[4766],"[""Ġnarrow""]","[""Ġcenter""]","[""Ġslim""]","[""Ġmiddle""]","[""Ġslim""]","[""Ġmiddle""]"
852,swords,"Intelogic Trace Inc., San Antonio, Texas, said it bought 2.7 million shares, or about 18%, of its common stock from an unaffiliated shareholder for $3.625 a share, or $9.9 million.  

The move boosts Intelogic Chairman Asher Edelman's stake to 20% from 16.2% and may help prevent Martin Ackerman from making a run at the computer-services concern. Mr. Ackerman already is seeking to oust Mr. Edelman as chairman of Datapoint Corp., an Intelogic affiliate.","Intelogic Trace Inc., San Antonio, Texas, stated it bought 2.7 million shares, or about 18%, of its common stock from an unaffiliated shareholder for $3.625 a share, or $9.9 million.  

The move boosts Intelogic Chairman Asher Edelman's stake to 20% from 16.2% and may help hinder Martin Ackerman from making a run at the computer-services concern. Mr. Ackerman already is seeking to oust Mr. Edelman as chairman of Datapoint Corp., an Intelogic affiliate.",prevent,hinder,272,279,said,stated,42,46,-5.8125,-5.0625,-10.875,-10.625,-9.375,-20.0,9.125,-10.25,-9.375,-19.625,8.75,2.684110047387295,2.842220509638552,327.46142578125,346.7509021759033,122,122,0.15811046225125702,-2.684110047387295,-2.842220509638552,0.15811046225125702,[3657],[753],[35007],[4767],[35007],[4767],"[""Ġprevent""]","[""Ġsaid""]","[""Ġhinder""]","[""Ġstated""]","[""Ġhinder""]","[""Ġstated""]"
853,swords,"It was as attractive and as impersonal
                    as a decorator could arrange for tenants of unknown taste. A tall, narrow
                    stopbox stood in the center of one room; sand trickled forever downward while
                    beads of water splashed across the sand's path. If that was Malaquez's work, it
                    was a very minor effort.","It was as attractive and as impersonal
                    as a decorator could arrange for tenants of unknown taste. A tall, compressed
                    stopbox stood in the middle of one room; sand trickled forever downward while
                    beads of water splashed across the sand's path. If that was Malaquez's work, it
                    was a very minor effort.",narrow,compressed,126,132,center,middle,174,180,-4.28125,-1.828125,-6.109375,-13.0,-0.8359375,-13.8359375,7.7265625,-13.0,-0.92578125,-13.92578125,7.81640625,4.049683219508121,4.142759624280427,307.7759246826172,314.8497314453125,76,76,0.09307640477230628,-4.049683219508121,-4.142759624280427,0.09307640477230628,[6891],[4055],[21012],[4766],[21012],[4766],"[""Ġnarrow""]","[""Ġcenter""]","[""Ġcompressed""]","[""Ġmiddle""]","[""Ġcompressed""]","[""Ġmiddle""]"
854,swords,"Stephen Akerfeldt, currently vice president finance, will succeed Mr. McAlpine.  

An ambitious expansion has left Magna with excess capacity and a heavy debt load as the automotive industry enters a downturn. The company has reported declines in operating profit in each of the past three years, despite steady sales growth.","Stephen Akerfeldt, presently vice president finance, will succeed Mr. McAlpine.  

An ambitious expansion has left Magna with excess capacity and a formidable debt load as the automotive industry enters a downturn. The company has reported declines in operating profit in each of the past three years, despite steady sales growth.",heavy,formidable,148,153,currently,presently,19,28,-3.9375,-7.59375,-11.53125,-9.0,-10.75,-19.75,8.21875,-8.5625,-10.75,-19.3125,7.78125,2.8851632782907197,3.124691125118371,190.4207763671875,206.2296142578125,66,66,0.23952784682765138,-2.8851632782907197,-3.124691125118371,0.23952784682765138,[5536],[4390],[36418],[21654],[36418],[21654],"[""Ġheavy""]","[""Ġcurrently""]","[""Ġformidable""]","[""Ġpresently""]","[""Ġformidable""]","[""Ġpresently""]"
855,swords,"Noriega is close to Castro and may once have been his agent.
Sandinistas Thomas Borge and the Ortega brothers are Castro proteges; he backed their takeover of Nicaragua.
In Colombia, the drug-financed guerrillas trying to seize the country and destroy democracy include M-19, which Castro has clearly backed.","Noriega is close to Castro and may once have been his agent.
Sandinistas Thomas Borge and the Ortega sibling are Castro proteges; he backed their takeover of Nicaragua.
In Colombia, the drug-financed guerrillas attempting to seize the country and destroy democracy include M-19, which Castro has clearly backed.",brothers,sibling,101,109,trying,attempting,212,218,-3.046875,-10.0625,-13.109375,-8.5,-11.375,-19.875,6.765625,-8.5,-11.3125,-19.8125,6.703125,3.552580927459287,3.674810705050616,252.23324584960938,260.91156005859375,71,71,0.12222977759132903,-3.552580927459287,-3.674810705050616,0.12222977759132903,[13189],[2820],[40239],[13756],[40239],[13756],"[""Ġbrothers""]","[""Ġtrying""]","[""Ġsibling""]","[""Ġattempting""]","[""Ġsibling""]","[""Ġattempting""]"
856,swords,"The service -- which costs the caller from 30 cents to $25 a minute -- currently is dominated by celebrity chatter, horoscopes and romance lines. But more serious applications are in the wings, and that is where the future growth is expected.  

""I'm starting to see more business transactions,"" says Andrea West of American Telephone & Telegraph Co., noting growing interest in use of 900 service for stock sales, software tutorials and even service contracts.","The service -- which costs the caller from 30 cents to $25 a minute -- presently is dominated by celebrity chatter, horoscopes and romance lines. But more serious applications are in the wings, and that is where the eventual growth is expected.  

""I'm starting to see more business transactions,"" says Andrea West of American Telephone & Telegraph Co., noting growing interest in use of 900 service for stock sales, software tutorials and even service contracts.",future,eventual,216,222,currently,presently,71,80,-3.65625,-7.1875,-10.84375,-9.8125,-11.75,-21.5625,10.71875,-9.5625,-11.75,-21.3125,10.46875,3.8053355793376547,3.857670710637019,346.28553771972656,351.04803466796875,91,91,0.05233513129936451,-3.8053355793376547,-3.857670710637019,0.05233513129936451,[2852],[4390],[27585],[21654],[27585],[21654],"[""Ġfuture""]","[""Ġcurrently""]","[""Ġeventual""]","[""Ġpresently""]","[""Ġeventual""]","[""Ġpresently""]"
857,swords,"But much contemporary work is also fetching ""a great deal of money,"" says Miles Barth of the International Center of Photography.  

DIALING 900 brings callers a growing number of services.  

Currently a $300 million-a-year business, 900 telephone service is expected to hit $500 million next year and near $2 billion by 1992 as uses for the service continue to expand, says Joel Gross of Donaldson, Lufkin & Jenrette Inc.","But much contemporary work is likewise fetching ""a great deal of money,"" says Miles Barth of the International Center of Photography.  

DIALING 900 brings callers a growing quantity of services.  

Currently a $300 million-a-year business, 900 telephone service is expected to hit $500 million next year and near $2 billion by 1992 as uses for the service continue to expand, says Joel Gross of Donaldson, Lufkin & Jenrette Inc.",number,quantity,170,176,also,likewise,30,34,-1.5,-3.640625,-5.140625,-8.5,-6.8125,-15.3125,10.171875,-8.1875,-6.78125,-14.96875,9.828125,3.3016070175170897,3.387243347167969,330.160701751709,338.7243347167969,100,100,0.08563632965087908,-3.3016070175170897,-3.387243347167969,0.08563632965087908,[1180],[671],[10671],[21223],[10671],[21223],"[""Ġnumber""]","[""Ġalso""]","[""Ġquantity""]","[""Ġlikewise""]","[""Ġquantity""]","[""Ġlikewise""]"
860,swords,"""How should I reply?"" Her voice had grown quiet, and I began to feel some guilt.
                    I had, it is true, told her that we needed other company than our own.","""How should I respond?"" Her tongue had grown quiet, and I began to feel some guilt.
                    I had, it is true, told her that we needed other company than our own.",voice,tongue,26,31,reply,respond,14,19,-1.7734375,-6.375,-8.1484375,-6.84375,-3.8125,-10.65625,2.5078125,-6.9375,-3.765625,-10.703125,2.5546875,3.490093524639423,3.7908732096354165,136.1136474609375,147.84405517578125,39,39,0.3007796849959936,-3.490093524639423,-3.7908732096354165,0.3007796849959936,[4318],[12252],[14018],[3794],[14018],[3794],"[""Ġvoice""]","[""Ġreply""]","[""Ġtongue""]","[""Ġrespond""]","[""Ġtongue""]","[""Ġrespond""]"
861,swords,"What's this more-famous-than-me person like?"" 
                 ""I didn't meet him, jealous old one."" 
                 ""Too bad.","What's this more-famous-than-me individual like?"" 
                 ""I didn't meet him, jealous ancient one."" 
                 ""Too bad.",old,ancient,92,95,person,individual,32,38,-7.53125,-4.71875,-12.25,-13.5,-9.6875,-23.1875,10.9375,-13.25,-9.6875,-22.9375,10.6875,3.802621841430664,4.102052688598633,121.68389892578125,131.26568603515625,32,32,0.29943084716796875,-3.802621841430664,-4.102052688598633,0.29943084716796875,[1711],[1436],[9129],[2060],[9129],[2060],"[""Ġold""]","[""Ġperson""]","[""Ġancient""]","[""Ġindividual""]","[""Ġancient""]","[""Ġindividual""]"
864,swords,"""This is cosmetic?"" 
                 ""He's not that ugly. I think they're his natural features.""","""This is decorative?"" 
                 ""He's not that repulsive. I think they're his natural features.""",ugly,repulsive,53,57,cosmetic,decorative,9,17,-3.21875,-13.25,-16.46875,-9.0,-14.1875,-23.1875,6.71875,-8.75,-14.125,-22.875,6.40625,4.3976934523809526,4.737723214285714,92.3515625,99.4921875,21,21,0.34002976190476186,-4.3976934523809526,-4.737723214285714,0.34002976190476186,[19513],[35361],[47381],[38323],[47381],[38323],"[""Ġugly""]","[""Ġcosmetic""]","[""Ġrepulsive""]","[""Ġdecorative""]","[""Ġrepulsive""]","[""Ġdecorative""]"
865,swords,"In New York Stock Exchange composite trading yesterday, Intelogic shares rose 37.5 cents to close at $2.75.  

Mr. Edelman declined to specify what prompted the recent moves, saying they are meant only to benefit shareholders when ""the company is on a roll."" He added, ""This has nothing to do with Marty Ackerman and it is not designed, particularly, to take the company private.""","In New York Stock Exchange composite trading yesterday, Intelogic shares climbed 37.5 cents to close at $2.75.  

Mr. Edelman declined to specify what prompted the recent decision, saying they are meant only to benefit shareholders when ""the company is on a roll."" He added, ""This has nothing to do with Marty Ackerman and it is not designed, particularly, to take the company private.""",moves,decision,168,173,rose,climbed,73,77,-4.65625,-1.7734375,-6.4296875,-4.9375,-4.28125,-9.21875,2.7890625,-4.96875,-4.28125,-9.25,2.8203125,3.19862560893214,3.3554886219113373,275.08180236816406,288.572021484375,86,86,0.15686301297919725,-3.19862560893214,-3.3554886219113373,0.15686301297919725,[9727],[9461],[3061],[21863],[3061],[21863],"[""Ġmoves""]","[""Ġrose""]","[""Ġdecision""]","[""Ġclimbed""]","[""Ġdecision""]","[""Ġclimbed""]"
866,swords,"What's this more-famous-than-me person like?"" 
                 ""I didn't meet him, jealous old one."" 
                 ""Too bad.","What's this more-famous-than-me individual like?"" 
                 ""I didn't meet him, jealous aged one."" 
                 ""Too bad.",old,aged,92,95,person,individual,32,38,-7.53125,-4.71875,-12.25,-16.25,-9.6875,-25.9375,13.6875,-16.125,-9.6875,-25.8125,13.5625,3.802621841430664,4.254823684692383,121.68389892578125,136.15435791015625,32,32,0.45220184326171875,-3.802621841430664,-4.254823684692383,0.45220184326171875,[1711],[1436],[10652],[2060],[10652],[2060],"[""Ġold""]","[""Ġperson""]","[""Ġaged""]","[""Ġindividual""]","[""Ġaged""]","[""Ġindividual""]"
867,swords,"The play's second act concludes with the last fight between Tasha
                    and me. I have disguised us in the play, and deleted one brief melodramatic
                    interchange. Now I will mention it, in case I/You decide to restore it.","The play's second act concludes with the last fight between Tasha
                    and me. I have masked us in the play, and deleted one small melodramatic
                    interchange. Now I will mention it, in case I/You decide to restore it.",brief,small,143,148,disguised,masked,101,110,-10.0,-9.625,-19.625,-7.96875,-11.6875,-19.65625,0.03125,-8.0625,-11.6875,-19.75,0.125,4.235507541232639,4.174306233723958,228.7174072265625,225.41253662109375,54,54,-0.061201307508681246,-4.235507541232639,-4.174306233723958,-0.061201307508681246,[4864],[49932],[1355],[34741],[1355],[34741],"[""Ġbrief""]","[""Ġdisguised""]","[""Ġsmall""]","[""Ġmasked""]","[""Ġsmall""]","[""Ġmasked""]"
868,swords,"Neither they nor Mr. McAlpine could be reached for comment.  

Magna said Mr. McAlpine resigned to pursue a consulting career, with Magna as one of his clients.","Neither they nor Mr. McAlpine could be reached for comment.  

Magna stated Mr. McAlpine resigned to chase a consulting career, with Magna as one of his clients.",pursue,chase,99,105,said,stated,69,73,-3.21875,-3.59375,-6.8125,-9.5625,-7.96875,-17.53125,10.71875,-9.8125,-7.96875,-17.78125,10.96875,2.8336873054504395,3.219797134399414,113.34749221801758,128.79188537597656,40,40,0.3861098289489746,-2.8336873054504395,-3.219797134399414,0.3861098289489746,[15142],[753],[24577],[4767],[24577],[4767],"[""Ġpursue""]","[""Ġsaid""]","[""Ġchase""]","[""Ġstated""]","[""Ġchase""]","[""Ġstated""]"
869,swords,"Well, if she didn't pan out, she'd be terminated. Any crew member that would
jeopardize the project was meat. It would be a shame to lose that talent,
though.","Well, if she didn't pan out, she'd be terminated. Any squad member that would
jeopardize the project was meat. It would be a disgrace to lose that talent,
though.",crew,squad,54,58,shame,disgrace,124,129,-9.875,-2.421875,-12.296875,-11.0625,-4.6875,-15.75,3.453125,-11.0,-4.75,-15.75,3.453125,3.46951904296875,3.747808837890625,138.78076171875,149.912353515625,40,40,0.278289794921875,-3.46951904296875,-3.747808837890625,0.278289794921875,[10402],[14816],[13487],[40655],[13487],[40655],"[""Ġcrew""]","[""Ġshame""]","[""Ġsquad""]","[""Ġdisgrace""]","[""Ġsquad""]","[""Ġdisgrace""]"
871,swords,"According to Upjohn's estimates, only 50% to 60% of the 1,100 eligible employees will take advantage of the plan. Upjohn further estimated that about 50% of the employees who leave for early retirement may be replaced. As a result, Upjohn will likely trim only about 275 to 350 of its more than 21,000 jobs world-wide.","According to Upjohn's estimates, just 50% to 60% of the 1,100 eligible employees will take advantage of the plan. Upjohn additionally estimated that about 50% of the employees who leave for early retirement may be replaced. As a result, Upjohn will likely trim only about 275 to 350 of its more than 21,000 jobs world-wide.",further,additionally,121,128,only,just,33,37,-7.75,-4.75,-12.5,-9.6875,-5.4375,-15.125,2.625,-9.75,-5.375,-15.125,2.625,2.8375859790378146,2.891266292995877,204.30619049072266,208.17117309570312,72,72,0.053680313958062165,-2.8375859790378146,-2.891266292995877,0.053680313958062165,[2007],[760],[23000],[816],[23000],[816],"[""Ġfurther""]","[""Ġonly""]","[""Ġadditionally""]","[""Ġjust""]","[""Ġadditionally""]","[""Ġjust""]"
873,swords,"Malaquez answered the door in blood-red pajamas and a black silk robe. Sixty
                    years ago in a similar situation, I had broken my knuckles on someone's face. I
                    merely said, ""Is Tasha here?""","Malaquez answered the door in blood-red pajamas and a dark silk robe. Sixty
                    years ago in a similar situation, I had fracture my knuckles on someone's face. I
                    merely said, ""Is Tasha here?""",broken,fracture,137,143,black,dark,54,59,-7.1875,-2.953125,-10.140625,-18.75,-5.0625,-23.8125,13.671875,-18.75,-5.09375,-23.84375,13.703125,3.7002446009562564,4.031477698912988,192.41271924972534,209.63684034347534,52,52,0.3312330979567313,-3.7002446009562564,-4.031477698912988,0.3312330979567313,[7154],[2806],[17681],[3644],[17681],[3644],"[""Ġbroken""]","[""Ġblack""]","[""Ġfracture""]","[""Ġdark""]","[""Ġfracture""]","[""Ġdark""]"
874,swords,"The drug lords who claimed responsibility said they would blow up the Bogota newspaper's offices if it continued to distribute in Medellin.
They bombed the Bogota offices last month, destroying its computer and causing $2.5 million in damage.

El Espectador has been a special target because of the extraordinary courage of its publisher and his staff.","The drug masters who claimed responsibility said they would blow up the Bogota newspaper's offices if it continued to distribute in Medellin.
They bombed the Bogota offices last month, destroying its pc and causing $2.5 million in damage.

El Espectador has been a special target because of the extraordinary courage of its publisher and his staff.",computer,pc,198,206,lords,masters,9,14,-3.890625,-6.75,-10.640625,-13.625,-11.25,-24.875,14.234375,-13.5,-11.1875,-24.6875,14.046875,3.1482886745505136,3.3433110485338187,229.8250732421875,244.06170654296875,73,73,0.19502237398330502,-3.1482886745505136,-3.3433110485338187,0.19502237398330502,[4382],[49117],[21136],[26616],[21136],[26616],"[""Ġcomputer""]","[""Ġlords""]","[""Ġpc""]","[""Ġmasters""]","[""Ġpc""]","[""Ġmasters""]"
875,swords,"You think I sleep with every famous
                    person I meet?"" 
                 As you may have guessed, we had talked about such things. I do not claim ours
                    was a perfect affair, only a wonderful one.","You believe I sleep with every famous
                    person I meet?"" 
                 As you may have presume, we had talked about such things. I do not claim ours
                    was a perfect affair, only a wonderful one.",guessed,presume,106,113,think,believe,4,9,-0.62890625,-5.34375,-5.97265625,-13.3125,-6.75,-20.0625,14.08984375,-13.0625,-6.71875,-19.78125,13.80859375,3.6942027698863638,4.084339488636363,162.544921875,179.7109375,44,44,0.39013671874999956,-3.6942027698863638,-4.084339488636363,0.39013671874999956,[30346],[1158],[35533],[2868],[35533],[2868],"[""Ġguessed""]","[""Ġthink""]","[""Ġpresume""]","[""Ġbelieve""]","[""Ġpresume""]","[""Ġbelieve""]"
876,swords,"The rights, which expire Nov. 21, can be exercised for $100 each.  

Integra, which owns and operates hotels, said that Hallwood Group Inc. has agreed to exercise any rights that aren't exercised by other shareholders. Hallwood, a Cleveland merchant bank, owns about 11% of Integra.","The rights, which expire Nov. 21, can be exercised for $100 each.  

Integra, which owns and manage hotels, stated that Hallwood Group Inc. has agreed to exercise any rights that aren't exercised by other shareholders. Hallwood, a Cleveland merchant bank, owns about 11% of Integra.",operates,manage,93,101,said,stated,110,114,-0.23828125,-4.125,-4.36328125,-9.75,-9.75,-19.5,15.13671875,-9.6875,-8.75,-18.4375,14.07421875,3.2432697002704325,3.444391837486854,210.81253051757812,223.8854694366455,65,65,0.20112213721642158,-3.2432697002704325,-3.444391837486854,0.20112213721642158,[17209],[753],[8722],[4767],[8722],[4767],"[""Ġoperates""]","[""Ġsaid""]","[""Ġmanage""]","[""Ġstated""]","[""Ġmanage""]","[""Ġstated""]"
877,swords,"Somehow, Tasha and I began
                    to argue the worth of Solevgrad jazz, as inconsequential a topic as I can
                    imagine. She had studied it in school, so she thought herself as an expert. I
                    once had a neighbor who played it constantly, loudly, and badly, so I thought I
                    knew it better.","Somehow, Tasha and I started
                    to argue the worth of Solevgrad jazz, as inconsequential a topic as I can
                    imagine. She had read it in school, so she thought herself as an expert. I
                    once had a neighbor who played it constantly, loudly, and badly, so I thought I
                    knew it better.",studied,read,158,165,began,started,21,26,-5.46875,-6.65625,-12.125,-4.84375,-6.125,-10.96875,-1.15625,-4.90625,-6.09375,-11.0,-1.125,3.406711227015445,3.470836087277061,258.9100532531738,263.78354263305664,76,76,0.06412486026161579,-3.406711227015445,-3.470836087277061,0.06412486026161579,[5421],[3407],[1239],[3053],[1239],[3053],"[""Ġstudied""]","[""Ġbegan""]","[""Ġread""]","[""Ġstarted""]","[""Ġread""]","[""Ġstarted""]"
878,swords,"It was as attractive and as impersonal
                    as a decorator could arrange for tenants of unknown taste. A tall, narrow
                    stopbox stood in the center of one room; sand trickled forever downward while
                    beads of water splashed across the sand's path. If that was Malaquez's work, it
                    was a very minor effort.","It was as attractive and as impersonal
                    as a decorator could arrange for tenants of unknown taste. A tall, slender
                    stopbox stood in the middle of one room; sand trickled forever downward while
                    beads of water splashed across the sand's path. If that was Malaquez's work, it
                    was a very minor effort.",narrow,slender,126,132,center,middle,174,180,-4.28125,-1.828125,-6.109375,-5.03125,-0.8359375,-5.8671875,-0.2421875,-5.03125,-0.8359375,-5.8671875,-0.2421875,4.049683219508121,4.072440699527138,307.7759246826172,309.5054931640625,76,76,0.022757480019016896,-4.049683219508121,-4.072440699527138,0.022757480019016896,[6891],[4055],[36019],[4766],[36019],[4766],"[""Ġnarrow""]","[""Ġcenter""]","[""Ġslender""]","[""Ġmiddle""]","[""Ġslender""]","[""Ġmiddle""]"
879,swords,"I fear that may be true for me. Add
                    this to the reasons I write now: to remember something, perhaps even to learn -- 
                 Emil Malaquez arrived after sundown, carrying a small package wrapped in what
                    looked like real paper.","I fear that may be genuine for me. Add
                    this to the reasons I write now: to remember something, hopefully even to learn -- 
                 Emil Malaquez arrived after sundown, carrying a small package wrapped in what
                    looked like real paper.",perhaps,hopefully,112,119,true,genuine,19,23,-5.9375,-3.03125,-8.96875,-8.4375,-10.8125,-19.25,10.28125,-8.6875,-10.8125,-19.5,10.53125,4.220369815826416,4.44425664629255,236.3407096862793,248.8783721923828,56,56,0.22388683046613433,-4.220369815826416,-4.44425664629255,0.22388683046613433,[4931],[2032],[18670],[13241],[18670],[13241],"[""Ġperhaps""]","[""Ġtrue""]","[""Ġhopefully""]","[""Ġgenuine""]","[""Ġhopefully""]","[""Ġgenuine""]"
880,swords,"Dow Jones, which owns about 64 million of Telerate's 95 million common shares outstanding, said that about 24,000 shares have been tendered under its offer.  

Telerate's two independent directors have rejected the offer as inadequate. In composite trading on the New York Stock Exchange, Telerate shares closed at $19.50, up 12.5 cents.","Dow Jones, which owns about 64 million of Telerate's 95 million common shares outstanding, stated that about 24,000 shares have been tendered under its offer.  

Telerate's two independent executive have rejected the offer as inadequate. In composite trading on the New York Stock Exchange, Telerate shares closed at $19.50, up 12.5 cents.",directors,executive,187,196,said,stated,91,95,-0.1328125,-2.4375,-2.5703125,-9.4375,-7.3125,-16.75,14.1796875,-9.125,-7.3125,-16.4375,13.8671875,2.895504913330078,3.2162767028808594,217.16286849975586,241.22075271606445,75,75,0.32077178955078134,-2.895504913330078,-3.2162767028808594,0.32077178955078134,[17970],[753],[9165],[4767],[9165],[4767],"[""Ġdirectors""]","[""Ġsaid""]","[""Ġexecutive""]","[""Ġstated""]","[""Ġexecutive""]","[""Ġstated""]"
881,swords,"This information used to be poorly documented and largely anecdotal, says Beth Gates-Warren of Sotheby's. ""There is finally some sort of sense in the market,"" she says.  

Corporations and museums are among the serious buyers, giving greater market stability, says Robert Persky of the Photograph Collector.","This information employed to be poorly documented and largely anecdotal, says Beth Gates-Warren of Sotheby's. ""There is finally some kind of sense in the market,"" she says.  

Corporations and museums are among the serious buyers, giving greater market stability, says Robert Persky of the Photograph Collector.",sort,kind,129,133,used,employed,17,21,-6.1875,-7.75,-13.9375,-5.65625,-12.625,-18.28125,4.34375,-5.46875,-12.5625,-18.03125,4.09375,3.7377209382898666,3.905308891745175,254.16502380371094,265.5610046386719,68,68,0.1675879534553082,-3.7377209382898666,-3.905308891745175,0.1675879534553082,[3686],[908],[2238],[7091],[2238],[7091],"[""Ġsort""]","[""Ġused""]","[""Ġkind""]","[""Ġemployed""]","[""Ġkind""]","[""Ġemployed""]"
883,swords,"She did not like my plays. I had impressed her because I was famous and amusing
                    and not, as I had hoped, because I was a great artist. That bothered (yes, and
                    intrigued) me until I realized that she was bored by most plays, movies, and
                    vid.","She did not like my plays. I had impressed her because I was renowned and amusing
                    and not, as I had hoped, because I was a distinguished artist. That bothered (yes, and
                    intrigued) me until I realized that she was bored by most plays, movies, and
                    vid.",great,distinguished,141,146,famous,renowned,61,67,-3.203125,-8.0,-11.203125,-7.15625,-11.125,-18.28125,7.078125,-7.1875,-11.125,-18.3125,7.109375,3.6209306716918945,3.8834571838378906,231.73956298828125,248.541259765625,64,64,0.2625265121459961,-3.6209306716918945,-3.8834571838378906,0.2625265121459961,[1270],[8530],[15622],[30101],[15622],[30101],"[""Ġgreat""]","[""Ġfamous""]","[""Ġdistinguished""]","[""Ġrenowned""]","[""Ġdistinguished""]","[""Ġrenowned""]"
884,swords,"He also rejected reports that his departure stemmed from disappointment the general manager's post hadn't also led to a board directorship at the London-based news organization.  

Mr. Reupke was one of three executives on Reuters's eight-person executive committee who didn't also serve on the company's board of directors. ""If I were choosing the people of tomorrow, I would have chosen the people who are now on the board,"" he said.","He likewise rejected reports that his departure stemmed from disappointment the general manager's post hadn't also led to a board directorship at the London-based news organization.  

Mr. Reupke was one of three executives on Reuters's eight-person executive committee who didn't also serve on the firm's board of directors. ""If I were choosing the people of tomorrow, I would have chosen the people who are now on the board,"" he said.",company,firm,295,302,also,likewise,3,7,-3.703125,-3.671875,-7.375,-7.0625,-9.375,-16.4375,9.0625,-6.21875,-9.4375,-15.65625,8.28125,3.143660172172215,3.315714628800102,289.21673583984375,305.0457458496094,92,92,0.1720544566278872,-3.143660172172215,-3.315714628800102,0.1720544566278872,[2567],[671],[5882],[21223],[5882],[21223],"[""Ġcompany""]","[""Ġalso""]","[""Ġfirm""]","[""Ġlikewise""]","[""Ġfirm""]","[""Ġlikewise""]"
885,swords,"You look like hell, Tar. Don't blow this. Don't let
fatigue get to you.","You seem like hell, Tar. Don't spoil this. Don't let
fatigue get to you.",blow,spoil,31,35,look,seem,4,8,-8.4375,-6.1875,-14.625,-9.0,-8.0625,-17.0625,2.4375,-9.125,-8.0,-17.125,2.5,4.047685895647321,4.43267822265625,85.00140380859375,93.08624267578125,21,21,0.3849923270089288,-4.047685895647321,-4.43267822265625,0.3849923270089288,[8230],[1007],[46164],[1646],[46164],[1646],"[""Ġblow""]","[""Ġlook""]","[""Ġspoil""]","[""Ġseem""]","[""Ġspoil""]","[""Ġseem""]"
886,swords,"Its subsidiaries' services are marketed by closely held A.L. Williams & Associates. Primerica, as expected, also acquired certain assets of the agency and assumed certain of its liabilities. Terms weren't disclosed.","Its subsidiaries' services are marketed by closely held A.L. Williams & Associates. Primerica, as assume, likewise acquired certain assets of the agency and assumed certain of its liabilities. Terms weren't disclosed.",expected,assume,98,106,also,likewise,108,112,-9.875,-4.3125,-14.1875,-16.375,-9.3125,-25.6875,11.5,-16.375,-9.0,-25.375,11.1875,3.538945752520894,4.039891087731649,152.17466735839844,173.71531677246094,43,43,0.5009453352107553,-3.538945752520894,-4.039891087731649,0.5009453352107553,[3264],[671],[5467],[21223],[5467],[21223],"[""Ġexpected""]","[""Ġalso""]","[""Ġassume""]","[""Ġlikewise""]","[""Ġassume""]","[""Ġlikewise""]"
887,swords,"This is not easy. I stand up, I walk around, I pretend someone makes a vid about
                    a writer and I must enact every cliche. I cannot decide what's important.","This is not easy. I stand up, I walk around, I pretend somebody formulate a vid about
                    a writer and I must enact every cliche. I cannot decide what's important.",makes,formulate,63,68,someone,somebody,55,62,-7.96875,-8.375,-16.34375,-20.875,-10.125,-31.0,14.65625,-20.0,-10.0625,-30.0625,13.71875,4.362458881578948,4.782997532894737,165.7734375,181.75390625,38,38,0.4205386513157894,-4.362458881578948,-4.782997532894737,0.4205386513157894,[2789],[3095],[36803],[11853],[36803],[11853],"[""Ġmakes""]","[""Ġsomeone""]","[""Ġformulate""]","[""Ġsomebody""]","[""Ġformulate""]","[""Ġsomebody""]"
891,swords,"He laughed. ""My last piece was of four old Undersiders crouched around a trash
                    fire. Be glad someone didn't toss that to you.""","He laughed. ""My latest piece was of four old Undersiders crouched around a trash
                    fire. Be happy someone didn't toss that to you.""",last,latest,16,20,glad,happy,108,112,-5.53125,-5.0625,-10.59375,-8.75,-6.78125,-15.53125,4.9375,-8.75,-7.25,-16.0,5.40625,4.658336639404297,4.8937530517578125,149.0667724609375,156.60009765625,32,32,0.23541641235351562,-4.658336639404297,-4.8937530517578125,0.23541641235351562,[1390],[9995],[6323],[5211],[6323],[5211],"[""Ġlast""]","[""Ġglad""]","[""Ġlatest""]","[""Ġhappy""]","[""Ġlatest""]","[""Ġhappy""]"
892,swords,"Malaquez glanced away, embarrassed. Tasha looked at me as if to say, ""I will.""
                    She said, ""I feel sorry for you, Nardo.","Malaquez glanced away, embarrassed. Tasha looked at me as if to report, ""I will.""
                    She stated, ""I feel sorry for you, Nardo.",say,report,64,67,said,stated,103,107,-0.53125,-3.546875,-4.078125,-8.375,-8.4375,-16.8125,12.734375,-8.3125,-8.5,-16.8125,12.734375,3.852878146701389,4.304090711805555,138.70361328125,154.947265625,36,36,0.4512125651041665,-3.852878146701389,-4.304090711805555,0.4512125651041665,[1333],[753],[1304],[4767],[1304],[4767],"[""Ġsay""]","[""Ġsaid""]","[""Ġreport""]","[""Ġstated""]","[""Ġreport""]","[""Ġstated""]"
894,swords,"He says we should come through now, immediately, before the probe is
reported late.""

""Harmon, tell that good for nothing son of a beta to get his hindquarters
through the gate and back here NOW, or I'll open fire on him when we come back
through."" Tara fumed.","He states we should come through now, immediately, before the probe is
reported late.""

""Harmon, advise that good for nothing son of a beta to get his hindquarters
through the gate and back here NOW, or I'll open fire on him when we come back
through."" Tara fumed.",tell,advise,95,99,says,states,3,7,-4.9375,-4.34375,-9.28125,-11.25,-8.625,-19.875,10.59375,-10.5625,-8.625,-19.1875,9.90625,3.9259440104166665,4.1986712831439394,259.1123046875,277.1123046875,66,66,0.27272727272727293,-3.9259440104166665,-4.1986712831439394,0.27272727272727293,[2028],[2296],[22276],[3054],[22276],[3054],"[""Ġtell""]","[""Ġsays""]","[""Ġadvise""]","[""Ġstates""]","[""Ġadvise""]","[""Ġstates""]"
896,swords,"5% of the shares outstanding, have been tendered under its offer. The partners said they already hold 15% of all shares outstanding.  

Dunkin' has set Nov.","5% of the shares outstanding, have been tendered under its offer. The partners stated they presently hold 15% of all shares outstanding.  

Dunkin' has set Nov.",already,presently,89,96,said,stated,79,83,-7.3125,-4.5625,-11.875,-10.875,-6.0625,-16.9375,5.0625,-10.1875,-6.0625,-16.25,4.375,3.394687853361431,3.6044303492495886,128.99813842773438,136.96835327148438,38,38,0.20974249588815752,-3.394687853361431,-3.6044303492495886,0.20974249588815752,[2168],[753],[21654],[4767],[21654],[4767],"[""Ġalready""]","[""Ġsaid""]","[""Ġpresently""]","[""Ġstated""]","[""Ġpresently""]","[""Ġstated""]"
897,swords,"The Continental Baking business benefited from higher margins on bread and on increased cake sales, it added.  

Ralston said its Eveready battery unit was hurt by continuing economic problems in South America.  

Ralston shares closed yesterday at $80.50, off $1, in New York Stock Exchange composite trading.","The Continental Baking business benefited from eminent margins on bread and on increased cake sales, it added.  

Ralston said its Eveready battery division was hurt by continuing economic problems in South America.  

Ralston shares closed yesterday at $80.50, off $1, in New York Stock Exchange composite trading.",unit,division,147,151,higher,eminent,47,53,-2.984375,-3.484375,-6.46875,-2.40625,-16.5,-18.90625,12.4375,-2.28125,-16.5,-18.78125,12.3125,3.1292207381304573,3.4042790356804344,212.7870101928711,231.49097442626953,68,68,0.2750582975499771,-3.1292207381304573,-3.4042790356804344,0.2750582975499771,[3943],[2169],[9025],[43609],[9025],[43609],"[""Ġunit""]","[""Ġhigher""]","[""Ġdivision""]","[""Ġeminent""]","[""Ġdivision""]","[""Ġeminent""]"
899,swords,"Truth is always more boring than fiction. For Malaquez did not move into Dream's
                    End until four or five months after I -- we? how does one speak to one's future
                    self?","Truth is always more dull than fiction. For Malaquez did not proceed into Dream's
                    End until four or five months after I -- we? how does one speak to one's future
                    self?",move,proceed,63,67,boring,dull,21,27,-6.8125,-7.4375,-14.25,-9.1875,-10.8125,-20.0,5.75,-8.625,-10.875,-19.5,5.25,4.717092114825581,4.798796897710756,202.8349609375,206.3482666015625,43,43,0.08170478288517469,-4.717092114825581,-4.798796897710756,0.08170478288517469,[2118],[22258],[4262],[22544],[4262],[22544],"[""Ġmove""]","[""Ġboring""]","[""Ġproceed""]","[""Ġdull""]","[""Ġproceed""]","[""Ġdull""]"
900,swords,"Tell me, or I'll kill --"" 
                 He began to cry. ""She left.","Tell me, or I'll kill --"" 
                 He started to sob. ""She left.",cry,sob,56,59,began,started,47,52,-3.765625,-4.78125,-8.546875,-4.9375,-4.8125,-9.75,1.203125,-6.5,-4.84375,-11.34375,2.796875,4.008018092105263,4.089021381578948,76.15234375,77.69140625,19,19,0.08100328947368496,-4.008018092105263,-4.089021381578948,0.08100328947368496,[3501],[3407],[30323],[3053],[30323],[3053],"[""Ġcry""]","[""Ġbegan""]","[""Ġsob""]","[""Ġstarted""]","[""Ġsob""]","[""Ġstarted""]"
901,swords,"Her eyes became circles at the idea of being, as she undoubtedly thought it,
                    immortalized by Emil Malaquez. Catching herself, she said casually, ""Oh..."" And
                    then she smiled, laughed loudly at herself in the way that always made me think
                    how much I loved her, and said, ""My God, yes, yes, yes!"" For a perfect moment,
                    Emil and Tasha and I were one entity, laughing until our lungs hurt.","Her eyes became circles at the idea of being, as she doubtless thought it,
                    immortalized by Emil Malaquez. Catching herself, she said casually, ""Oh..."" And
                    then she smiled, laughed loudly at herself in the way that always made me realize
                    how much I loved her, and said, ""My God, yes, yes, yes!"" For a perfect moment,
                    Emil and Tasha and I were one entity, laughing until our lungs hurt.",think,realize,271,276,undoubtedly,doubtless,53,64,-3.625,-10.4375,-14.0625,-7.5625,-11.5,-19.0625,5.0,-7.875,-11.5,-19.375,5.3125,3.323336956547756,3.3607439527324603,338.9803695678711,342.79588317871094,102,102,0.03740699618470433,-3.323336956547756,-3.3607439527324603,0.03740699618470433,[1158],[25369],[8968],[49654],[8968],[49654],"[""Ġthink""]","[""Ġundoubtedly""]","[""Ġrealize""]","[""Ġdoubtless""]","[""Ġrealize""]","[""Ġdoubtless""]"
902,swords,"I stand up, I walk around, I pretend someone makes a vid about
                    a writer and I must enact every cliche. I cannot decide what's important. But I
                    have learned something: writing trivializes.","I stand up, I walk around, I pretend somebody makes a vid about
                    a writer and I must enact every cliche. I cannot establish what's important. But I
                    have learned something: writing trivializes.",decide,establish,132,138,someone,somebody,37,44,-6.875,-7.875,-14.75,-9.5625,-9.625,-19.1875,4.4375,-9.5625,-9.625,-19.1875,4.4375,4.350146484375,4.548630099826389,195.756591796875,204.6883544921875,45,45,0.19848361545138893,-4.350146484375,-4.548630099826389,0.19848361545138893,[7617],[3095],[5100],[11853],[5100],[11853],"[""Ġdecide""]","[""Ġsomeone""]","[""Ġestablish""]","[""Ġsomebody""]","[""Ġestablish""]","[""Ġsomebody""]"
903,swords,"But much contemporary work is also fetching ""a great deal of money,"" says Miles Barth of the International Center of Photography.  

DIALING 900 brings callers a growing number of services.  

Currently a $300 million-a-year business, 900 telephone service is expected to hit $500 million next year and near $2 billion by 1992 as uses for the service continue to expand, says Joel Gross of Donaldson, Lufkin & Jenrette Inc.","But much contemporary work is likewise fetching ""a great deal of money,"" says Miles Barth of the International Center of Photography.  

DIALING 900 brings callers a growing multitude of services.  

Currently a $300 million-a-year business, 900 telephone service is expected to hit $500 million next year and near $2 billion by 1992 as uses for the service continue to expand, says Joel Gross of Donaldson, Lufkin & Jenrette Inc.",number,multitude,170,176,also,likewise,30,34,-1.5,-3.640625,-5.140625,-9.0,-6.8125,-15.8125,10.671875,-8.625,-6.78125,-15.40625,10.265625,3.3016070175170897,3.3635154724121095,330.160701751709,336.35154724121094,100,100,0.06190845489501973,-3.3016070175170897,-3.3635154724121095,0.06190845489501973,[1180],[671],[30408],[21223],[30408],[21223],"[""Ġnumber""]","[""Ġalso""]","[""Ġmultitude""]","[""Ġlikewise""]","[""Ġmultitude""]","[""Ġlikewise""]"
904,swords,") I remember suggesting,
                    with characteristic tact, that she add Emil to her small list of major
                    accomplishments. 
                 Malaquez glanced away, embarrassed. Tasha looked at me as if to say, ""I will.""",") I recall suggesting,
                    with characteristic tact, that she add Emil to her small list of major
                    accomplishments. 
                 Malaquez view away, embarrassed. Tasha looked at me as if to say, ""I will.""",glanced,view,180,187,remember,recall,4,12,-7.5625,-6.125,-13.6875,-13.3125,-8.0,-21.3125,7.625,-13.25,-8.0625,-21.3125,7.625,4.05508488875169,4.396550031808706,210.8644142150879,228.62060165405273,52,52,0.34146514305701636,-4.05508488875169,-4.396550031808706,0.34146514305701636,[17377],[4456],[1859],[6983],[1859],[6983],"[""Ġglanced""]","[""Ġremember""]","[""Ġview""]","[""Ġrecall""]","[""Ġview""]","[""Ġrecall""]"
905,swords,"And then, because a
                    playwright cannot resist a promising line, I said, ""Your Sleeping Flamingo
                    should be put to sleep."" 
                 To say her face fell would do a disservice to Tasha and to literature. (Allow me
                    my self-indulgences as you would those of a dying man -- when I convince my
                    mindsmith to permit the wipe, there will be another Bernardo Flynn, one who
                    knows no more of Tasha Cortez or Vega IV than he reads here.)","And then, because a
                    playwright cannot resist a promising line, I stated, ""Your Sleeping Flamingo
                    should be put to sleep."" 
                 To state her face fell would do a disservice to Tasha and to literature. (Allow me
                    my self-indulgences as you would those of a dying man -- when I convince my
                    mindsmith to permit the wipe, there will be another Bernardo Flynn, one who
                    knows no more of Tasha Cortez or Vega IV than he reads here.)",say,state,181,184,said,stated,85,89,-4.375,-4.0625,-8.4375,-10.1875,-9.6875,-19.875,11.4375,-9.375,-9.6875,-19.0625,10.625,4.062173594599185,4.220340629245924,467.14996337890625,485.33917236328125,115,115,0.15816703464673942,-4.062173594599185,-4.220340629245924,0.15816703464673942,[1333],[753],[1375],[4767],[1375],[4767],"[""Ġsay""]","[""Ġsaid""]","[""Ġstate""]","[""Ġstated""]","[""Ġstate""]","[""Ġstated""]"
907,swords,"The White House said Mr. Bush decided to grant duty-free status for 18 categories, but turned down such treatment for other types of watches ""because of the potential for material injury to watch producers located in the U.S. and the Virgin Islands.""  

Timex is a major U.S. producer and seller of watches, including low-priced battery-operated watches assembled in the Philippines and other developing nations covered by the U.S. tariff preferences.  

U.S. trade officials said the Philippines and Thailand would be the main beneficiaries of the president's action.","The White House stated Mr. Bush decided to grant duty-free status for 18 categories, but turned down such treatment for other types of watches ""because of the potential for material injury to watch producers located in the U.S. and the Virgin Islands.""  

Timex is a major U.S. producer and distributor of watches, including low-priced battery-operated watches assembled in the Philippines and other developing nations covered by the U.S. tariff preferences.  

U.S. trade officials said the Philippines and Thailand would be the main beneficiaries of the president's action.",seller,distributor,289,295,said,stated,16,20,-5.15625,-2.671875,-7.828125,-4.4375,-5.9375,-10.375,2.546875,-4.5,-5.96875,-10.46875,2.640625,2.8367092549299993,2.900370205149931,337.5684013366699,345.1440544128418,119,119,0.06366095021993168,-2.8367092549299993,-2.900370205149931,0.06366095021993168,[24451],[753],[43064],[4767],[43064],[4767],"[""Ġseller""]","[""Ġsaid""]","[""Ġdistributor""]","[""Ġstated""]","[""Ġdistributor""]","[""Ġstated""]"
908,swords,"Ralston attributed its fourth-quarter slump partly to higher costs of ingredients in the pet food business as well as competitive pressures, which required higher advertising spending. For the year, pet food volume was flat, the company said.  

Its cereal division realized higher operating profit on volume increases, but also spent more on promotion.","Ralston attributed its fourth-quarter slump partly to eminent costs of ingredients in the pet food business as well as competitive pressures, which required higher advertising spending. For the year, pet food volume was fixed, the company said.  

Its cereal division realized higher operating profit on volume increases, but also spent more on promotion.",flat,fixed,219,223,higher,eminent,54,60,-2.390625,-4.28125,-6.671875,-11.5,-15.4375,-26.9375,20.265625,-10.25,-15.5,-25.75,19.078125,3.2650829713736007,3.8367145595265857,218.76055908203125,257.05987548828125,67,67,0.571631588152985,-3.2650829713736007,-3.8367145595265857,0.571631588152985,[6507],[2169],[4229],[43609],[4229],[43609],"[""Ġflat""]","[""Ġhigher""]","[""Ġfixed""]","[""Ġeminent""]","[""Ġfixed""]","[""Ġeminent""]"
910,swords,"5% of the shares outstanding, have been tendered under its offer. The partners said they already hold 15% of all shares outstanding.  

Dunkin' has set Nov.","5% of the shares outstanding, have been tendered under its offer. The partners stated they now hold 15% of all shares outstanding.  

Dunkin' has set Nov.",already,now,89,96,said,stated,79,83,-7.3125,-4.5625,-11.875,-5.65625,-6.0625,-11.71875,-0.15625,-6.71875,-6.0625,-12.78125,0.90625,3.394687853361431,3.521075600071957,128.99813842773438,133.80087280273438,38,38,0.1263877467105261,-3.394687853361431,-3.521075600071957,0.1263877467105261,[2168],[753],[1024],[4767],[1024],[4767],"[""Ġalready""]","[""Ġsaid""]","[""Ġnow""]","[""Ġstated""]","[""Ġnow""]","[""Ġstated""]"
911,swords,The acquisition of 87-store Weisfield's raises Ratners's U.S. presence to 450 stores. About 30% of Ratners's profit already is derived from the U.S.,The acquisition of 87-store Weisfield's raises Ratners's U.S. presence to 450 stores. About 30% of Ratners's earnings already is acquire from the U.S.,derived,acquire,127,134,profit,earnings,109,115,-1.703125,-7.875,-9.578125,-17.0,-7.5,-24.5,14.921875,-16.625,-7.5625,-24.1875,14.609375,3.7606180142133665,4.370290316068209,146.6641025543213,170.44132232666016,39,39,0.6096723018548422,-3.7606180142133665,-4.370290316068209,0.6096723018548422,[6012],[11528],[16270],[20375],[16270],[20375],"[""Ġderived""]","[""Ġprofit""]","[""Ġacquire""]","[""Ġearnings""]","[""Ġacquire""]","[""Ġearnings""]"
914,swords,"It was as attractive and as impersonal
                    as a decorator could arrange for tenants of unknown taste. A tall, narrow
                    stopbox stood in the center of one room; sand trickled forever downward while
                    beads of water splashed across the sand's path. If that was Malaquez's work, it
                    was a very minor effort.","It was as attractive and as impersonal
                    as a decorator could arrange for tenants of unknown taste. A tall, small
                    stopbox stood in the middle of one room; sand trickled forever downward while
                    beads of water splashed across the sand's path. If that was Malaquez's work, it
                    was a very minor effort.",narrow,small,126,132,center,middle,174,180,-4.28125,-1.828125,-6.109375,-7.65625,-0.8359375,-8.4921875,2.3828125,-7.65625,-0.82421875,-8.48046875,2.37109375,4.049683219508121,4.109925119500411,307.7759246826172,312.35430908203125,76,76,0.060241899992290016,-4.049683219508121,-4.109925119500411,0.060241899992290016,[6891],[4055],[1355],[4766],[1355],[4766],"[""Ġnarrow""]","[""Ġcenter""]","[""Ġsmall""]","[""Ġmiddle""]","[""Ġsmall""]","[""Ġmiddle""]"
915,swords,"""Interesting."" 
                 ""You could write a play about someone like him."" 
                 ""Perhaps.""","""Interesting."" 
                 ""You could script a play about somebody like him."" 
                 ""Perhaps.""",write,script,44,49,someone,somebody,63,70,-6.15625,-5.03125,-11.1875,-10.9375,-7.59375,-18.53125,7.34375,-10.9375,-7.5625,-18.5,7.3125,3.7862723214285716,4.327938988095238,79.51171875,90.88671875,21,21,0.5416666666666665,-3.7862723214285716,-4.327938988095238,0.5416666666666665,[3630],[3095],[6001],[11853],[6001],[11853],"[""Ġwrite""]","[""Ġsomeone""]","[""Ġscript""]","[""Ġsomebody""]","[""Ġscript""]","[""Ġsomebody""]"
916,swords,"The struggle against the drug lords in Colombia will be a near thing.
This week, the government arrested Jose Abello Silva, said to be the fourth-ranking cartel leader.
He will probably be extradited to the U.S. for trial under an extradition treaty President Virgilia Barco has revived.","The struggle against the drug masters in Colombia will be a near thing.
This week, the government jail Jose Abello Silva, said to be the fourth-ranking cartel leader.
He will probably be extradited to the U.S. for trial under an extradition treaty President Virgilia Barco has revived.",arrested,jail,96,104,lords,masters,30,35,-4.5625,-3.390625,-7.953125,-11.4375,-10.9375,-22.375,14.421875,-11.1875,-10.9375,-22.125,14.171875,3.0586773212139424,3.536279296875,198.81402587890625,229.858154296875,65,65,0.47760197566105766,-3.0586773212139424,-3.536279296875,0.47760197566105766,[9833],[49117],[12907],[26616],[12907],[26616],"[""Ġarrested""]","[""Ġlords""]","[""Ġjail""]","[""Ġmasters""]","[""Ġjail""]","[""Ġmasters""]"
917,swords,") I remember suggesting,
                    with characteristic tact, that she add Emil to her small list of major
                    accomplishments. 
                 Malaquez glanced away, embarrassed. Tasha looked at me as if to say, ""I will.""",") I recall suggesting,
                    with characteristic tact, that she add Emil to her small list of major
                    accomplishments. 
                 Malaquez look away, embarrassed. Tasha looked at me as if to say, ""I will.""",glanced,look,180,187,remember,recall,4,12,-7.5625,-6.125,-13.6875,-11.5,-8.0,-19.5,5.8125,-11.875,-8.0625,-19.9375,6.25,4.05508488875169,4.129760668827937,210.8644142150879,214.74755477905273,52,52,0.0746757800762472,-4.05508488875169,-4.129760668827937,0.0746757800762472,[17377],[4456],[1007],[6983],[1007],[6983],"[""Ġglanced""]","[""Ġremember""]","[""Ġlook""]","[""Ġrecall""]","[""Ġlook""]","[""Ġrecall""]"
918,swords,"""This is cosmetic?"" 
                 ""He's not that ugly. I think they're his natural features.""","""This is decorative?"" 
                 ""He's not that unpleasant. I think they're his natural features.""",ugly,unpleasant,53,57,cosmetic,decorative,9,17,-3.21875,-13.25,-16.46875,-9.75,-14.1875,-23.9375,7.46875,-10.0,-14.125,-24.125,7.65625,4.3976934523809526,4.917410714285714,92.3515625,103.265625,21,21,0.5197172619047619,-4.3976934523809526,-4.917410714285714,0.5197172619047619,[19513],[35361],[28637],[38323],[28637],[38323],"[""Ġugly""]","[""Ġcosmetic""]","[""Ġunpleasant""]","[""Ġdecorative""]","[""Ġunpleasant""]","[""Ġdecorative""]"
919,swords,"The N'apulcans are mostly emigrants from
                    Polaris II; the only difference between them and their Carribbean ancestors is
                    that the ancestors fleeced NorAm tourists. Now the N'apulcans profit from their
                    Hispanic siblings. 
                 I don't mean to sound cynical.","The N'apulcans are mostly emigrants from
                    Polaris II; the sole difference between them and their Carribbean ancestors is
                    that the ancestors fleeced NorAm tourists. Now the N'apulcans benefit from their
                    Hispanic siblings. 
                 I don't mean to sound cynical.",profit,benefit,222,228,only,sole,77,81,-9.75,-4.46875,-14.21875,-9.375,-8.0625,-17.4375,3.21875,-9.1875,-8.0,-17.1875,2.96875,4.188001690488873,4.248781608812736,276.4081115722656,280.4195861816406,66,66,0.06077991832386331,-4.188001690488873,-4.248781608812736,0.06077991832386331,[11528],[760],[5649],[7934],[5649],[7934],"[""Ġprofit""]","[""Ġonly""]","[""Ġbenefit""]","[""Ġsole""]","[""Ġbenefit""]","[""Ġsole""]"
920,swords,"""I'm glad you came after dark."" 
                 Tasha, by accident or design, had found an innocently erotic posture on the
                    couch, where she lay with a book of M'duvian prints. ""Emil!""","""I'm happy you came after dark."" 
                 Tasha, by accident or design, had found an innocently suggestive posture on the
                    couch, where she lay with a book of M'duvian prints. ""Emil!""",erotic,suggestive,104,110,glad,happy,5,9,-6.53125,-4.0,-10.53125,-5.78125,-4.5,-10.28125,-0.25,-5.8125,-4.5,-10.3125,-0.21875,4.591458067602041,4.654899752869898,224.9814453125,228.090087890625,49,49,0.06344168526785765,-4.591458067602041,-4.654899752869898,0.06344168526785765,[45810],[9995],[32717],[5211],[32717],[5211],"[""Ġerotic""]","[""Ġglad""]","[""Ġsuggestive""]","[""Ġhappy""]","[""Ġsuggestive""]","[""Ġhappy""]"
923,swords,"""Interesting."" 
                 ""You could write a play about someone like him."" 
                 ""Perhaps.""","""Interesting."" 
                 ""You could create a play about somebody like him."" 
                 ""Perhaps.""",write,create,44,49,someone,somebody,63,70,-6.15625,-5.03125,-11.1875,-6.15625,-7.59375,-13.75,2.5625,-6.15625,-7.1875,-13.34375,2.15625,3.7862723214285716,4.192987351190476,79.51171875,88.052734375,21,21,0.40671502976190466,-3.7862723214285716,-4.192987351190476,0.40671502976190466,[3630],[3095],[2794],[11853],[2794],[11853],"[""Ġwrite""]","[""Ġsomeone""]","[""Ġcreate""]","[""Ġsomebody""]","[""Ġcreate""]","[""Ġsomebody""]"
924,swords,"""Oh."" 
                 ""The critics liked it."" 
                 ""I'm glad.""","""Oh."" 
                 ""The critics prefer it."" 
                 ""I'm happy.""",liked,prefer,37,42,glad,happy,71,75,-5.15625,-2.21875,-7.375,-8.375,-4.59375,-12.96875,5.59375,-8.375,-4.53125,-12.90625,5.53125,3.718405330882353,4.2919921875,63.212890625,72.9638671875,17,17,0.5735868566176472,-3.718405330882353,-4.2919921875,0.5735868566176472,[10490],[9995],[4510],[5211],[4510],[5211],"[""Ġliked""]","[""Ġglad""]","[""Ġprefer""]","[""Ġhappy""]","[""Ġprefer""]","[""Ġhappy""]"
925,swords,"I said
                    this from years of learning that romances consume themselves without other fuel.
                    But knowing this did not mean I wanted it. 
                 I said, ""Truthfully.""","I stated
                    this from years of learning that romances consume themselves without other fuel.
                    But knowing this did not indicate I wanted it. 
                 I said, ""Truthfully.""",mean,indicate,153,157,said,stated,2,6,-2.984375,-6.1875,-9.171875,-8.6875,-9.9375,-18.625,9.453125,-8.125,-9.9375,-18.0625,8.890625,4.4059995993589745,4.769180689102564,171.833984375,185.998046875,39,39,0.3631810897435894,-4.4059995993589745,-4.769180689102564,0.3631810897435894,[1599],[753],[5224],[4767],[5224],[4767],"[""Ġmean""]","[""Ġsaid""]","[""Ġindicate""]","[""Ġstated""]","[""Ġindicate""]","[""Ġstated""]"
926,swords,"Its cereal division realized higher operating profit on volume increases, but also spent more on promotion. The Continental Baking business benefited from higher margins on bread and on increased cake sales, it added.  

Ralston said its Eveready battery unit was hurt by continuing economic problems in South America.","Its cereal division recognized higher operating profit on volume increases, but also spent more on promotion. The Continental Baking business profit from higher margins on bread and on increased cake sales, it added.  

Ralston said its Eveready battery unit was hurt by continuing economic problems in South America.",benefited,profit,140,149,realized,recognized,20,28,-4.625,-9.9375,-14.5625,-7.6875,-9.5625,-17.25,2.6875,-8.0,-9.5625,-17.5625,3.0,3.9461897510593222,4.082287804555085,232.8251953125,240.85498046875,59,59,0.13609805349576254,-3.9461897510593222,-4.082287804555085,0.13609805349576254,[37081],[8156],[11528],[7478],[11528],[7478],"[""Ġbenefited""]","[""Ġrealized""]","[""Ġprofit""]","[""Ġrecognized""]","[""Ġprofit""]","[""Ġrecognized""]"
927,swords,"Why else would I come to you?"" This logic does not soothe her; she says
                    I must wait three weeks. Three!","Why else would I come to you?"" This rationale does not soothe her; she states
                    I must wait three weeks. Three!",logic,rationale,36,41,says,states,67,71,-9.0,-4.21875,-13.21875,-11.5,-8.3125,-19.8125,6.59375,-11.5625,-7.65625,-19.21875,6.0,4.206832320601852,4.512659143518518,113.58447265625,121.841796875,27,27,0.3058268229166661,-4.206832320601852,-4.512659143518518,0.3058268229166661,[9317],[2296],[24775],[3054],[24775],[3054],"[""Ġlogic""]","[""Ġsays""]","[""Ġrationale""]","[""Ġstates""]","[""Ġrationale""]","[""Ġstates""]"
928,swords,"""If you wish."" 
                 ""I beg you, change the color of the walls, at the very least."" 
                 ""But of course!""","""If you wish."" 
                 ""I beg you, modify the colour of the walls, at the very least."" 
                 ""But of course!""",change,modify,45,51,color,colour,56,61,-7.625,-5.4375,-13.0625,-12.6875,-6.125,-18.8125,5.75,-12.6875,-8.125,-20.8125,7.75,3.2218994140625,3.513069661458333,96.656982421875,105.39208984375,30,30,0.2911702473958333,-3.2218994140625,-3.513069661458333,0.2911702473958333,[1818],[3295],[10007],[10688],[10007],[10688],"[""Ġchange""]","[""Ġcolor""]","[""Ġmodify""]","[""Ġcolour""]","[""Ġmodify""]","[""Ġcolour""]"
929,swords,"As you may have guessed, we had talked about such things. I do not claim ours
                    was a perfect affair, only a wonderful one. 
                 ""Tasha --""","As you may have guessed, we had talked about such things. I do not claim ours
                    was a perfect romance, just a wonderful one. 
                 ""Tasha --""",affair,romance,112,118,only,just,120,124,-6.6875,-5.8125,-12.5,-6.90625,-6.75,-13.65625,1.15625,-6.875,-6.03125,-12.90625,0.40625,4.053765190972222,4.014919704861111,145.935546875,144.537109375,36,36,-0.038845486111111605,-4.053765190972222,-4.014919704861111,-0.038845486111111605,[18830],[760],[24847],[816],[24847],[816],"[""Ġaffair""]","[""Ġonly""]","[""Ġromance""]","[""Ġjust""]","[""Ġromance""]","[""Ġjust""]"
931,swords,"A tall, narrow
                    stopbox stood in the center of one room; sand trickled forever downward while
                    beads of water splashed across the sand's path. If that was Malaquez's work, it
                    was a very minor effort. But then, I was in no mood to consider art.","A tall, narrow
                    stopbox stood in the middle of one room; sand trickled forever downward while
                    beads of water splashed across the sand's path. If that was Malaquez's accomplishment, it
                    was a very minor effort. But then, I was in no mood to consider art.",work,accomplishment,204,208,center,middle,56,62,-5.0625,-1.75,-6.8125,-9.5,-1.125,-10.625,3.8125,-9.6875,-1.125,-10.8125,4.0,3.940204796424279,4.030620398888221,256.1133117675781,261.9903259277344,65,65,0.09041560246394198,-3.940204796424279,-4.030620398888221,0.09041560246394198,[789],[4055],[42285],[4766],[42285],[4766],"[""Ġwork""]","[""Ġcenter""]","[""Ġaccomplishment""]","[""Ġmiddle""]","[""Ġaccomplishment""]","[""Ġmiddle""]"
933,swords,"she suppressed the surge of annoyance that ran through her as
she contemplated the psi's gift of getting all the hot news first.

Harmon's face slowly animated - joy sweeping in to replace stern concentration.
""Tarrin says the planet's a freaking gemstone!","she repressed the surge of annoyance that ran through her as
she contemplated the psi's gift of getting all the hot news first.

Harmon's face slowly animated - delight sweeping in to replace stern concentration.
""Tarrin says the planet's a freaking gemstone!",joy,delight,162,165,suppressed,repressed,4,14,-8.1875,-12.8125,-21.0,-8.75,-14.6875,-23.4375,2.4375,-8.75,-14.8125,-23.5625,2.5625,4.4964744438559325,4.636702198093221,265.2919921875,273.5654296875,59,59,0.14022775423728806,-4.4964744438559325,-4.636702198093221,0.14022775423728806,[11010],[16013],[12725],[47960],[12725],[47960],"[""Ġjoy""]","[""Ġsuppressed""]","[""Ġdelight""]","[""Ġrepressed""]","[""Ġdelight""]","[""Ġrepressed""]"
934,swords,"""You wish to become pregnant? I suppose I could
                    assist a friend. Purely for the sake of the race, of course --""","""You wish to become pregnant? I think I could
                    assist a buddy. Purely for the sake of the race, of course --""",friend,buddy,77,83,suppose,think,32,39,-3.703125,-5.21875,-8.921875,-9.875,-3.53125,-13.40625,4.484375,-9.6875,-3.59375,-13.28125,4.359375,3.7825907389322917,3.9777872721354166,113.47772216796875,119.3336181640625,30,30,0.1951965332031249,-3.7825907389322917,-3.9777872721354166,0.1951965332031249,[3331],[9428],[29517],[1158],[29517],[1158],"[""Ġfriend""]","[""Ġsuppose""]","[""Ġbuddy""]","[""Ġthink""]","[""Ġbuddy""]","[""Ġthink""]"
935,swords,"I
                    merely said, ""Is Tasha here?"" 
                 He pursed his lips slightly, then nodded. ""Yes.""","I
                    merely stated, ""Is Tasha here?"" 
                 He pursed his lips lightly, then nodded. ""Yes.""",slightly,lightly,89,97,said,stated,29,33,-4.90625,-6.0625,-10.96875,-7.3125,-6.59375,-13.90625,2.9375,-7.0,-6.625,-13.625,2.65625,3.7165278682002314,3.9540699146412037,100.34625244140625,106.7598876953125,27,27,0.23754204644097232,-3.7165278682002314,-3.9540699146412037,0.23754204644097232,[5777],[753],[19679],[4767],[19679],[4767],"[""Ġslightly""]","[""Ġsaid""]","[""Ġlightly""]","[""Ġstated""]","[""Ġlightly""]","[""Ġstated""]"
936,swords,"My last show --"" 
                 "" --was glorious!"" Tasha said.","My last display --"" 
                 "" --was fantastic!"" Tasha said.",glorious,fantastic,43,51,show,display,8,12,-9.75,-6.15625,-15.90625,-5.96875,-10.375,-16.34375,0.4375,-8.3125,-10.375,-18.6875,2.78125,6.065104166666667,6.565104166666667,90.9765625,98.4765625,15,15,0.5,-6.065104166666667,-6.565104166666667,0.5,[28548],[921],[15143],[3148],[15143],[3148],"[""Ġglorious""]","[""Ġshow""]","[""Ġfantastic""]","[""Ġdisplay""]","[""Ġfantastic""]","[""Ġdisplay""]"
937,swords,"The Rockford, Ill., maker of fasteners also said it expects to post sales in the current fiscal year that are ""slightly above"" fiscal 1989 sales of $155 million. The company said its industrial unit continues to face margin pressures and lower demand.  

In fiscal 1989, Elco earned $7.8 million, or $1.65 a share.","The Rockford, Ill., maker of fasteners likewise said it expects to post sales in the current fiscal year that are ""slightly above"" fiscal 1989 sales of $155 million. The company said its industrial unit continues to encounter margin pressures and lower demand.  

In fiscal 1989, Elco earned $7.8 million, or $1.65 a share.",face,encounter,212,216,also,likewise,39,43,-3.90625,-5.1875,-9.09375,-6.96875,-12.3125,-19.28125,10.1875,-6.75,-12.3125,-19.0625,9.96875,2.781871337890625,2.9473588053385416,208.64035034179688,221.05191040039062,75,75,0.16548746744791654,-2.781871337890625,-2.9473588053385416,0.16548746744791654,[2454],[671],[13329],[21223],[13329],[21223],"[""Ġface""]","[""Ġalso""]","[""Ġencounter""]","[""Ġlikewise""]","[""Ġencounter""]","[""Ġlikewise""]"
938,swords,"The company said that because of softening sales it isn't in compliance with requirements that it maintain $3 million in working capital. RMS distributes electronic devices and produces power supplies and plastic literature displays.  

RMS said it had a loss of $158,666, or 10 cents a share, in the third quarter, compared with a year-earlier loss of $26,956, or two cents a share.","The company stated that because of softening sales it isn't in compliance with requirements that it maintain $3 million in working capital. RMS distributes electronic product and produces power supplies and plastic literature displays.  

RMS said it had a loss of $158,666, or 10 cents a share, in the third quarter, compared with a year-earlier loss of $26,956, or two cents a share.",devices,product,165,172,said,stated,12,16,-4.6875,-3.1875,-7.875,-6.8125,-5.75,-12.5625,4.6875,-6.8125,-5.75,-12.5625,4.6875,2.95133844641752,3.040780788244203,253.81510639190674,261.50714778900146,86,86,0.08944234182668298,-2.95133844641752,-3.040780788244203,0.08944234182668298,[4095],[753],[1885],[4767],[1885],[4767],"[""Ġdevices""]","[""Ġsaid""]","[""Ġproduct""]","[""Ġstated""]","[""Ġproduct""]","[""Ġstated""]"
939,swords,"The surprising thing is that I was.
                    ""Good. My last show --""","The surprising thing is that I was.
                    ""Fine. My last display --""",Good,Fine,57,61,show,display,71,75,-6.375,-6.5625,-12.9375,-8.375,-10.75,-19.125,6.1875,-8.4375,-10.875,-19.3125,6.375,5.159581801470588,5.4665670955882355,87.712890625,92.931640625,17,17,0.30698529411764763,-5.159581801470588,-5.4665670955882355,0.30698529411764763,[8620],[921],[28986],[3148],[28986],[3148],"[""Good""]","[""Ġshow""]","[""Fine""]","[""Ġdisplay""]","[""Fine""]","[""Ġdisplay""]"
940,swords,"Stepping into the living room, he said, ""A beautiful house."" 
                 ""I'm glad you came after dark."" 
                 Tasha, by accident or design, had found an innocently erotic posture on the
                    couch, where she lay with a book of M'duvian prints.","Stepping into the living room, he stated, ""A beautiful house."" 
                 ""I'm glad you came after midnight."" 
                 Tasha, by accident or design, had found an innocently erotic posture on the
                    couch, where she lay with a book of M'duvian prints.",dark,midnight,104,108,said,stated,34,38,-6.21875,-5.3125,-11.53125,-7.96875,-9.4375,-17.40625,5.875,-8.0625,-9.4375,-17.5,5.96875,3.9996145925214215,4.135730374243952,247.97610473632812,256.415283203125,62,62,0.13611578172253047,-3.9996145925214215,-4.135730374243952,0.13611578172253047,[3644],[753],[21811],[4767],[21811],[4767],"[""Ġdark""]","[""Ġsaid""]","[""Ġmidnight""]","[""Ġstated""]","[""Ġmidnight""]","[""Ġstated""]"
942,swords,"She used the discretion of the mirrored window to secretively survey her crew.
Harmon was an excellent addition to the bridge team, but was she open minded
enough to defy United Earth Command and sever all ties from Earth? She watched
the psi bob her head, unaware of the rest of the bridge, shaking blonde curls as
she chattered away with the approaching psi relay on Mason's ship.","She employed the discretion of the mirrored window to secretively survey her crew.
Harmon was an excellent addition to the bridge group, but was she open minded
enough to defy United Earth Command and sever all ties from Earth? She watched
the psi bob her head, unaware of the rest of the bridge, shaking blonde curls as
she chattered away with the approaching psi relay on Mason's ship.",team,group,126,130,used,employed,4,8,-2.0,-6.90625,-8.90625,-6.8125,-10.625,-17.4375,8.53125,-6.40625,-10.6875,-17.09375,8.1875,4.2093586538029815,4.32767087563701,366.2142028808594,376.5073661804199,87,87,0.1183122218340289,-4.2093586538029815,-4.32767087563701,0.1183122218340289,[2285],[908],[1387],[7091],[1387],[7091],"[""Ġteam""]","[""Ġused""]","[""Ġgroup""]","[""Ġemployed""]","[""Ġgroup""]","[""Ġemployed""]"
943,swords,"First of America Bank Corp. said it completed its acquisition of Midwest Financial Group Inc. for about $250 million. First of America, which now has 45 banks and $12.5 billion in assets, announced an agreement to acquire the Peoria, Ill., bank holding company in January.","First of America Bank Corp. claim it finished its acquisition of Midwest Financial Group Inc. for about $250 million. First of America, which now has 45 banks and $12.5 billion in assets, announced an agreement to acquire the Peoria, Ill., bank holding company in January.",said,claim,28,32,completed,finished,36,45,-7.28125,-4.59375,-11.875,-11.25,-7.71875,-18.96875,7.09375,-11.4375,-10.375,-21.8125,9.9375,2.639588473135965,2.918568393640351,150.45654296875,166.3583984375,57,57,0.27897992050438614,-2.639588473135965,-2.918568393640351,0.27897992050438614,[753],[6312],[1750],[6699],[1750],[6699],"[""Ġsaid""]","[""Ġcompleted""]","[""Ġclaim""]","[""Ġfinished""]","[""Ġclaim""]","[""Ġfinished""]"
944,swords,"Mr. Reupke was one of three executives on Reuters's eight-person executive committee who didn't also serve on the company's board of directors. ""If I were choosing the people of tomorrow, I would have chosen the people who are now on the board,"" he said.  

A Reuters spokesman said the departure reflects ""no change in strategy or profits.""","Mr. Reupke was one of three executives on Reuters's eight-person executive committee who didn't likewise serve on the company's board of directors. ""If I were appoint the people of tomorrow, I would have chosen the people who are now on the board,"" he said.  

A Reuters spokesman said the departure reflects ""no change in strategy or profits.""",choosing,appoint,155,163,also,likewise,96,100,-8.0625,-8.125,-16.1875,-9.75,-13.875,-23.625,7.4375,-9.875,-13.875,-23.75,7.5625,3.0074363914695947,3.3021372202280403,222.55029296875,244.358154296875,74,74,0.2947008287584456,-3.0074363914695947,-3.3021372202280403,0.2947008287584456,[13887],[671],[6544],[21223],[6544],[21223],"[""Ġchoosing""]","[""Ġalso""]","[""Ġappoint""]","[""Ġlikewise""]","[""Ġappoint""]","[""Ġlikewise""]"
945,swords,"(I do
                    not remember any of this well, just now, nor do I care to. Those who are truly
                    curious may look at the last act of ""Captured Moments."") I remember suggesting,
                    with characteristic tact, that she add Emil to her small list of major
                    accomplishments.","(I do
                    not recall any of this well, just now, nor do I care to. Those who are truly
                    curious may look at the final act of ""Captured Moments."") I remember suggesting,
                    with characteristic tact, that she add Emil to her small list of major
                    accomplishments.",last,final,149,153,remember,recall,30,38,-6.0625,-5.5,-11.5625,-6.71875,-7.25,-13.96875,2.40625,-6.875,-7.25,-14.125,2.5625,3.7870357900426006,3.7960479294044385,261.30546951293945,261.92730712890625,69,69,0.009012139361837868,-3.7870357900426006,-3.7960479294044385,0.009012139361837868,[1390],[4456],[2457],[6983],[2457],[6983],"[""Ġlast""]","[""Ġremember""]","[""Ġfinal""]","[""Ġrecall""]","[""Ġfinal""]","[""Ġrecall""]"
946,swords,"Catching herself, she said casually, ""Oh..."" And
                    then she smiled, laughed loudly at herself in the way that always made me think
                    how much I loved her, and said, ""My God, yes, yes, yes!"" For a perfect moment,
                    Emil and Tasha and I were one entity, laughing until our lungs hurt. 
                 This is torture.","Catching herself, she stated casually, ""Oh..."" And
                    then she smiled, laughed loudly at herself in the way that always made me think
                    how much I loved her, and said, ""My God, yes, yes, yes!"" For a perfect moment,
                    Emil and Tasha and I were one entity, laughing until our lungs upset. 
                 This is torture.",hurt,upset,331,335,said,stated,22,26,-1.171875,-3.75,-4.921875,-14.5625,-8.5625,-23.125,18.203125,-14.375,-8.5625,-22.9375,18.015625,3.3703277587890623,3.5907901763916015,269.626220703125,287.2632141113281,80,80,0.22046241760253915,-3.3703277587890623,-3.5907901763916015,0.22046241760253915,[8513],[753],[14004],[4767],[14004],[4767],"[""Ġhurt""]","[""Ġsaid""]","[""Ġupset""]","[""Ġstated""]","[""Ġupset""]","[""Ġstated""]"
948,swords,"Pacific First Financial Corp. said shareholders approved its acquisition by Royal Trustco Ltd. of Toronto for $27 a share, or $212 million.  

The thrift holding company said it expects to obtain regulatory approval and complete the transaction by year-end.","Pacific First Financial Corp. stated shareholders accept its acquisition by Royal Trustco Ltd. of Toronto for $27 a share, or $212 million.  

The thrift holding company said it expects to obtain regulatory approval and complete the transaction by year-end.",approved,accept,48,56,said,stated,30,34,-1.375,-4.59375,-5.96875,-9.125,-7.9375,-17.0625,11.09375,-8.25,-7.65625,-15.90625,9.9375,2.7683915358323317,3.1026006845327525,143.95635986328125,161.33523559570312,52,52,0.33420914870042084,-2.7683915358323317,-3.1026006845327525,0.33420914870042084,[7012],[753],[2997],[4767],[2997],[4767],"[""Ġapproved""]","[""Ġsaid""]","[""Ġaccept""]","[""Ġstated""]","[""Ġaccept""]","[""Ġstated""]"
950,swords,"Mark Shepperd, an analyst at UBS Phillips & Drew in London, said, ""I suspect (the departure) will be fairly irrelevant for the company. I would be very surprised if his departure signals any change in strategy or change in profit expectations."" On London's Stock Exchange, Reuters shares rose five pence to 913 pence ($14.43).","Mark Shepperd, an analyst at UBS Phillips & Drew in London, stated, ""I suspect (the departure) will be fairly irrelevant for the company. I would be very surprised if his departure signals any change in strategy or change in earning expectations."" On London's Stock Exchange, Reuters shares rose five pence to 913 pence ($14.43).",profit,earning,223,229,said,stated,60,64,-8.0625,-0.6640625,-8.7265625,-11.5625,-7.09375,-18.65625,9.9296875,-11.5625,-7.09375,-18.65625,9.9296875,3.2271925259942877,3.3555281390882516,235.585054397583,244.95355415344238,73,73,0.1283356130939639,-3.2271925259942877,-3.3555281390882516,0.1283356130939639,[11528],[753],[22915],[4767],[22915],[4767],"[""Ġprofit""]","[""Ġsaid""]","[""Ġearning""]","[""Ġstated""]","[""Ġearning""]","[""Ġstated""]"
951,swords,"He also rejected reports that his departure stemmed from disappointment the general manager's post hadn't also led to a board directorship at the London-based news organization.  

Mr. Reupke was one of three executives on Reuters's eight-person executive committee who didn't also serve on the company's board of directors. ""If I were choosing the people of tomorrow, I would have chosen the people who are now on the board,"" he said.","He likewise rejected reports that his departure stemmed from disappointment the general manager's post hadn't also led to a board directorship at the London-based news organization.  

Mr. Reupke was one of three executives on Reuters's eight-person executive committee who didn't also serve on the corporation's board of directors. ""If I were choosing the people of tomorrow, I would have chosen the people who are now on the board,"" he said.",company,corporation,295,302,also,likewise,3,7,-3.703125,-3.671875,-7.375,-7.0625,-9.375,-16.4375,9.0625,-6.46875,-9.4375,-15.90625,8.53125,3.143660172172215,3.3217405236285664,289.21673583984375,305.6001281738281,92,92,0.1780803514563516,-3.143660172172215,-3.3217405236285664,0.1780803514563516,[2567],[671],[13739],[21223],[13739],[21223],"[""Ġcompany""]","[""Ġalso""]","[""Ġcorporation""]","[""Ġlikewise""]","[""Ġcorporation""]","[""Ġlikewise""]"
952,swords,"""Tell me, Malaquez."" 
                 ""She wanted to be famous. She did!","""Tell me, Malaquez."" 
                 ""She desired to be celebrity. She did!",famous,celebrity,57,63,wanted,desired,44,50,-6.125,-5.21875,-11.34375,-14.5,-10.0625,-24.5625,13.21875,-15.0625,-10.0,-25.0625,13.71875,4.9115953947368425,5.759457236842105,93.3203125,109.4296875,19,19,0.8478618421052628,-4.9115953947368425,-5.759457236842105,0.8478618421052628,[8530],[3078],[29192],[6799],[29192],[6799],"[""Ġfamous""]","[""Ġwanted""]","[""Ġcelebrity""]","[""Ġdesired""]","[""Ġcelebrity""]","[""Ġdesired""]"
954,swords,"Reuters Holdings PLC said Michael Reupke resigned as general manager to pursue unspecified interests, a move the news organization termed an ""amicable separation.""  

Mr. Reupke, 52 years old and a 27-year Reuters veteran, had been the information-services company's general manager for only six months.","Reuters Holdings PLC stated Michael Reupke resigned as general manager to pursue unspecified passion, a move the news organization termed an ""amicable separation.""  

Mr. Reupke, 52 years old and a 27-year Reuters veteran, had been the information-services company's general manager for only six months.",interests,passion,91,100,said,stated,21,25,-2.515625,-2.828125,-5.34375,-10.125,-8.0625,-18.1875,12.84375,-8.375,-8.0625,-16.4375,11.09375,3.177849088396345,3.433484016902863,200.20449256896973,216.30949306488037,63,63,0.25563492850651803,-3.177849088396345,-3.433484016902863,0.25563492850651803,[6284],[753],[9908],[4767],[9908],[4767],"[""Ġinterests""]","[""Ġsaid""]","[""Ġpassion""]","[""Ġstated""]","[""Ġpassion""]","[""Ġstated""]"
955,swords,"He glanced at me and decided I was joking. The surprising thing is that I was.
                    ""Good.","He glanced at me and determined I was joking. The surprising fact is that I was.
                    ""Good.",thing,fact,58,63,decided,determined,21,28,-0.70703125,-7.15625,-7.86328125,-3.5625,-10.125,-13.6875,5.82421875,-3.484375,-10.125,-13.609375,5.74609375,3.7247869318181817,4.025213068181818,81.9453125,88.5546875,22,22,0.3004261363636367,-3.7247869318181817,-4.025213068181818,0.3004261363636367,[2181],[4425],[958],[3413],[958],[3413],"[""Ġthing""]","[""Ġdecided""]","[""Ġfact""]","[""Ġdetermined""]","[""Ġfact""]","[""Ġdetermined""]"
959,swords,"Ralston said its restructuring costs include the phase-out of a battery facility in Greenville, N.C., the recent closing of a Hostess cake bakery in Cincinnati and a reduction in staff throughout the company. The battery plant, which makes rechargeable nickel cadmium and carbon zinc products, will be closed over the next year or so, a spokesman said.  

Ralston attributed its fourth-quarter slump partly to higher costs of ingredients in the pet food business as well as competitive pressures, which required higher advertising spending.","Ralston stated its restructuring costs include the phase-out of a battery facility in Greenville, N.C., the recent closing of a Hostess cake bakery in Cincinnati and a reduction in staff throughout the company. The battery plant, which manufacture rechargeable nickel cadmium and carbon zinc products, will be closed over the next year or so, a spokesman said.  

Ralston attributed its fourth-quarter slump partly to higher costs of ingredients in the pet food business as well as competitive pressures, which required higher advertising spending.",makes,manufacture,234,239,said,stated,8,12,-4.09375,-4.03125,-8.125,-10.375,-7.53125,-17.90625,9.78125,-10.0625,-7.53125,-17.59375,9.46875,2.9285055095499213,3.0240255540067498,322.13560605049133,332.6428109407425,110,110,0.09552004445682849,-2.9285055095499213,-3.0240255540067498,0.09552004445682849,[2789],[753],[6833],[4767],[6833],[4767],"[""Ġmakes""]","[""Ġsaid""]","[""Ġmanufacture""]","[""Ġstated""]","[""Ġmanufacture""]","[""Ġstated""]"
960,swords,"He says we should come through now, immediately, before the probe is
reported late.""

""Harmon, tell that good for nothing son of a beta to get his hindquarters
through the gate and back here NOW, or I'll open fire on him when we come back
through."" Tara fumed.","He states we should come through now, immediately, before the probe is
reported late.""

""Harmon, inform that good for nothing son of a beta to get his hindquarters
through the gate and back here NOW, or I'll open fire on him when we come back
through."" Tara fumed.",tell,inform,95,99,says,states,3,7,-4.9375,-4.34375,-9.28125,-10.125,-8.625,-18.75,9.46875,-9.25,-8.625,-17.875,8.59375,3.9259440104166665,4.135638612689394,259.1123046875,272.9521484375,66,66,0.20969460227272707,-3.9259440104166665,-4.135638612689394,0.20969460227272707,[2028],[2296],[4151],[3054],[4151],[3054],"[""Ġtell""]","[""Ġsays""]","[""Ġinform""]","[""Ġstates""]","[""Ġinform""]","[""Ġstates""]"
961,swords,"I'm in love."" We both thought I
                    referred to the vista. 
            
            
                 It's strange how one can write delightedly of the happier moments of life,
                    forgetting the things that one would forget by remembering fully the things one
                    would remember, and suddenly the forgotten, in revenge, rears up to savage the
                    unwary.","I'm in love."" We both feel I
                    referred to the vista. 
            
            
                 It's unusual how one can write delightedly of the happier moments of life,
                    forgetting the things that one would forget by remembering fully the things one
                    would remember, and suddenly the forgotten, in revenge, rears up to savage the
                    unwary.",thought,feel,22,29,strange,unusual,124,131,-5.125,-6.3125,-11.4375,-6.25,-8.8125,-15.0625,3.625,-6.25,-8.875,-15.125,3.6875,3.967461308346519,4.147479479825949,313.429443359375,327.65087890625,79,79,0.18001817147943022,-3.967461308346519,-4.147479479825949,0.18001817147943022,[1869],[8921],[1928],[11555],[1928],[11555],"[""Ġthought""]","[""Ġstrange""]","[""Ġfeel""]","[""Ġunusual""]","[""Ġfeel""]","[""Ġunusual""]"
962,swords,"I demanded, squeezing his throat
                    until he began jerking his head madly at the sculpture. 
                 I stared at the naked Tasha. Most of his story I have pieced together since, but
                    I understood enough as I knelt on his chest with my hands tight on his fleshy
                    throat.","I demanded, squeezing his throat
                    until he started jerking his head madly at the sculpture. 
                 I focus at the naked Tasha. Most of his story I have pieced together since, but
                    I understood enough as I knelt on his chest with my hands tight on his fleshy
                    throat.",stared,focus,129,135,began,started,62,67,-5.71875,-4.15625,-9.875,-11.8125,-4.78125,-16.59375,6.71875,-11.5625,-4.84375,-16.40625,6.53125,3.900644103092934,4.032577400776877,261.34315490722656,270.1826858520508,67,67,0.13193329768394335,-3.900644103092934,-4.032577400776877,0.13193329768394335,[15014],[3407],[2770],[3053],[2770],[3053],"[""Ġstared""]","[""Ġbegan""]","[""Ġfocus""]","[""Ġstarted""]","[""Ġfocus""]","[""Ġstarted""]"
963,swords,"The White House said President Bush has approved duty-free treatment for imports of certain types of watches that aren't produced in ""significant quantities"" in the U.S., the Virgin Islands and other U.S. possessions.  

The action came in response to a petition filed by Timex Inc. for changes in the U.S. Generalized System of Preferences for imports from developing nations. Previously, watch imports were denied such duty-free treatment.","The White House stated President Bush has approved duty-free treatment for imports of certain types of watches that aren't produced in ""significant quantities"" in the U.S., the Virgin Islands and other U.S. possessions.  

The action originate in response to a petition filed by Timex Inc. for changes in the U.S. Generalized System of Preferences for imports from developing nations. Previously, watch imports were denied such duty-free treatment.",came,originate,232,236,said,stated,16,20,-4.15625,-2.703125,-6.859375,-17.375,-5.9375,-23.3125,16.453125,-16.75,-6.0,-22.75,15.890625,2.5215162871986307,2.7810103713825183,234.50101470947266,258.6339645385742,93,93,0.25949408418388753,-2.5215162871986307,-2.7810103713825183,0.25949408418388753,[2210],[753],[35282],[4767],[35282],[4767],"[""Ġcame""]","[""Ġsaid""]","[""Ġoriginate""]","[""Ġstated""]","[""Ġoriginate""]","[""Ġstated""]"
964,swords,"Tasha looked at me as if to say, ""I will.""
                    She said, ""I feel sorry for you, Nardo. I'll see Emil home.""","Tasha looked at me as if to say, ""I will.""
                    She stated, ""I feel sad for you, Nardo. I'll see Emil home.""",sorry,sad,81,86,said,stated,67,71,-4.8125,-3.640625,-8.453125,-6.3125,-7.75,-14.0625,5.609375,-6.59375,-7.75,-14.34375,5.890625,3.551283482142857,3.7816824776785714,124.294921875,132.35888671875,35,35,0.2303989955357144,-3.551283482142857,-3.7816824776785714,0.2303989955357144,[7016],[753],[8872],[4767],[8872],[4767],"[""Ġsorry""]","[""Ġsaid""]","[""Ġsad""]","[""Ġstated""]","[""Ġsad""]","[""Ġstated""]"
966,swords,"The White House said Mr. Bush decided to grant duty-free status for 18 categories, but turned down such treatment for other types of watches ""because of the potential for material injury to watch producers located in the U.S. and the Virgin Islands.""  

Timex is a major U.S. producer and seller of watches, including low-priced battery-operated watches assembled in the Philippines and other developing nations covered by the U.S. tariff preferences.  

U.S. trade officials said the Philippines and Thailand would be the main beneficiaries of the president's action.","The White House stated Mr. Bush decided to grant duty-free status for 18 categories, but turned down such treatment for other types of watches ""because of the potential for material injury to watch producers located in the U.S. and the Virgin Islands.""  

Timex is a major U.S. producer and vendor of watches, including low-priced battery-operated watches assembled in the Philippines and other developing nations covered by the U.S. tariff preferences.  

U.S. trade officials said the Philippines and Thailand would be the main beneficiaries of the president's action.",seller,vendor,289,295,said,stated,16,20,-5.15625,-2.671875,-7.828125,-8.25,-5.9375,-14.1875,6.359375,-8.125,-5.96875,-14.09375,6.265625,2.8367092549299993,2.933585126860803,337.5684013366699,349.09663009643555,119,119,0.09687587193080383,-2.8367092549299993,-2.933585126860803,0.09687587193080383,[24451],[753],[23906],[4767],[23906],[4767],"[""Ġseller""]","[""Ġsaid""]","[""Ġvendor""]","[""Ġstated""]","[""Ġvendor""]","[""Ġstated""]"
967,swords,"He held it out, and
                    with a delighted ""Oh!"" Tasha snatched it from him to rip away the paper. 
            
            
                 I stopped writing, and only the thought that I might miss the mindwipe kept me
                    from another spree.","He held it out, and
                    with a delighted ""Oh!"" Tasha take it from him to rip away the paper. 
            
            
                 I ended writing, and only the thought that I might miss the mindwipe kept me
                    from another spree.",snatched,take,69,77,stopped,ended,159,166,-5.09375,-6.96875,-12.0625,-12.1875,-8.9375,-21.125,9.0625,-12.125,-8.8125,-20.9375,8.875,3.917750767299107,4.169032505580357,219.39404296875,233.4658203125,56,56,0.25128173828124956,-3.917750767299107,-4.169032505580357,0.25128173828124956,[48134],[6331],[1379],[7402],[1379],[7402],"[""Ġsnatched""]","[""Ġstopped""]","[""Ġtake""]","[""Ġended""]","[""Ġtake""]","[""Ġended""]"
968,swords,"For a perfect moment,
                    Emil and Tasha and I were one entity, laughing until our lungs hurt. 
                 This is torture. I had not considered that I might not write to learn, but to
                    punish myself.","For a perfect instant,
                    Emil and Tasha and I were one entity, laughing until our lungs hurt. 
                 This is misery. I had not considered that I might not write to learn, but to
                    punish myself.",torture,misery,137,144,moment,instant,14,20,-10.125,-6.875,-17.0,-11.25,-8.6875,-19.9375,2.9375,-10.9375,-8.6875,-19.625,2.625,3.9526641222895407,4.077510911591199,193.6805419921875,199.79803466796875,49,49,0.12484678930165849,-3.9526641222895407,-4.077510911591199,0.12484678930165849,[21207],[2774],[33030],[8164],[33030],[8164],"[""Ġtorture""]","[""Ġmoment""]","[""Ġmisery""]","[""Ġinstant""]","[""Ġmisery""]","[""Ġinstant""]"
969,swords,"He laughed. ""My last piece was of four old Undersiders crouched around a trash
                    fire. Be glad someone didn't toss that to you.""","He laughed. ""My newest piece was of four old Undersiders crouched around a trash
                    fire. Be happy someone didn't toss that to you.""",last,newest,16,20,glad,happy,108,112,-5.53125,-5.0625,-10.59375,-9.4375,-6.78125,-16.21875,5.625,-9.4375,-7.125,-16.5625,5.96875,4.658336639404297,4.9789886474609375,149.0667724609375,159.32763671875,32,32,0.3206520080566406,-4.658336639404297,-4.9789886474609375,0.3206520080566406,[1390],[9995],[26101],[5211],[26101],[5211],"[""Ġlast""]","[""Ġglad""]","[""Ġnewest""]","[""Ġhappy""]","[""Ġnewest""]","[""Ġhappy""]"
970,swords,"The company also cited interest costs and amortization of goodwill as factors in the loss.  

A year earlier, net income was $2.1 million, or six cents a share, on revenue of $169.9 million.","The company likewise cited interest costs and amortization of goodwill as factors in the loss.  

A year earlier, net proceeds was $2.1 million, or six cents a share, on revenue of $169.9 million.",income,proceeds,114,120,also,likewise,12,16,-0.248046875,-2.921875,-3.169921875,-9.25,-8.125,-17.375,14.205078125,-9.3125,-8.1875,-17.5,14.330078125,2.2593047472895407,2.9526516661352042,110.7059326171875,144.679931640625,49,49,0.6933469188456636,-2.2593047472895407,-2.9526516661352042,0.6933469188456636,[6021],[671],[16947],[21223],[16947],[21223],"[""Ġincome""]","[""Ġalso""]","[""Ġproceeds""]","[""Ġlikewise""]","[""Ġproceeds""]","[""Ġlikewise""]"
971,swords,"""Why 'Frodo'?"" 
                 Tasha said, ""A little fellow with big, furry feet. What else could he be
                    called?""","""Why 'Frodo'?"" 
                 Tasha stated, ""A little person with big, furry feet. What else could he be
                    called?""",fellow,person,55,61,said,stated,39,43,-8.8125,-3.21875,-12.03125,-7.53125,-7.0625,-14.59375,2.5625,-7.375,-7.09375,-14.46875,2.4375,4.130950927734375,4.311805725097656,132.1904296875,137.977783203125,32,32,0.18085479736328125,-4.130950927734375,-4.311805725097656,0.18085479736328125,[7715],[753],[1436],[4767],[1436],[4767],"[""Ġfellow""]","[""Ġsaid""]","[""Ġperson""]","[""Ġstated""]","[""Ġperson""]","[""Ġstated""]"
972,swords,"But knowing this did not mean I wanted it. 
                 I said, ""Truthfully."" It was the statement of a younger and crueler man than I.","But knowing this did not mean I desired it. 
                 I claim, ""Truthfully."" It was the statement of a younger and crueler man than I.",said,claim,63,67,wanted,desired,32,38,-5.125,-4.0625,-9.1875,-11.375,-8.0,-19.375,10.1875,-10.4375,-8.0625,-18.5,9.3125,3.6029829545454546,3.9238873106060606,118.8984375,129.48828125,33,33,0.32090435606060597,-3.6029829545454546,-3.9238873106060606,0.32090435606060597,[753],[3078],[1750],[6799],[1750],[6799],"[""Ġsaid""]","[""Ġwanted""]","[""Ġclaim""]","[""Ġdesired""]","[""Ġclaim""]","[""Ġdesired""]"
975,swords,"The service -- which costs the caller from 30 cents to $25 a minute -- currently is dominated by celebrity chatter, horoscopes and romance lines. But more serious applications are in the wings, and that is where the future growth is expected.  

""I'm starting to see more business transactions,"" says Andrea West of American Telephone & Telegraph Co., noting growing interest in use of 900 service for stock sales, software tutorials and even service contracts.","The service -- which costs the caller from 30 cents to $25 a minute -- presently is dominated by celebrity chatter, horoscopes and romance lines. But more serious applications are in the wings, and that is where the forthcoming growth is expected.  

""I'm starting to see more business transactions,"" says Andrea West of American Telephone & Telegraph Co., noting growing interest in use of 900 service for stock sales, software tutorials and even service contracts.",future,forthcoming,216,222,currently,presently,71,80,-3.65625,-7.1875,-10.84375,-10.625,-11.75,-22.375,11.53125,-10.3125,-11.75,-22.0625,11.21875,3.8053355793376547,3.896046397450206,346.28553771972656,354.54022216796875,91,91,0.09071081811255155,-3.8053355793376547,-3.896046397450206,0.09071081811255155,[2852],[4390],[31196],[21654],[31196],[21654],"[""Ġfuture""]","[""Ġcurrently""]","[""Ġforthcoming""]","[""Ġpresently""]","[""Ġforthcoming""]","[""Ġpresently""]"
977,swords,"He spoke quickly, prepared to be
                    rejected. ""Would you permit me to do one of you? I would pay --""","He spoke rapidly, prepared to be
                    rejected. ""Would you allow me to do one of you? I would pay --""",permit,allow,74,80,quickly,rapidly,9,16,-5.84375,-6.78125,-12.625,-5.3125,-8.5,-13.8125,1.1875,-5.0,-8.5625,-13.5625,0.9375,4.142795138888889,4.1919126157407405,111.85546875,113.181640625,27,27,0.049117476851851194,-4.142795138888889,-4.1919126157407405,0.049117476851851194,[9659],[4541],[1581],[9086],[1581],[9086],"[""Ġpermit""]","[""Ġquickly""]","[""Ġallow""]","[""Ġrapidly""]","[""Ġallow""]","[""Ġrapidly""]"
979,swords,"Its cereal division realized higher operating profit on volume increases, but also spent more on promotion. The Continental Baking business benefited from higher margins on bread and on increased cake sales, it added.  

Ralston said its Eveready battery unit was hurt by continuing economic problems in South America.","Its cereal division recognized higher operating profit on volume increases, but also spent more on promotion. The Continental Baking business prosper from higher margins on bread and on increased cake sales, it added.  

Ralston said its Eveready battery unit was hurt by continuing economic problems in South America.",benefited,prosper,140,149,realized,recognized,20,28,-4.625,-9.9375,-14.5625,-14.25,-9.5625,-23.8125,9.25,-14.5,-9.5625,-24.0625,9.5,3.9461897510593222,4.248808262711864,232.8251953125,250.6796875,59,59,0.30261851165254194,-3.9461897510593222,-4.248808262711864,0.30261851165254194,[37081],[8156],[20464],[7478],[20464],[7478],"[""Ġbenefited""]","[""Ġrealized""]","[""Ġprosper""]","[""Ġrecognized""]","[""Ġprosper""]","[""Ġrecognized""]"
980,swords,"Reed International PLC said that net income for the six months ended Oct. 1 slipped 5% to #89.7 million ($141.9 million), or 16 pence a share, from #94.8 million ($149.9 million), or 17.3 pence a share.  

The British paper, packaging and publishing concern, said profit from continuing lines fell 10% to #118 million from #130.6 million.","Reed International PLC stated that net returns for the six months ended Oct. 1 slipped 5% to #89.7 million ($141.9 million), or 16 pence a share, from #94.8 million ($149.9 million), or 17.3 pence a share.  

The British paper, packaging and publishing concern, said profit from continuing lines fell 10% to #118 million from #130.6 million.",income,returns,37,43,said,stated,23,27,-2.09375,-4.25,-6.34375,-7.84375,-8.3125,-16.15625,9.8125,-7.46875,-8.25,-15.71875,9.375,2.5903298024381143,2.8006728954529496,230.5393524169922,249.2598876953125,89,89,0.21034309301483534,-2.5903298024381143,-2.8006728954529496,0.21034309301483534,[6021],[753],[6548],[4767],[6548],[4767],"[""Ġincome""]","[""Ġsaid""]","[""Ġreturns""]","[""Ġstated""]","[""Ġreturns""]","[""Ġstated""]"
982,swords,"DD Acquisition has launched a suit in a Delaware court seeking the withdrawal of Dunkin's poison pill rights and employee stock ownership plans, which it claims were put in place to deter bidders.  

DD Acquisition said 2.2 million shares, or about 38.","DD Acquisition has launched a suit in a Delaware court trying the withdrawal of Dunkin's poison pill rights and employee stock ownership plans, which it claims were put in place to deter bidders.  

DD Acquisition declare 2.2 million shares, or about 38.",said,declare,215,219,seeking,trying,55,62,-3.65625,-3.28125,-6.9375,-14.0625,-7.40625,-21.46875,14.53125,-13.75,-7.46875,-21.21875,14.28125,3.33218276709841,3.7588749935752466,189.93441772460938,214.25587463378906,57,57,0.42669222647683647,-3.33218276709841,-3.7588749935752466,0.42669222647683647,[753],[8445],[11165],[2820],[11165],[2820],"[""Ġsaid""]","[""Ġseeking""]","[""Ġdeclare""]","[""Ġtrying""]","[""Ġdeclare""]","[""Ġtrying""]"
984,swords,"Don't let
fatigue get to you.

She used the discretion of the mirrored window to secretively survey her crew.
Harmon was an excellent addition to the bridge team, but was she open minded
enough to defy United Earth Command and sever all ties from Earth?","Don't let
fatigue get to you.

She employed the discretion of the mirrored window to secretively check her crew.
Harmon was an excellent addition to the bridge team, but was she open minded
enough to defy United Earth Command and sever all ties from Earth?",survey,check,93,99,used,employed,35,39,-6.46875,-6.78125,-13.25,-4.4375,-11.1875,-15.625,2.375,-5.0,-11.1875,-16.1875,2.9375,3.846809895833333,4.047184244791667,230.80859375,242.8310546875,60,60,0.2003743489583334,-3.846809895833333,-4.047184244791667,0.2003743489583334,[6630],[908],[2451],[7091],[2451],[7091],"[""Ġsurvey""]","[""Ġused""]","[""Ġcheck""]","[""Ġemployed""]","[""Ġcheck""]","[""Ġemployed""]"
985,swords,"She studied me as a suspicious puppy might, then said, ""I'm sorry, too."" 
                 ""I suppose I sound like I'm bragging when I talk of the things I'm tired of."" 
                 ""Only because you are.""","She studied me as a suspicious puppy might, then stated, ""I'm sorry, too."" 
                 ""I figure I sound like I'm bragging when I talk of the things I'm tired of."" 
                 ""Only because you are.""",suppose,figure,94,101,said,stated,49,53,-5.3125,-4.34375,-9.65625,-9.4375,-9.0,-18.4375,8.78125,-9.0625,-9.0,-18.0625,8.40625,3.5287039620535716,3.786755620216837,172.906494140625,185.551025390625,49,49,0.25805165816326525,-3.5287039620535716,-3.786755620216837,0.25805165816326525,[9428],[753],[4677],[4767],[4677],[4767],"[""Ġsuppose""]","[""Ġsaid""]","[""Ġfigure""]","[""Ġstated""]","[""Ġfigure""]","[""Ġstated""]"
987,swords,"At Christie's, a folio of 21 prints from Alfred Stieglitz's ""Equivalents"" series sold for $396,000, a single-lot record. Other works also have been exceeding price estimates. In part, prices reflect development of a market structure based on such variables as the number of prints.","At Christie's, a folio of 21 prints from Alfred Stieglitz's ""Equivalents"" series sold for $396,000, a single-lot record. Other item likewise have been exceeding price estimates. In part, prices reflect development of a market structure based on such variables as the number of prints.",works,item,127,132,also,likewise,133,137,-1.9921875,-5.84375,-7.8359375,-11.3125,-11.5,-22.8125,14.9765625,-11.3125,-13.0,-24.3125,16.4765625,3.3110971450805664,3.611495018005371,211.91021728515625,231.13568115234375,64,64,0.3003978729248047,-3.3110971450805664,-3.611495018005371,0.3003978729248047,[2987],[671],[5382],[21223],[5382],[21223],"[""Ġworks""]","[""Ġalso""]","[""Ġitem""]","[""Ġlikewise""]","[""Ġitem""]","[""Ġlikewise""]"
988,swords,"DD Acquisition has launched a suit in a Delaware court seeking the withdrawal of Dunkin's poison pill rights and employee stock ownership plans, which it claims were put in place to deter bidders.  

DD Acquisition said 2.2 million shares, or about 38.","DD Acquisition has launched a suit in a Delaware court trying the withdrawal of Dunkin's poison pill rights and employee stock ownership plans, which it claims were put in place to deter bidders.  

DD Acquisition tell 2.2 million shares, or about 38.",said,tell,215,219,seeking,trying,55,62,-3.65625,-3.28125,-6.9375,-13.125,-7.40625,-20.53125,13.59375,-12.8125,-7.46875,-20.28125,13.34375,3.33218276709841,3.89189308568051,189.93441772460938,221.83790588378906,57,57,0.5597103185820997,-3.33218276709841,-3.89189308568051,0.5597103185820997,[753],[8445],[2028],[2820],[2028],[2820],"[""Ġsaid""]","[""Ġseeking""]","[""Ġtell""]","[""Ġtrying""]","[""Ġtell""]","[""Ġtrying""]"
989,swords,"""Has she said as much about me?"" 
                 ""She thinks you are a genius. Do come in.""","""Has she stated as much about me?"" 
                 ""She assume you are a genius. Do come in.""",thinks,assume,56,62,said,stated,9,13,-5.1875,-4.625,-9.8125,-14.0,-8.3125,-22.3125,12.5,-13.625,-8.375,-22.0,12.1875,4.1848366477272725,5.144886363636363,92.06640625,113.1875,22,22,0.9600497159090908,-4.1848366477272725,-5.144886363636363,0.9600497159090908,[11121],[753],[5467],[4767],[5467],[4767],"[""Ġthinks""]","[""Ġsaid""]","[""Ġassume""]","[""Ġstated""]","[""Ġassume""]","[""Ġstated""]"
990,swords,"Neither they nor Mr. McAlpine could be reached for comment.  

Magna said Mr. McAlpine resigned to pursue a consulting career, with Magna as one of his clients.","Neither they nor Mr. McAlpine could be reached for comment.  

Magna stated Mr. McAlpine resigned to follow a consulting career, with Magna as one of his clients.",pursue,follow,99,105,said,stated,69,73,-3.21875,-3.59375,-6.8125,-7.53125,-7.96875,-15.5,8.6875,-7.5625,-7.96875,-15.53125,8.71875,2.8336873054504395,3.2219295501708984,113.34749221801758,128.87718200683594,40,40,0.388242244720459,-2.8336873054504395,-3.2219295501708984,0.388242244720459,[15142],[753],[956],[4767],[956],[4767],"[""Ġpursue""]","[""Ġsaid""]","[""Ġfollow""]","[""Ġstated""]","[""Ġfollow""]","[""Ġstated""]"
991,swords,"Tasha looked at me as if to say, ""I will.""
                    She said, ""I feel sorry for you, Nardo. I'll see Emil home.""","Tasha looked at me as if to say, ""I will.""
                    She stated, ""I feel bad for you, Nardo. I'll see Emil home.""",sorry,bad,81,86,said,stated,67,71,-4.8125,-3.640625,-8.453125,-4.25,-7.75,-12.0,3.546875,-4.40625,-7.75,-12.15625,3.703125,3.551283482142857,3.72666015625,124.294921875,130.43310546875,35,35,0.17537667410714297,-3.551283482142857,-3.72666015625,0.17537667410714297,[7016],[753],[3076],[4767],[3076],[4767],"[""Ġsorry""]","[""Ġsaid""]","[""Ġbad""]","[""Ġstated""]","[""Ġbad""]","[""Ġstated""]"
992,swords,"He added, ""This has nothing to do with Marty Ackerman and it is not designed, particularly, to take the company private.""  

But Mr. Ackerman said the buy-back, and the above-market price paid, prove that Mr. Edelman is running scared.","He added, ""This has nothing to do with Marty Ackerman and it is not designed, especially, to take the company private.""  

But Mr. Ackerman said the buy-back, and the above-market price paid, show that Mr. Edelman is running scared.",prove,show,194,199,particularly,especially,78,90,-7.4375,-8.3125,-15.75,-5.3125,-7.25,-12.5625,-3.1875,-5.34375,-7.34375,-12.6875,-3.0625,3.3916361490885416,3.3716171264648436,203.4981689453125,202.29702758789062,60,60,-0.020019022623698035,-3.3916361490885416,-3.3716171264648436,-0.020019022623698035,[5276],[3782],[921],[3340],[921],[3340],"[""Ġprove""]","[""Ġparticularly""]","[""Ġshow""]","[""Ġespecially""]","[""Ġshow""]","[""Ġespecially""]"
993,swords,"""I'm glad you came after dark."" 
                 Tasha, by accident or design, had found an innocently erotic posture on the
                    couch, where she lay with a book of M'duvian prints. ""Emil!""","""I'm happy you came after dark."" 
                 Tasha, by accident or design, had found an innocently stimulating posture on the
                    couch, where she lay with a book of M'duvian prints. ""Emil!""",erotic,stimulating,104,110,glad,happy,5,9,-6.53125,-4.0,-10.53125,-9.4375,-4.5,-13.9375,3.40625,-9.375,-4.5,-13.875,3.34375,4.591458067602041,4.787303691007653,224.9814453125,234.577880859375,49,49,0.19584562340561273,-4.591458067602041,-4.787303691007653,0.19584562340561273,[45810],[9995],[28502],[5211],[28502],[5211],"[""Ġerotic""]","[""Ġglad""]","[""Ġstimulating""]","[""Ġhappy""]","[""Ġstimulating""]","[""Ġhappy""]"
994,swords,"The Kearny, N.J.-based maker of hair accessories and other cosmetic products said it cut the dividend due to its third-quarter loss of $992,000, or 15 cents a share. In the year-ago quarter, the company reported net income of $1.9 million, or 29 cents a share. The company also adopted an anti-takeover plan.","The Kearny, N.J.-based maker of hair accessories and other decorative products said it cut the dividend due to its third-quarter loss of $992,000, or 15 cents a share. In the year-ago quarter, the company reported net earning of $1.9 million, or 29 cents a share. The company also adopted an anti-takeover plan.",income,earning,216,222,cosmetic,decorative,59,67,-0.12890625,-5.8125,-5.94140625,-10.8125,-4.53125,-15.34375,9.40234375,-11.0,-4.5625,-15.5625,9.62109375,2.0257974599863027,2.166100638253348,155.9864044189453,166.7897491455078,77,77,0.14030317826704541,-2.0257974599863027,-2.166100638253348,0.14030317826704541,[6021],[35361],[22915],[38323],[22915],[38323],"[""Ġincome""]","[""Ġcosmetic""]","[""Ġearning""]","[""Ġdecorative""]","[""Ġearning""]","[""Ġdecorative""]"
995,swords,"And the tiniest chance of
                    all: she would blink as if I had just materialized in Emil's bedroom, and then
                    she would laugh and tell me that she was going to be immortal. 
                 As I put my hand on the impervious surface of Tasha's stopbox, I heard Malaquez
                    run for the door. 
                 It is strange to know that we can do acts of unrepayable kindness to those we
                    should hate.","And the tiniest chance of
                    all: she would wink as if I had just materialized in Emil's bedroom, and then
                    she would laugh and tell me that she was going to be immortal. 
                 As I put my hand on the impervious surface of Tasha's stopbox, I heard Malaquez
                    spring for the door. 
                 It is strange to know that we can do acts of unrepayable kindness to those we
                    should hate.",run,spring,326,329,blink,wink,61,66,-8.375,-9.25,-17.625,-9.375,-9.375,-18.75,1.125,-9.25,-9.375,-18.625,1.0,3.585503455435876,3.5992550991549352,362.13584899902344,363.52476501464844,101,101,0.013751643719059459,-3.585503455435876,-3.5992550991549352,0.013751643719059459,[6321],[25924],[10167],[42790],[10167],[42790],"[""run""]","[""Ġblink""]","[""spring""]","[""Ġwink""]","[""spring""]","[""Ġwink""]"
996,swords,"El Espectador has been a special target because of the extraordinary courage of its publisher and his staff.
At Monterrey, publisher Luis Gabriel Cano, although shaken by the murders, issued a statement saying: ""We will not cease our fight against drug trafficking.
They want to terrify the press and in particular El Espectador because it has always been a torchbearer in this war.""","El Espectador has been a special objective because of the extraordinary courage of its publisher and his staff.
At Monterrey, publisher Luis Gabriel Cano, although shaken by the murders, issued a statement saying: ""We will not halt our fight against drug trafficking.
They want to terrify the press and in particular El Espectador because it has always been a torchbearer in this war.""",cease,halt,224,229,target,objective,33,39,-4.90625,-7.0,-11.90625,-7.78125,-9.375,-17.15625,5.25,-7.75,-9.375,-17.125,5.21875,3.0753278732299805,3.1843261020939524,252.1768856048584,261.1147403717041,82,82,0.10899822886397192,-3.0753278732299805,-3.1843261020939524,0.10899822886397192,[22907],[2303],[19086],[8103],[19086],[8103],"[""Ġcease""]","[""Ġtarget""]","[""Ġhalt""]","[""Ġobjective""]","[""Ġhalt""]","[""Ġobjective""]"
997,swords,"Malaquez glanced away, embarrassed. Tasha looked at me as if to say, ""I will.""
                    She said, ""I feel sorry for you, Nardo.","Malaquez glanced away, embarrassed. Tasha looked at me as if to suggest, ""I will.""
                    She stated, ""I feel sorry for you, Nardo.",say,suggest,64,67,said,stated,103,107,-0.53125,-3.546875,-4.078125,-5.28125,-8.4375,-13.71875,9.640625,-5.28125,-8.625,-13.90625,9.828125,3.852878146701389,4.217095269097222,138.70361328125,151.8154296875,36,36,0.3642171223958335,-3.852878146701389,-4.217095269097222,0.3642171223958335,[1333],[753],[1804],[4767],[1804],[4767],"[""Ġsay""]","[""Ġsaid""]","[""Ġsuggest""]","[""Ġstated""]","[""Ġsuggest""]","[""Ġstated""]"
998,swords,"I might, however, rent it."" 
                 I think she only heard the last words of my speech. ""You will?""","I might, however, rent it."" 
                 I believe she only heard the last words of my talk. ""You will?""",speech,talk,90,96,think,believe,48,53,-3.453125,-4.125,-7.578125,-6.625,-6.625,-13.25,5.671875,-6.6875,-6.5625,-13.25,5.671875,4.224384765625,4.455634765625,105.609619140625,111.390869140625,25,25,0.2312499999999993,-4.224384765625,-4.455634765625,0.2312499999999993,[6519],[1158],[2312],[2868],[2312],[2868],"[""Ġspeech""]","[""Ġthink""]","[""Ġtalk""]","[""Ġbelieve""]","[""Ġtalk""]","[""Ġbelieve""]"
1000,swords,"""Thank you."" Stepping into the living room, he said, ""A beautiful house."" 
                 ""I'm glad you came after dark.""","""Thank you."" Stepping into the living room, he stated, ""A beautiful home."" 
                 ""I'm glad you came after dark.""",house,home,66,71,said,stated,47,51,-2.84375,-4.0625,-6.90625,-2.484375,-8.25,-10.734375,3.828125,-2.5,-8.1875,-10.6875,3.78125,3.4966325431034484,3.6265658674568964,101.40234375,105.17041015625,29,29,0.12993332435344795,-3.4966325431034484,-3.6265658674568964,0.12993332435344795,[2419],[753],[1728],[4767],[1728],[4767],"[""Ġhouse""]","[""Ġsaid""]","[""Ġhome""]","[""Ġstated""]","[""Ġhome""]","[""Ġstated""]"
1001,swords,"She watched
the psi bob her head, unaware of the rest of the bridge, shaking blonde curls as
she chattered away with the approaching psi relay on Mason's ship. She seemed so
depthless - self conscious and shallow on the outside, but having that
incredible gift. There had to be more to her.","She observed
the psi bob her head, unaware of the rest of the bridge, shaking blonde curls as
she chattered away with the approaching psi relay on Mason's ship. She seemed so
depthless - self conscious and empty on the outside, but having that
incredible gift. There had to be more to her.",shallow,empty,205,212,watched,observed,4,11,-5.71875,-7.84375,-13.5625,-5.40625,-9.75,-15.15625,1.59375,-5.625,-9.75,-15.375,1.8125,4.027890450613839,4.201719447544643,281.95233154296875,294.120361328125,70,70,0.173828996930804,-4.027890450613839,-4.201719447544643,0.173828996930804,[20126],[9047],[6325],[2540],[6325],[2540],"[""Ġshallow""]","[""Ġwatched""]","[""Ġempty""]","[""Ġobserved""]","[""Ġempty""]","[""Ġobserved""]"
1002,swords,"she suppressed the surge of annoyance that ran through her as
she contemplated the psi's gift of getting all the hot news first.

Harmon's face slowly animated - joy sweeping in to replace stern concentration.
""Tarrin says the planet's a freaking gemstone!","she repressed the surge of annoyance that ran through her as
she contemplated the psi's gift of getting all the hot news first.

Harmon's face slowly animated - cheer sweeping in to replace stern concentration.
""Tarrin says the planet's a freaking gemstone!",joy,cheer,162,165,suppressed,repressed,4,14,-8.1875,-12.8125,-21.0,-10.25,-14.6875,-24.9375,3.9375,-10.25,-14.8125,-25.0625,4.0625,4.4964744438559325,4.646393339512712,265.2919921875,274.13720703125,59,59,0.1499188956567794,-4.4964744438559325,-4.646393339512712,0.1499188956567794,[11010],[16013],[17639],[47960],[17639],[47960],"[""Ġjoy""]","[""Ġsuppressed""]","[""Ġcheer""]","[""Ġrepressed""]","[""Ġcheer""]","[""Ġrepressed""]"
1004,swords,"Reed International PLC said that net income for the six months ended Oct. 1 slipped 5% to #89.7 million ($141.9 million), or 16 pence a share, from #94.8 million ($149.9 million), or 17.3 pence a share.  

The British paper, packaging and publishing concern, said profit from continuing lines fell 10% to #118 million from #130.6 million.","Reed International PLC stated that net gains for the six months ended Oct. 1 slipped 5% to #89.7 million ($141.9 million), or 16 pence a share, from #94.8 million ($149.9 million), or 17.3 pence a share.  

The British paper, packaging and publishing concern, said profit from continuing lines fell 10% to #118 million from #130.6 million.",income,gains,37,43,said,stated,23,27,-2.09375,-4.25,-6.34375,-6.53125,-8.3125,-14.84375,8.5,-6.40625,-8.25,-14.65625,8.3125,2.5903298024381143,2.788505639922753,230.5393524169922,248.177001953125,89,89,0.19817583748463852,-2.5903298024381143,-2.788505639922753,0.19817583748463852,[6021],[753],[15988],[4767],[15988],[4767],"[""Ġincome""]","[""Ġsaid""]","[""Ġgains""]","[""Ġstated""]","[""Ġgains""]","[""Ġstated""]"
1005,swords,"Even The Terran Times has only praise for his work.
                    To compare his pieces to those of others is to compare mannequins to living
                    models. He accents the illusion of reality --I paraphrase his entry in La
                    Enciclopedia Humanica --by doing life-size scenes in ""the full round,"" never the
                    easier frontal or three-quarters view.","Even The Terran Times has just praise for his work.
                    To compare his artwork to those of others is to compare mannequins to living
                    models. He accents the illusion of reality --I paraphrase his entry in La
                    Enciclopedia Humanica --by doing life-size scenes in ""the full round,"" never the
                    easier frontal or three-quarters view.",pieces,artwork,87,93,only,just,26,30,-8.5625,-6.125,-14.6875,-8.0,-4.28125,-12.28125,-2.40625,-7.4375,-4.3125,-11.75,-2.9375,3.965024857293992,4.018698828560965,333.0620880126953,337.5707015991211,84,84,0.053673971266973375,-3.965024857293992,-4.018698828560965,0.053673971266973375,[7437],[760],[28227],[816],[28227],[816],"[""Ġpieces""]","[""Ġonly""]","[""Ġartwork""]","[""Ġjust""]","[""Ġartwork""]","[""Ġjust""]"
1006,swords,"-- occupied The Flamingo. 
                 I do not plan to write a book: this narrative must move more quickly. Tasha and
                    I became lovers that evening, after a good dinner of paella at her apartment.","-- occupied The Flamingo. 
                 I do not plan to compose a book: this narrative must advance more quickly. Tasha and
                    I became lovers that evening, after a good dinner of paella at her apartment.",move,advance,95,99,write,compose,61,66,-7.375,-4.125,-11.5,-9.75,-8.9375,-18.6875,7.1875,-9.6875,-8.9375,-18.625,7.125,4.399966032608695,4.657799762228261,202.3984375,214.2587890625,46,46,0.2578337296195654,-4.399966032608695,-4.657799762228261,0.2578337296195654,[2118],[3630],[7170],[38530],[7170],[38530],"[""Ġmove""]","[""Ġwrite""]","[""Ġadvance""]","[""Ġcompose""]","[""Ġadvance""]","[""Ġcompose""]"
1008,swords,"Tiny Tots Inc., Campbell, Calif., says business is up 35% in the past year. ""We're gaining 1,200 new customers each week,"" says Jack Mogavero of General Health Care Corp., Piscataway, N.J. In Syracuse, N.Y., DyDee Service's new marketing push stresses environmental awareness. Among its new customers: day-care centers that previously spurned the service.","Tiny Tots Inc., Campbell, Calif., states business is up 35% in the past year. ""We're gaining 1,200 new customers each week,"" says Jack Mogavero of General Health Care Corp., Piscataway, N.J. In Syracuse, N.Y., DyDee Service's new marketing thrust stresses environmental awareness. Among its new customers: day-care centers that previously spurned the service.",push,thrust,238,242,says,states,34,38,-5.65625,-5.0625,-10.71875,-8.6875,-8.625,-17.3125,6.59375,-8.5,-8.625,-17.125,6.40625,3.2462633540121355,3.3726494606961026,288.9174385070801,300.1658020019531,89,89,0.1263861066839671,-3.2462633540121355,-3.3726494606961026,0.1263861066839671,[7450],[2296],[19031],[3054],[19031],[3054],"[""Ġpush""]","[""Ġsays""]","[""Ġthrust""]","[""Ġstates""]","[""Ġthrust""]","[""Ġstates""]"
1010,swords,"""Oh."" 
                 ""The critics liked it."" 
                 ""I'm glad.""","""Oh."" 
                 ""The critics enjoy it."" 
                 ""I'm happy.""",liked,enjoy,37,42,glad,happy,71,75,-5.15625,-2.21875,-7.375,-8.75,-4.59375,-13.34375,5.96875,-8.75,-4.59375,-13.34375,5.96875,3.718405330882353,4.189912683823529,63.212890625,71.228515625,17,17,0.4715073529411762,-3.718405330882353,-4.189912683823529,0.4715073529411762,[10490],[9995],[4264],[5211],[4264],[5211],"[""Ġliked""]","[""Ġglad""]","[""Ġenjoy""]","[""Ġhappy""]","[""Ġenjoy""]","[""Ġhappy""]"
1012,swords,"Many will use a common editorial.
A final statement yesterday said: ""While some advances are being made in nations throughout the hemisphere, the state of press freedom in the Americas still must be regarded as grim as long as journalists and their families are subject to the crudest form of censorship: death by assassination.""

The report charged that Panama's Manuel Noriega is not only in league with the drug traffickers but also is bullying the press as never before.","Many will use a common editorial.
A last comment yesterday said: ""While some advances are being made in nations throughout the hemisphere, the state of press freedom in the Americas still must be regarded as grim as long as journalists and their families are subject to the crudest form of censorship: death by assassination.""

The report charged that Panama's Manuel Noriega is not only in league with the drug traffickers but also is bullying the press as never before.",statement,comment,42,51,final,last,36,41,-6.6875,-6.65625,-13.34375,-5.375,-7.625,-13.0,-0.34375,-5.75,-7.59375,-13.34375,0.0,3.3588690047568464,3.377775050224142,315.73368644714355,317.51085472106934,94,94,0.018906045467295574,-3.3588690047568464,-3.377775050224142,0.018906045467295574,[3908],[2457],[4385],[1390],[4385],[1390],"[""Ġstatement""]","[""Ġfinal""]","[""Ġcomment""]","[""Ġlast""]","[""Ġcomment""]","[""Ġlast""]"
1013,swords,"Somehow, Tasha and I began
                    to argue the worth of Solevgrad jazz, as inconsequential a topic as I can
                    imagine. She had studied it in school, so she thought herself as an expert. I
                    once had a neighbor who played it constantly, loudly, and badly, so I thought I
                    knew it better.","Somehow, Tasha and I started
                    to argue the worth of Solevgrad jazz, as inconsequential a topic as I can
                    imagine. She had examine it in school, so she thought herself as an expert. I
                    once had a neighbor who played it constantly, loudly, and badly, so I thought I
                    knew it better.",studied,examine,158,165,began,started,21,26,-5.46875,-6.65625,-12.125,-16.125,-6.125,-22.25,10.125,-16.5,-6.09375,-22.59375,10.46875,3.406711227015445,3.5967268692819694,258.9100532531738,273.3512420654297,76,76,0.19001564226652423,-3.406711227015445,-3.5967268692819694,0.19001564226652423,[5421],[3407],[9186],[3053],[9186],[3053],"[""Ġstudied""]","[""Ġbegan""]","[""Ġexamine""]","[""Ġstarted""]","[""Ġexamine""]","[""Ġstarted""]"
1014,swords,"For the year ended Sept. 30, Ralston earned $422.5 million, or $6.44 a share, up 8.9% from $387.8 million, or $5.63 a share. This year's results included a gain of $70.2 million on the disposal of seafood operations. Sales for the full year were $6.6 billion, up 13% from $5.8 billion.","For the year finished Sept. 30, Ralston earned $422.5 million, or $6.44 a share, up 8.9% from $387.8 million, or $5.63 a share. This year's results included a gain of $70.2 million on the removal of seafood operations. Sales for the full year were $6.6 billion, up 13% from $5.8 billion.",disposal,removal,185,193,ended,finished,13,18,-4.4375,-2.9375,-7.375,-11.0,-8.5625,-19.5625,12.1875,-10.875,-8.5625,-19.4375,12.0625,1.8331882871430496,2.089763597510327,159.4873809814453,181.80943298339844,87,87,0.25657531036727743,-1.8331882871430496,-2.089763597510327,0.25657531036727743,[23585],[7402],[8570],[6699],[8570],[6699],"[""Ġdisposal""]","[""Ġended""]","[""Ġremoval""]","[""Ġfinished""]","[""Ġremoval""]","[""Ġfinished""]"
1016,swords,"So, I think, did she. The subject shifted from music to Tasha's obsession with
                    fame, undoubtedly by a leap that I made. She had no choice but to follow.","So, I believe, did she. The subject shifted from music to Tasha's attraction with
                    fame, undoubtedly by a leap that I made. She had no choice but to follow.",obsession,attraction,64,73,think,believe,6,11,-7.03125,-3.578125,-10.609375,-8.125,-5.9375,-14.0625,3.453125,-8.0625,-5.96875,-14.03125,3.421875,4.448717948717949,4.74043469551282,173.5,184.876953125,39,39,0.29171674679487136,-4.448717948717949,-4.74043469551282,0.29171674679487136,[37238],[1158],[21779],[2868],[21779],[2868],"[""Ġobsession""]","[""Ġthink""]","[""Ġattraction""]","[""Ġbelieve""]","[""Ġattraction""]","[""Ġbelieve""]"
1018,swords,"He held it out, and
                    with a delighted ""Oh!"" Tasha snatched it from him to rip away the paper. 
            
            
                 I stopped writing, and only the thought that I might miss the mindwipe kept me
                    from another spree.","He held it out, and
                    with a delighted ""Oh!"" Tasha grab it from him to rip away the paper. 
            
            
                 I ended writing, and only the thought that I might miss the mindwipe kept me
                    from another spree.",snatched,grab,69,77,stopped,ended,159,166,-5.09375,-6.96875,-12.0625,-13.4375,-8.9375,-22.375,10.3125,-13.4375,-8.375,-21.8125,9.75,3.917750767299107,4.218000139508929,219.39404296875,236.2080078125,56,56,0.3002493722098216,-3.917750767299107,-4.218000139508929,0.3002493722098216,[48134],[6331],[10013],[7402],[10013],[7402],"[""Ġsnatched""]","[""Ġstopped""]","[""Ġgrab""]","[""Ġended""]","[""Ġgrab""]","[""Ġended""]"
1019,swords,"Valley Federal also added $18 million to realestate loan reserves and eliminated $9.9 million of good will.  

The thrift said that ""after these charges and assuming no dramatic fluctuation in interest rates, the association expects to achieve near record earnings in 1990.""  

Valley Federal is currently being examined by regulators.","Valley Federal likewise added $18 million to realestate loan reserves and eliminated $9.9 million of good will.  

The thrift said that ""after these charges and presume no dramatic fluctuation in interest rates, the association expects to achieve near record earnings in 1990.""  

Valley Federal is currently being examined by regulators.",assuming,presume,157,165,also,likewise,15,19,-8.1875,-7.25,-15.4375,-18.375,-12.5625,-30.9375,15.5,-18.375,-12.5,-30.875,15.4375,3.6610607202502266,3.9251956663269927,252.61318969726562,270.8385009765625,69,69,0.26413494607676613,-3.6610607202502266,-3.9251956663269927,0.26413494607676613,[7384],[671],[35533],[21223],[35533],[21223],"[""Ġassuming""]","[""Ġalso""]","[""Ġpresume""]","[""Ġlikewise""]","[""Ġpresume""]","[""Ġlikewise""]"
1020,swords,"The service -- which costs the caller from 30 cents to $25 a minute -- currently is dominated by celebrity chatter, horoscopes and romance lines. But more serious applications are in the wings, and that is where the future growth is expected.  

""I'm starting to see more business transactions,"" says Andrea West of American Telephone & Telegraph Co., noting growing interest in use of 900 service for stock sales, software tutorials and even service contracts.","The service -- which costs the caller from 30 cents to $25 a minute -- presently is dominated by celebrity chatter, horoscopes and romance lines. But more serious applications are in the wings, and that is where the continued growth is expected.  

""I'm starting to see more business transactions,"" says Andrea West of American Telephone & Telegraph Co., noting growing interest in use of 900 service for stock sales, software tutorials and even service contracts.",future,continued,216,222,currently,presently,71,80,-3.65625,-7.1875,-10.84375,-9.25,-11.75,-21.0,10.15625,-9.25,-11.75,-21.0,10.15625,3.8053355793376547,3.814455137148008,346.28553771972656,347.11541748046875,91,91,0.009119557810353562,-3.8053355793376547,-3.814455137148008,0.009119557810353562,[2852],[4390],[4821],[21654],[4821],[21654],"[""Ġfuture""]","[""Ġcurrently""]","[""Ġcontinued""]","[""Ġpresently""]","[""Ġcontinued""]","[""Ġpresently""]"
1023,swords,"But knowing this did not mean I wanted it. 
                 I said, ""Truthfully."" It was the statement of a younger and crueler man than I.","But knowing this did not mean I desired it. 
                 I speak, ""Truthfully."" It was the statement of a younger and crueler man than I.",said,speak,63,67,wanted,desired,32,38,-5.125,-4.0625,-9.1875,-10.1875,-8.0,-18.1875,9.0,-9.3125,-8.0625,-17.375,8.1875,3.6029829545454546,3.963660037878788,118.8984375,130.80078125,33,33,0.3606770833333335,-3.6029829545454546,-3.963660037878788,0.3606770833333335,[753],[3078],[3984],[6799],[3984],[6799],"[""Ġsaid""]","[""Ġwanted""]","[""Ġspeak""]","[""Ġdesired""]","[""Ġspeak""]","[""Ġdesired""]"
1024,swords,"He added, ""This has nothing to do with Marty Ackerman and it is not designed, particularly, to take the company private.""  

But Mr. Ackerman said the buy-back, and the above-market price paid, prove that Mr. Edelman is running scared.","He added, ""This has nothing to do with Marty Ackerman and it is not designed, especially, to take the company private.""  

But Mr. Ackerman said the buy-back, and the above-market price paid, validate that Mr. Edelman is running scared.",prove,validate,194,199,particularly,especially,78,90,-7.4375,-8.3125,-15.75,-9.3125,-7.25,-16.5625,0.8125,-9.25,-7.34375,-16.59375,0.84375,3.3916361490885416,3.5421824137369793,203.4981689453125,212.53094482421875,60,60,0.15054626464843768,-3.3916361490885416,-3.5421824137369793,0.15054626464843768,[5276],[3782],[17813],[3340],[17813],[3340],"[""Ġprove""]","[""Ġparticularly""]","[""Ġvalidate""]","[""Ġespecially""]","[""Ġvalidate""]","[""Ġespecially""]"
1025,swords,"But much contemporary work is also fetching ""a great deal of money,"" says Miles Barth of the International Center of Photography.  

DIALING 900 brings callers a growing number of services.  

Currently a $300 million-a-year business, 900 telephone service is expected to hit $500 million next year and near $2 billion by 1992 as uses for the service continue to expand, says Joel Gross of Donaldson, Lufkin & Jenrette Inc.","But much contemporary work is likewise fetching ""a great deal of money,"" says Miles Barth of the International Center of Photography.  

DIALING 900 brings callers a growing amount of services.  

Currently a $300 million-a-year business, 900 telephone service is expected to hit $500 million next year and near $2 billion by 1992 as uses for the service continue to expand, says Joel Gross of Donaldson, Lufkin & Jenrette Inc.",number,amount,170,176,also,likewise,30,34,-1.5,-3.640625,-5.140625,-5.125,-6.8125,-11.9375,6.796875,-4.96875,-6.78125,-11.75,6.609375,3.3016070175170897,3.348910903930664,330.160701751709,334.8910903930664,100,100,0.047303886413574414,-3.3016070175170897,-3.348910903930664,0.047303886413574414,[1180],[671],[2408],[21223],[2408],[21223],"[""Ġnumber""]","[""Ġalso""]","[""Ġamount""]","[""Ġlikewise""]","[""Ġamount""]","[""Ġlikewise""]"
1026,swords,"My last show --"" 
                 "" --was glorious!"" Tasha said.","My last display --"" 
                 "" --was wonderful!"" Tasha said.",glorious,wonderful,43,51,show,display,8,12,-9.75,-6.15625,-15.90625,-6.78125,-10.375,-17.15625,1.25,-8.75,-10.375,-19.125,3.21875,6.065104166666667,6.577083333333333,90.9765625,98.65625,15,15,0.5119791666666664,-6.065104166666667,-6.577083333333333,0.5119791666666664,[28548],[921],[9386],[3148],[9386],[3148],"[""Ġglorious""]","[""Ġshow""]","[""Ġwonderful""]","[""Ġdisplay""]","[""Ġwonderful""]","[""Ġdisplay""]"
1028,swords,"I
                    merely said, ""Is Tasha here?"" 
                 He pursed his lips slightly, then nodded. ""Yes.""","I
                    merely stated, ""Is Tasha here?"" 
                 He pursed his lips somewhat, then nodded. ""Yes.""",slightly,somewhat,89,97,said,stated,29,33,-4.90625,-6.0625,-10.96875,-8.1875,-6.59375,-14.78125,3.8125,-7.9375,-6.625,-14.5625,3.59375,3.7165278682002314,3.978809497974537,100.34625244140625,107.4278564453125,27,27,0.2622816297743058,-3.7165278682002314,-3.978809497974537,0.2622816297743058,[5777],[753],[8489],[4767],[8489],[4767],"[""Ġslightly""]","[""Ġsaid""]","[""Ġsomewhat""]","[""Ġstated""]","[""Ġsomewhat""]","[""Ġstated""]"
1029,swords,"The partners said they already hold 15% of all shares outstanding.  

Dunkin' has set Nov. 10 as the deadline for the receipt of any competing bids.","The partners stated they already hold 15% of all shares outstanding.  

Dunkin' has name Nov. 10 as the deadline for the receipt of any competing bids.",set,name,82,85,said,stated,13,17,-7.78125,-4.625,-12.40625,-11.875,-6.6875,-18.5625,6.15625,-12.0625,-6.625,-18.6875,6.28125,3.634291294642857,4.337220982142857,127.2001953125,151.802734375,35,35,0.7029296875000002,-3.634291294642857,-4.337220982142857,0.7029296875000002,[873],[753],[1416],[4767],[1416],[4767],"[""Ġset""]","[""Ġsaid""]","[""Ġname""]","[""Ġstated""]","[""Ġname""]","[""Ġstated""]"
1030,swords,"He may be more famous than you."" 
                 ""Imagine that."" I remembered an article in The Medusa and a photo of a work in
                    which 100-peso notes fell like confetti onto a small Undersider, sexlessly young
                    in grimy, oversized clothing.","He may be more renowned than you."" 
                 ""Picture that."" I remembered an article in The Medusa and a photo of a work in
                    which 100-peso notes fell like confetti onto a small Undersider, sexlessly young
                    in grimy, oversized clothing.",Imagine,Picture,52,59,famous,renowned,15,21,-8.625,-3.34375,-11.96875,-11.0625,-7.46875,-18.53125,6.5625,-11.5625,-7.46875,-19.03125,7.0625,4.629310417175293,4.7896173397699995,277.7586250305176,287.37704038619995,60,60,0.1603069225947067,-4.629310417175293,-4.7896173397699995,0.1603069225947067,[38989],[8530],[40701],[30101],[40701],[30101],"[""Imagine""]","[""Ġfamous""]","[""Picture""]","[""Ġrenowned""]","[""Picture""]","[""Ġrenowned""]"
1031,swords,"Then -- 
            
            
                 This is not easy. I stand up, I walk around, I pretend someone makes a vid about
                    a writer and I must enact every cliche.","Then -- 
            
            
                 This is not simple. I stand up, I walk around, I pretend somebody makes a vid about
                    a writer and I must enact every cliche.",easy,simple,64,68,someone,somebody,107,114,-6.28125,-7.90625,-14.1875,-7.53125,-9.375,-16.90625,2.71875,-7.53125,-9.3125,-16.84375,2.65625,4.5056089743589745,4.609324919871795,175.71875,179.763671875,39,39,0.10371594551282026,-4.5056089743589745,-4.609324919871795,0.10371594551282026,[3477],[3095],[2969],[11853],[2969],[11853],"[""Ġeasy""]","[""Ġsomeone""]","[""Ġsimple""]","[""Ġsomebody""]","[""Ġsimple""]","[""Ġsomebody""]"
1032,swords,"They say the cubes will outlast
                    planets and suns, that when the universe dies, the works of Malaquez and his
                    followers will be the last things seen in the final wink of God's eye. 
                 Yes, Self, I am also bothered that this observation ignores half-eaten cheese
                    sandwiches, incomplete insect collections, and locks of infants' hair, forgotten
                    in closets, basements, and warehouses. 
                 You see the inspiration for my latest play, ""Captured Moments.""","They say the blocks will outlast
                    planets and suns, that when the universe dies, the works of Malaquez and his
                    followers will be the last things seen in the final wink of God's eye. 
                 Yes, Self, I am also worry that this observation ignores half-eaten cheese
                    sandwiches, incomplete insect collections, and locks of infants' hair, forgotten
                    in closets, basements, and warehouses. 
                 You see the inspiration for my latest play, ""Captured Moments.""",bothered,worry,259,267,cubes,blocks,13,18,-9.25,-11.5,-20.75,-11.6875,-9.875,-21.5625,0.8125,-11.8125,-9.875,-21.6875,0.9375,3.718546014083059,3.7562824383116604,423.91424560546875,428.2161979675293,114,114,0.03773642422860135,-3.718546014083059,-3.7562824383116604,0.03773642422860135,[28860],[37072],[7664],[8336],[7664],[8336],"[""Ġbothered""]","[""Ġcubes""]","[""Ġworry""]","[""Ġblocks""]","[""Ġworry""]","[""Ġblocks""]"
1034,swords,"Pacific First Financial Corp. said shareholders approved its acquisition by Royal Trustco Ltd. of Toronto for $27 a share, or $212 million.  

The thrift holding company said it expects to obtain regulatory approval and complete the transaction by year-end.","Pacific First Financial Corp. stated shareholders support its acquisition by Royal Trustco Ltd. of Toronto for $27 a share, or $212 million.  

The thrift holding company said it expects to obtain regulatory approval and complete the transaction by year-end.",approved,support,48,56,said,stated,30,34,-1.375,-4.59375,-5.96875,-8.25,-7.9375,-16.1875,10.21875,-7.75,-7.65625,-15.40625,9.4375,2.7683915358323317,3.0626473060021033,143.95635986328125,159.25765991210938,52,52,0.29425577016977167,-2.7683915358323317,-3.0626473060021033,0.29425577016977167,[7012],[753],[1329],[4767],[1329],[4767],"[""Ġapproved""]","[""Ġsaid""]","[""Ġsupport""]","[""Ġstated""]","[""Ġsupport""]","[""Ġstated""]"
1035,swords,"And the tiniest chance of
                    all: she would blink as if I had just materialized in Emil's bedroom, and then
                    she would laugh and tell me that she was going to be immortal. 
                 As I put my hand on the impervious surface of Tasha's stopbox, I heard Malaquez
                    run for the door. 
                 It is strange to know that we can do acts of unrepayable kindness to those we
                    should hate.","And the tiniest chance of
                    all: she would wink as if I had just materialized in Emil's bedroom, and then
                    she would laugh and tell me that she was going to be immortal. 
                 As I put my hand on the impervious surface of Tasha's stopbox, I heard Malaquez
                    race for the door. 
                 It is strange to know that we can do acts of unrepayable kindness to those we
                    should hate.",run,race,326,329,blink,wink,61,66,-8.375,-9.25,-17.625,-10.625,-9.375,-20.0,2.375,-10.5625,-9.375,-19.9375,2.3125,3.585503455435876,3.5945112776048114,362.13584899902344,363.04563903808594,101,101,0.009007822168935586,-3.585503455435876,-3.5945112776048114,0.009007822168935586,[6321],[25924],[27679],[42790],[27679],[42790],"[""run""]","[""Ġblink""]","[""race""]","[""Ġwink""]","[""race""]","[""Ġwink""]"
1036,swords,"I have disguised us in the play, and deleted one brief melodramatic
                    interchange. Now I will mention it, in case I/You decide to restore it. Shortly
                    before she left, Tasha said, ""You steal from life for art, Bernardo.","I have masked us in the play, and deleted one brief melodramatic
                    interchange. Now I will disclose it, in case I/You decide to restore it. Shortly
                    before she left, Tasha said, ""You steal from life for art, Bernardo.",mention,disclose,112,119,disguised,masked,7,16,-6.53125,-14.0625,-20.59375,-6.75,-12.6875,-19.4375,-1.15625,-7.6875,-12.6875,-20.375,-0.21875,4.355199353448276,4.416090340449892,252.6015625,256.13323974609375,58,58,0.060890987001616104,-4.355199353448276,-4.416090340449892,0.060890987001616104,[3748],[49932],[17611],[34741],[17611],[34741],"[""Ġmention""]","[""Ġdisguised""]","[""Ġdisclose""]","[""Ġmasked""]","[""Ġdisclose""]","[""Ġmasked""]"
1037,swords,"""He's not that ugly. I think they're his natural features."" 
                 ""Interesting.""","""He's not that ugly. I believe they're his real features."" 
                 ""Interesting.""",natural,real,41,48,think,believe,23,28,-5.46875,-2.15625,-7.625,-3.890625,-6.0625,-9.953125,2.328125,-3.4375,-6.09375,-9.53125,1.90625,4.26031494140625,4.438916015625,85.206298828125,88.7783203125,20,20,0.17860107421874982,-4.26031494140625,-4.438916015625,0.17860107421874982,[3626],[1158],[1524],[2868],[1524],[2868],"[""Ġnatural""]","[""Ġthink""]","[""Ġreal""]","[""Ġbelieve""]","[""Ġreal""]","[""Ġbelieve""]"
1038,swords,"The struggle against the drug lords in Colombia will be a near thing.
This week, the government arrested Jose Abello Silva, said to be the fourth-ranking cartel leader.
He will probably be extradited to the U.S. for trial under an extradition treaty President Virgilia Barco has revived.","The struggle against the drug masters in Colombia will be a near thing.
This week, the government capture Jose Abello Silva, said to be the fourth-ranking cartel leader.
He will probably be extradited to the U.S. for trial under an extradition treaty President Virgilia Barco has revived.",arrested,capture,96,104,lords,masters,30,35,-4.5625,-3.390625,-7.953125,-13.375,-10.9375,-24.3125,16.359375,-13.625,-10.9375,-24.5625,16.609375,3.0586773212139424,3.4884730412409857,198.81402587890625,226.75074768066406,65,65,0.42979572002704325,-3.0586773212139424,-3.4884730412409857,0.42979572002704325,[9833],[49117],[9232],[26616],[9232],[26616],"[""Ġarrested""]","[""Ġlords""]","[""Ġcapture""]","[""Ġmasters""]","[""Ġcapture""]","[""Ġmasters""]"
1039,swords,"The slaughter in Colombia was very much on the minds of 450 editors and publishers from Latin America, the United States, the Caribbean and Canada attending the 45th general assembly of the Inter-American Press Association in Monterrey, Mexico, this week.
On Tuesday the conference got word of another atrocity, the assassination in Medellin of two employees of El Espectador, Colombia's second-largest newspaper.
The paper's local administrator, Maria Luz Lopez, was shot dead, and her mother wounded, while her car was stopped for a red light.","The slaughter in Colombia was really much on the minds of 450 editors and publishers from Latin America, the United States, the Caribbean and Canada attending the 45th general assembly of the Inter-American Press Association in Monterrey, Mexico, this week.
On Tuesday the conference got word of another atrocity, the assassination in Medellin of two employees of El Espectador, Colombia's second-largest press.
The paper's local administrator, Maria Luz Lopez, was shot dead, and her mother wounded, while her car was stopped for a red light.",newspaper,press,403,412,very,really,30,34,-0.70703125,-4.90625,-5.61328125,-7.90625,-6.28125,-14.1875,8.57421875,-7.96875,-6.34375,-14.3125,8.69921875,2.565475530791701,2.744470629775733,292.4642105102539,312.8696517944336,114,114,0.1789950989840321,-2.565475530791701,-2.744470629775733,0.1789950989840321,[11547],[1077],[2315],[1663],[2315],[1663],"[""Ġnewspaper""]","[""Ġvery""]","[""Ġpress""]","[""Ġreally""]","[""Ġpress""]","[""Ġreally""]"
1040,swords,"Montedison currently owns about 72% of Erbamont's common shares outstanding.  

The offer is being launched pursuant to a previously announced agreement between the companies.","Montedison presently owns about 72% of Erbamont's common shares outstanding.  

The offer is being launched pursuant to a previously announced agreement between the corporation.",companies,corporation,165,174,currently,presently,11,20,-2.78125,-8.3125,-11.09375,-7.96875,-11.0625,-19.03125,7.9375,-7.875,-11.0625,-18.9375,7.84375,3.6542061941964286,3.9523420061383927,127.897216796875,138.33197021484375,35,35,0.29813581194196415,-3.6542061941964286,-3.9523420061383927,0.29813581194196415,[4413],[4390],[13739],[21654],[13739],[21654],"[""Ġcompanies""]","[""Ġcurrently""]","[""Ġcorporation""]","[""Ġpresently""]","[""Ġcorporation""]","[""Ġpresently""]"
1041,swords,"And then, because a
                    playwright cannot resist a promising line, I said, ""Your Sleeping Flamingo
                    should be put to sleep."" 
                 To say her face fell would do a disservice to Tasha and to literature. (Allow me
                    my self-indulgences as you would those of a dying man -- when I convince my
                    mindsmith to permit the wipe, there will be another Bernardo Flynn, one who
                    knows no more of Tasha Cortez or Vega IV than he reads here.)","And then, because a
                    playwright cannot resist a promising line, I stated, ""Your Sleeping Flamingo
                    should be put to sleep."" 
                 To assert her face fell would do a disservice to Tasha and to literature. (Allow me
                    my self-indulgences as you would those of a dying man -- when I convince my
                    mindsmith to permit the wipe, there will be another Bernardo Flynn, one who
                    knows no more of Tasha Cortez or Vega IV than he reads here.)",say,assert,181,184,said,stated,85,89,-4.375,-4.0625,-8.4375,-10.125,-9.6875,-19.8125,11.375,-9.875,-9.6875,-19.5625,11.125,4.062173594599185,4.234265667459239,467.14996337890625,486.9405517578125,115,115,0.17209207286005412,-4.062173594599185,-4.234265667459239,0.17209207286005412,[1333],[753],[4138],[4767],[4138],[4767],"[""Ġsay""]","[""Ġsaid""]","[""Ġassert""]","[""Ġstated""]","[""Ġassert""]","[""Ġstated""]"
1042,swords,"Tasha said she woke up one morning
                    convinced that if she spent another day studying vegetables, she would become
                    one. 
                 She did not like my plays. I had impressed her because I was famous and amusing
                    and not, as I had hoped, because I was a great artist.","Tasha stated she woke up one morning
                    convinced that if she spent another day studying vegetables, she would become
                    one. 
                 She did not like my performance. I had impressed her because I was famous and amusing
                    and not, as I had hoped, because I was a great artist.",plays,performance,196,201,said,stated,6,10,-11.4375,-5.53125,-16.96875,-8.5,-8.0,-16.5,-0.46875,-8.375,-7.96875,-16.34375,-0.625,3.4764251708984375,3.5629372596740723,222.4912109375,228.02798461914062,64,64,0.08651208877563477,-3.4764251708984375,-3.5629372596740723,0.08651208877563477,[7120],[753],[3045],[4767],[3045],[4767],"[""Ġplays""]","[""Ġsaid""]","[""Ġperformance""]","[""Ġstated""]","[""Ġperformance""]","[""Ġstated""]"
1043,swords,"My last show --"" 
                 "" --was glorious!"" Tasha said.","My last display --"" 
                 "" --was delightful!"" Tasha said.",glorious,delightful,43,51,show,display,8,12,-9.75,-6.15625,-15.90625,-10.375,-10.375,-20.75,4.84375,-11.8125,-10.375,-22.1875,6.28125,6.065104166666667,6.888020833333333,90.9765625,103.3203125,15,15,0.8229166666666661,-6.065104166666667,-6.888020833333333,0.8229166666666661,[28548],[921],[34668],[3148],[34668],[3148],"[""Ġglorious""]","[""Ġshow""]","[""Ġdelightful""]","[""Ġdisplay""]","[""Ġdelightful""]","[""Ġdisplay""]"
1045,swords,"Mr. Ackerman already is seeking to oust Mr. Edelman as chairman of Datapoint Corp., an Intelogic affiliate.  

The action followed by one day an Intelogic announcement that it will retain an investment banker to explore alternatives ""to maximize shareholder value,"" including the possible sale of the company.  

In New York Stock Exchange composite trading yesterday, Intelogic shares rose 37.5 cents to close at $2.75.","Mr. Ackerman already is trying to oust Mr. Edelman as chairman of Datapoint Corp., an Intelogic affiliate.  

The action followed by one day an Intelogic announcement that it will maintain an investment banker to explore alternatives ""to maximize shareholder value,"" including the possible sale of the company.  

In New York Stock Exchange composite trading yesterday, Intelogic shares rose 37.5 cents to close at $2.75.",retain,maintain,181,187,seeking,trying,24,31,-7.0,-5.78125,-12.78125,-8.3125,-5.15625,-13.46875,0.6875,-8.25,-5.21875,-13.46875,0.6875,2.745945980674342,2.8145401804070724,260.8648681640625,267.3813171386719,95,95,0.0685941997327304,-2.745945980674342,-2.8145401804070724,0.0685941997327304,[13280],[8445],[6558],[2820],[6558],[2820],"[""Ġretain""]","[""Ġseeking""]","[""Ġmaintain""]","[""Ġtrying""]","[""Ġmaintain""]","[""Ġtrying""]"
